Program started: 11/08/2025  15:40
{
  "Program started":true,
  "start time":"2025-08-11T13:40:52.401Z",
  "status":"11/08/2025 15:37:23 : Front Panel Open\r",
  "Instruments, X":{
    "4071 Hi":9,
    "4071 Lo":10,
    "4071 sense_Hi":11,
    "4071 sense_Lo -":12,
    "I+, AC":13,
    "I-, AC":14,
    "LIA +":15,
    "LIA -":16
  },
  "Sample, Y":{"I+":12,"I-":9,"V+":3,"V-":6},
  "Bridge, X":{"A":1,"B":2,"C":3,"D":4},
  "exp":{
    "Sample":"text new config WB",
    "Wire width /mm":0.1,
    "V distance /mm":4,
    "Sample thick /mm":3,
    "Measurements":32,
    "Max Voltage /V":1,
    "start freq /Hz":180,
    "end freq /Hz":1.2,
    "frequencies":24,
    "F Scaling":true,
    "LIA, A":2,
    "LIA, B":2,
    "LIA, C":2,
    "TCR /K-1":0.003,
    "alpha mm2/sec":1,
    "LIA range V3":"Auto",
    "Currents /mA":[1,3,5,6,7]
  },
  "Temp in progress":false,
  "Tctrl":{
    "T control":"Auto, PID",
    "start T /K":9.5,
    "end T /K":295,
    "step /K ":5,
    "add points":false,
    "clear":false,
    "next index":0,
    "set T":9.5,
    "Heater":"High",
    "P":50,
    "I":20,
    "D":0,
    "stability, eps T /K":0.05,
    "deviation, dT /K":0.06,
    "points to average":120,
    "min time /sec":60,
    "max time /sec":1200,
    "time /sec":0,
    "last eps T":0,
    "last temp /K":0,
    "last dT":0,
    "heater (% of scale)":0,
    "temp stable":false,
    "Setpoint graph ":[9.5,14.5,19.5,24.5,29.5,34.5,39.5,44.5,49.5,54.5,59.5,64.5,69.5,74.5,79.5,84.5,89.5,94.5,99.5,104.5,109.5,114.5,119.5,124.5,129.5,134.5,139.5,144.5,149.5,154.5,159.5,164.5,169.5,174.5,179.5,184.5,189.5,194.5,199.5,204.5,209.5,214.5,219.5,224.5,229.5,234.5,239.5,244.5,249.5,254.5,259.5,264.5,269.5,274.5,279.5,284.5,289.5,294.5],
    "Status graph":[]
  },
  "devices":{
    "Controller":"Lakeshore 335",
    "33x address":"335",
    "Source type":"Keithley 6221",
    "Source address":"6221",
    "phase":0,
    "marker line":3,
    "Lock-in type":"MFLI",
    "7230 Visa":"7230_usb",
    "MFLI address":"DEV7004",
    "Use Wheatstone":true,
    "QR 10 address":"QR10",
    "R1 /Ohm":4908,
    "R2 /Ohm":49.09,
    "SP /Ohm":0,
    "PV /Ohm":0,
    "niDMM":"niDMM",
    "matrix ":"matrix",
    "33x_init?":false,
    "source_init?":false,
    "LIA_init?":false,
    "QR_init?":false,
    "dmm_init?":true,
    "matrix_init?":true
  },
  "last stable T time":"1904-01-01T00:00:00.000Z",
  "freq_index":0,
  "current _index":0,
  "freq_array":[180,144.76376,116.42525,93.6342,75.30466,60.56325,48.70758,39.17273,31.5044,25.3372,20.37726,16.38827,13.18016,10.60005,8.52502,6.85619,5.51404,4.43463,3.56652,2.86835,2.30685,1.85527,1.49209,1.2],
  "actual_current pk /mA":0,
  "compliance ?":false,
  "actual_frequency":0,
  "ref_lock_OK?":false,
  "last_measure_V3":[],
  "data_array":[],
  "measure in progress":false,
  "min f /Hz":0.221048532072077,
  "max f /Hz ":1.27323954473516,
  "min ln (2w)":1.02165124753198,
  "max ln (2w)":2.77258872223978,
  "time_fit /sec":[],
  "fitted k":[],
  "esd k":[],
  "temp at end of fit":[],
  "last_R0 /Ohms":[],
  "Overload ?":false,
  "stop ?":false,
  "matrix state":[],
  "wait_slider":0,
  "freq_slider":0,
  "curr_slider":0,
  "lock_slider":0,
  "time LIA start":"1904-01-01T00:00:00.000Z",
  "LIA wait /sec":0,
  "last_R2wire":[]
}

*** Temperature stable /K : 9.738000000E+0
--- > R0 : 4.529924E+1	4.530177E+1	4.530434E+1	4.530590E+1	4.530520E+1	4.529907E+1	4.529983E+1	4.530075E+1	4.530405E+1	4.530597E+1	4.530610E+1	4.529974E+1	
time /sec  	temp /K    	current /mA	freq /Hz   	R0 /Ohms   	esd R0     	V3X /V_rms 	esd V3X    	V3Y /V_rms 	esd V3Y    	Data_Valid?
4.603098E+1	9.753000E+0	9.906113E-1	1.800000E+2	4.530266E+1	2.859958E-3	-4.541529E-9	1.579870E-7	2.581498E-8	1.500459E-7	1.000000E+0	
5.023256E+1	9.733000E+0	2.971834E+0	1.800000E+2	4.530266E+1	2.859958E-3	-2.537978E-7	1.598248E-7	1.635445E-7	1.619521E-7	1.000000E+0	
5.444394E+1	9.738000E+0	4.953056E+0	1.800000E+2	4.530266E+1	2.859958E-3	-1.589204E-6	1.496228E-7	8.184084E-7	1.662808E-7	1.000000E+0	
5.863247E+1	9.729000E+0	5.943667E+0	1.800000E+2	4.530266E+1	2.859958E-3	-3.076543E-6	1.509938E-7	1.674730E-6	1.514061E-7	1.000000E+0	
6.284296E+1	9.744000E+0	6.934279E+0	1.800000E+2	4.530266E+1	2.859958E-3	-5.432598E-6	1.506376E-7	3.044822E-6	1.535605E-7	1.000000E+0	
7.007082E+1	9.723000E+0	9.906113E-1	1.447638E+2	4.530266E+1	2.859958E-3	1.516207E-8	3.310733E-8	3.905384E-8	4.392695E-8	1.000000E+0	
7.432265E+1	9.715000E+0	2.971834E+0	1.447638E+2	4.530266E+1	2.859958E-3	-3.426551E-7	4.791830E-8	1.788473E-7	2.869069E-8	1.000000E+0	
7.858404E+1	9.738000E+0	4.953056E+0	1.447638E+2	4.530266E+1	2.859958E-3	-1.797156E-6	4.433646E-8	8.474598E-7	2.666662E-8	1.000000E+0	
8.285627E+1	9.760000E+0	5.943667E+0	1.447638E+2	4.530266E+1	2.859958E-3	-3.420531E-6	2.583783E-8	1.722198E-6	1.838149E-8	1.000000E+0	
8.711974E+1	9.751000E+0	6.934279E+0	1.447638E+2	4.530266E+1	2.859958E-3	-6.039057E-6	2.859435E-8	3.037417E-6	2.755401E-8	1.000000E+0	
9.443495E+1	9.749000E+0	9.906113E-1	1.164252E+2	4.530266E+1	2.859958E-3	-3.977768E-7	1.575455E-7	1.930159E-7	2.871313E-7	1.000000E+0	
9.879771E+1	9.749000E+0	2.971834E+0	1.164252E+2	4.530266E+1	2.859958E-3	4.144600E-8	1.400718E-7	2.432076E-7	3.060154E-7	1.000000E+0	
1.031906E+2	9.739000E+0	4.953056E+0	1.164252E+2	4.530266E+1	2.859958E-3	-1.975306E-6	3.381920E-7	4.737791E-7	1.172265E-7	1.000000E+0	
1.075429E+2	9.750000E+0	5.943667E+0	1.164252E+2	4.530266E+1	2.859958E-3	-3.996398E-6	2.828997E-7	1.977018E-6	2.249006E-7	1.000000E+0	
1.118852E+2	9.777000E+0	6.934279E+0	1.164252E+2	4.530266E+1	2.859958E-3	-6.127642E-6	1.163890E-7	2.989810E-6	3.666775E-7	1.000000E+0	
1.193372E+2	9.787000E+0	9.906113E-1	9.363420E+1	4.530266E+1	2.859958E-3	5.656007E-9	2.658982E-8	2.920530E-8	1.838944E-8	1.000000E+0	
1.238003E+2	9.768000E+0	2.971834E+0	9.363420E+1	4.530266E+1	2.859958E-3	-4.106967E-7	1.716871E-8	1.550613E-7	2.043299E-8	1.000000E+0	
1.282756E+2	9.742000E+0	4.953056E+0	9.363420E+1	4.530266E+1	2.859958E-3	-2.066570E-6	3.238554E-8	7.825547E-7	1.917426E-8	1.000000E+0	
1.327699E+2	9.760000E+0	5.943667E+0	9.363420E+1	4.530266E+1	2.859958E-3	-3.983248E-6	2.755979E-8	1.634207E-6	2.594587E-8	1.000000E+0	
1.372530E+2	9.725000E+0	6.934279E+0	9.363420E+1	4.530266E+1	2.859958E-3	-7.007957E-6	2.860438E-8	2.951782E-6	3.118373E-8	1.000000E+0	
1.447932E+2	9.754000E+0	9.906113E-1	7.530466E+1	4.530266E+1	2.859958E-3	-3.224379E-8	2.713225E-8	2.815263E-8	1.230014E-8	1.000000E+0	
1.493491E+2	9.749000E+0	2.971834E+0	7.530466E+1	4.530266E+1	2.859958E-3	-3.710787E-7	1.934891E-8	1.318455E-7	3.004617E-8	1.000000E+0	
1.539128E+2	9.745000E+0	4.953056E+0	7.530466E+1	4.530266E+1	2.859958E-3	-2.186575E-6	4.224234E-8	7.795950E-7	4.138797E-8	1.000000E+0	
1.584381E+2	9.740000E+0	5.943667E+0	7.530466E+1	4.530266E+1	2.859958E-3	-4.227934E-6	1.577182E-8	1.596167E-6	2.052354E-8	1.000000E+0	
1.630038E+2	9.736000E+0	6.934279E+0	7.530466E+1	4.530266E+1	2.859958E-3	-7.435803E-6	1.648281E-8	2.867767E-6	1.992548E-8	1.000000E+0	
1.707866E+2	9.731000E+0	9.906113E-1	6.056325E+1	4.530266E+1	2.859958E-3	-3.847686E-8	2.527839E-8	2.954724E-8	1.696881E-8	1.000000E+0	
1.755466E+2	9.709000E+0	2.971834E+0	6.056325E+1	4.530266E+1	2.859958E-3	-4.100316E-7	3.226534E-8	1.564650E-7	1.701152E-8	1.000000E+0	
1.803338E+2	9.739000E+0	4.953056E+0	6.056325E+1	4.530266E+1	2.859958E-3	-2.277458E-6	1.065581E-8	7.509088E-7	3.156614E-8	1.000000E+0	
1.850995E+2	9.737000E+0	5.943667E+0	6.056325E+1	4.530266E+1	2.859958E-3	-4.436733E-6	2.047875E-8	1.534632E-6	3.556883E-8	1.000000E+0	
1.898687E+2	9.735000E+0	6.934279E+0	6.056325E+1	4.530266E+1	2.859958E-3	-7.830527E-6	2.226604E-8	2.764139E-6	2.714235E-8	1.000000E+0	
1.978030E+2	9.720000E+0	9.906113E-1	4.870758E+1	4.530266E+1	2.859958E-3	-1.078696E-8	4.866877E-8	1.579740E-8	4.349403E-8	1.000000E+0	
2.027636E+2	9.718000E+0	2.971834E+0	4.870758E+1	4.530266E+1	2.859958E-3	-4.151956E-7	6.522196E-8	1.237535E-7	4.944646E-8	1.000000E+0	
2.077453E+2	9.716000E+0	4.953056E+0	4.870758E+1	4.530266E+1	2.859958E-3	-2.400156E-6	5.234472E-8	7.136912E-7	4.582536E-8	1.000000E+0	
2.127142E+2	9.729000E+0	5.943667E+0	4.870758E+1	4.530266E+1	2.859958E-3	-4.650110E-6	6.396415E-8	1.462886E-6	4.680186E-8	1.000000E+0	
2.176946E+2	9.726000E+0	6.934279E+0	4.870758E+1	4.530266E+1	2.859958E-3	-8.290493E-6	4.980594E-8	2.657834E-6	4.617861E-8	1.000000E+0	
2.277366E+2	9.783000E+0	9.906113E-1	3.917273E+1	4.530266E+1	2.859958E-3	-1.384474E-8	1.376420E-8	2.760516E-8	1.965879E-8	1.000000E+0	
2.348624E+2	9.767000E+0	2.971834E+0	3.917273E+1	4.530266E+1	2.859958E-3	-4.434071E-7	1.709384E-8	1.034226E-7	2.777433E-8	1.000000E+0	
2.420187E+2	9.766000E+0	4.953056E+0	3.917273E+1	4.530266E+1	2.859958E-3	-2.494179E-6	1.965852E-8	6.959623E-7	1.408694E-8	1.000000E+0	
2.492358E+2	9.808000E+0	5.943667E+0	3.917273E+1	4.530266E+1	2.859958E-3	-4.889615E-6	2.401001E-8	1.395843E-6	2.089005E-8	1.000000E+0	
2.563621E+2	9.777000E+0	6.934279E+0	3.917273E+1	4.530266E+1	2.859958E-3	-8.765491E-6	4.188988E-8	2.563778E-6	3.970224E-8	1.000000E+0	
2.667771E+2	9.811000E+0	9.906113E-1	3.150440E+1	4.530266E+1	2.859958E-3	-1.924251E-8	2.801778E-8	6.012825E-9	3.122320E-8	1.000000E+0	
2.742382E+2	9.784000E+0	2.971834E+0	3.150440E+1	4.530266E+1	2.859958E-3	-4.700507E-7	2.702380E-8	1.161986E-7	2.403312E-8	1.000000E+0	
2.816872E+2	9.807000E+0	4.953056E+0	3.150440E+1	4.530266E+1	2.859958E-3	-2.606522E-6	2.605549E-8	6.520760E-7	2.107240E-8	1.000000E+0	
2.891187E+2	9.795000E+0	5.943667E+0	3.150440E+1	4.530266E+1	2.859958E-3	-5.129073E-6	1.773237E-8	1.317047E-6	2.959543E-8	1.000000E+0	
2.965472E+2	9.821000E+0	6.934279E+0	3.150440E+1	4.530266E+1	2.859958E-3	-9.155749E-6	3.377305E-8	2.487655E-6	3.544528E-8	1.000000E+0	
3.073381E+2	9.834000E+0	9.906113E-1	2.533720E+1	4.530266E+1	2.859958E-3	-6.576217E-8	4.081996E-8	5.159428E-8	2.224899E-8	1.000000E+0	
3.151635E+2	9.781000E+0	2.971834E+0	2.533720E+1	4.530266E+1	2.859958E-3	-4.362453E-7	1.472251E-8	1.621448E-7	3.990365E-8	1.000000E+0	
3.229681E+2	9.808000E+0	4.953056E+0	2.533720E+1	4.530266E+1	2.859958E-3	-2.652213E-6	4.074896E-8	6.712792E-7	3.722532E-8	1.000000E+0	
3.307305E+2	9.819000E+0	5.943667E+0	2.533720E+1	4.530266E+1	2.859958E-3	-5.341190E-6	5.760205E-8	1.311398E-6	3.825808E-8	1.000000E+0	
3.385453E+2	9.815000E+0	6.934279E+0	2.533720E+1	4.530266E+1	2.859958E-3	-9.509005E-6	6.000862E-8	2.394120E-6	1.526885E-8	1.000000E+0	
3.498717E+2	9.786000E+0	9.906113E-1	2.037726E+1	4.530266E+1	2.859958E-3	-1.791406E-8	2.460109E-8	1.030213E-8	1.830216E-8	1.000000E+0	
3.582626E+2	9.791000E+0	2.971834E+0	2.037726E+1	4.530266E+1	2.859958E-3	-5.093759E-7	1.310993E-8	1.087813E-7	1.456373E-8	1.000000E+0	
3.665534E+2	9.804000E+0	4.953056E+0	2.037726E+1	4.530266E+1	2.859958E-3	-2.760476E-6	1.835742E-8	5.926591E-7	2.062966E-8	1.000000E+0	
3.748137E+2	9.807000E+0	5.943667E+0	2.037726E+1	4.530266E+1	2.859958E-3	-5.486144E-6	3.097091E-8	1.215186E-6	1.418729E-8	1.000000E+0	
3.831035E+2	9.808000E+0	6.934279E+0	2.037726E+1	4.530266E+1	2.859958E-3	-9.831909E-6	3.132316E-8	2.216973E-6	4.625170E-8	1.000000E+0	
3.949567E+2	9.824000E+0	9.906113E-1	1.638827E+1	4.530266E+1	2.859958E-3	1.076814E-7	1.510026E-6	-1.382406E-7	1.544368E-6	1.000000E+0	
4.038342E+2	9.815000E+0	2.971834E+0	1.638827E+1	4.530266E+1	2.859958E-3	-4.474819E-7	1.492357E-6	1.162363E-7	1.536667E-6	1.000000E+0	
4.127509E+2	9.847000E+0	4.953056E+0	1.638827E+1	4.530266E+1	2.859958E-3	-2.904789E-6	1.567081E-6	4.999616E-7	1.553904E-6	1.000000E+0	
4.216602E+2	9.820000E+0	5.943667E+0	1.638827E+1	4.530266E+1	2.859958E-3	-5.663294E-6	1.534221E-6	1.002711E-6	1.567559E-6	1.000000E+0	
4.305666E+2	9.792000E+0	6.934279E+0	1.638827E+1	4.530266E+1	2.859958E-3	-1.007557E-5	1.476106E-6	2.149218E-6	1.497883E-6	1.000000E+0	
4.432298E+2	9.783000E+0	9.906113E-1	1.318016E+1	4.530266E+1	2.859958E-3	-1.336259E-8	2.860126E-8	-7.593980E-9	2.483368E-8	1.000000E+0	
4.529063E+2	9.792000E+0	2.971834E+0	1.318016E+1	4.530266E+1	2.859958E-3	-5.401250E-7	8.846088E-9	8.102658E-8	2.757904E-8	1.000000E+0	
4.625419E+2	9.756000E+0	4.953056E+0	1.318016E+1	4.530266E+1	2.859958E-3	-2.924705E-6	1.875273E-8	5.477955E-7	2.219897E-8	1.000000E+0	
4.722097E+2	9.793000E+0	5.943667E+0	1.318016E+1	4.530266E+1	2.859958E-3	-5.848341E-6	8.254164E-9	1.126638E-6	1.831830E-8	1.000000E+0	
4.818266E+2	9.805000E+0	6.934279E+0	1.318016E+1	4.530266E+1	2.859958E-3	-1.046126E-5	4.692860E-8	2.033333E-6	2.701955E-8	1.000000E+0	
4.953787E+2	9.784000E+0	9.906113E-1	1.060005E+1	4.530266E+1	2.859958E-3	-4.529200E-8	3.155986E-8	7.396085E-9	1.036425E-8	1.000000E+0	
5.059274E+2	9.757000E+0	2.971834E+0	1.060005E+1	4.530266E+1	2.859958E-3	-5.988561E-7	3.089106E-8	7.204315E-8	1.463850E-8	1.000000E+0	
5.165054E+2	9.745000E+0	4.953056E+0	1.060005E+1	4.530266E+1	2.859958E-3	-2.985574E-6	1.754326E-8	5.567453E-7	1.456476E-8	1.000000E+0	
5.270834E+2	9.749000E+0	5.943667E+0	1.060005E+1	4.530266E+1	2.859958E-3	-5.999852E-6	3.576226E-8	1.076747E-6	1.758007E-8	1.000000E+0	
5.376397E+2	9.740000E+0	6.934279E+0	1.060005E+1	4.530266E+1	2.859958E-3	-1.076145E-5	3.430839E-8	1.933815E-6	1.978058E-8	1.000000E+0	
5.523375E+2	9.743000E+0	9.906113E-1	8.525020E+0	4.530266E+1	2.859958E-3	9.527796E-8	8.298225E-8	-2.778676E-8	1.515939E-7	1.000000E+0	
5.640903E+2	9.703000E+0	2.971834E+0	8.525020E+0	4.530266E+1	2.859958E-3	-6.202151E-7	1.361462E-7	-8.646364E-8	9.743135E-8	1.000000E+0	
5.758820E+2	9.714000E+0	4.953056E+0	8.525020E+0	4.530266E+1	2.859958E-3	-3.265799E-6	1.442039E-7	4.373793E-7	1.496687E-7	1.000000E+0	
5.875951E+2	9.694000E+0	5.943667E+0	8.525020E+0	4.530266E+1	2.859958E-3	-6.252234E-6	8.358708E-8	1.108621E-6	1.298174E-7	1.000000E+0	
5.993156E+2	9.708000E+0	6.934279E+0	8.525020E+0	4.530266E+1	2.859958E-3	-1.105174E-5	1.500596E-7	2.048609E-6	7.113621E-8	1.000000E+0	
6.158853E+2	9.678000E+0	9.906113E-1	6.856190E+0	4.530266E+1	2.859958E-3	-1.594575E-8	1.667332E-8	2.377509E-8	1.353396E-8	1.000000E+0	
6.291062E+2	9.705000E+0	2.971834E+0	6.856190E+0	4.530266E+1	2.859958E-3	-5.240640E-7	7.297081E-9	6.185760E-8	1.045924E-8	1.000000E+0	
6.423153E+2	9.701000E+0	4.953056E+0	6.856190E+0	4.530266E+1	2.859958E-3	-3.109890E-6	2.191902E-8	5.170020E-7	1.127326E-8	1.000000E+0	
6.555751E+2	9.676000E+0	5.943667E+0	6.856190E+0	4.530266E+1	2.859958E-3	-6.256236E-6	2.022146E-8	1.012702E-6	2.585300E-8	1.000000E+0	
6.688062E+2	9.671000E+0	6.934279E+0	6.856190E+0	4.530266E+1	2.859958E-3	-1.129672E-5	3.991521E-8	1.838395E-6	6.442388E-9	1.000000E+0	
6.872680E+2	9.669000E+0	9.906113E-1	5.514040E+0	4.530266E+1	2.859958E-3	-4.732133E-8	1.363232E-8	-6.885059E-11	2.748766E-9	1.000000E+0	
7.022701E+2	9.646000E+0	2.971834E+0	5.514040E+0	4.530266E+1	2.859958E-3	-5.429439E-7	2.381464E-8	7.959669E-8	5.337248E-9	1.000000E+0	
7.172409E+2	9.637000E+0	4.953056E+0	5.514040E+0	4.530266E+1	2.859958E-3	-3.159200E-6	1.674292E-8	4.499828E-7	2.054258E-8	1.000000E+0	
7.321915E+2	9.641000E+0	5.943667E+0	5.514040E+0	4.530266E+1	2.859958E-3	-6.399120E-6	1.751638E-8	9.780822E-7	2.914554E-9	1.000000E+0	
7.471407E+2	9.636000E+0	6.934279E+0	5.514040E+0	4.530266E+1	2.859958E-3	-1.155691E-5	2.014196E-8	1.784086E-6	5.052641E-9	1.000000E+0	
7.683264E+2	9.616000E+0	9.906113E-1	4.434630E+0	4.530266E+1	2.859958E-3	5.719585E-9	1.702620E-8	6.722266E-8	4.869488E-8	1.000000E+0	
7.855145E+2	9.633000E+0	2.971834E+0	4.434630E+0	4.530266E+1	2.859958E-3	-5.934008E-7	5.369471E-9	6.658320E-8	8.558192E-9	1.000000E+0	
8.026836E+2	9.622000E+0	4.953056E+0	4.434630E+0	4.530266E+1	2.859958E-3	-3.253298E-6	1.111482E-8	4.579938E-7	6.682660E-9	1.000000E+0	
8.198897E+2	9.607000E+0	5.943667E+0	4.434630E+0	4.530266E+1	2.859958E-3	-6.544289E-6	1.250796E-8	9.548387E-7	1.116348E-8	1.000000E+0	
8.370898E+2	9.593000E+0	6.934279E+0	4.434630E+0	4.530266E+1	2.859958E-3	-1.178627E-5	3.649475E-8	1.666528E-6	6.069613E-9	1.000000E+0	
8.633969E+2	9.568000E+0	9.906113E-1	3.566520E+0	4.530266E+1	2.859958E-3	-6.578240E-9	2.980080E-9	-1.999487E-8	7.854021E-9	1.000000E+0	
8.833376E+2	9.575000E+0	2.971834E+0	3.566520E+0	4.530266E+1	2.859958E-3	-5.357317E-7	5.991662E-9	1.117107E-7	3.658128E-9	1.000000E+0	
9.033199E+2	9.581000E+0	4.953056E+0	3.566520E+0	4.530266E+1	2.859958E-3	-3.343313E-6	9.419444E-9	4.376884E-7	8.703503E-10	1.000000E+0	
9.232793E+2	9.619000E+0	5.943667E+0	3.566520E+0	4.530266E+1	2.859958E-3	-6.665787E-6	1.096488E-8	8.870356E-7	1.680886E-8	1.000000E+0	
9.432612E+2	9.672000E+0	6.934279E+0	3.566520E+0	4.530266E+1	2.859958E-3	-1.206288E-5	2.422906E-8	1.619018E-6	9.561087E-9	1.000000E+0	
9.738625E+2	9.577000E+0	9.906113E-1	2.868350E+0	4.530266E+1	2.859958E-3	-1.199630E-8	5.574974E-9	1.143863E-8	6.743043E-9	1.000000E+0	
9.973352E+2	9.566000E+0	2.971834E+0	2.868350E+0	4.530266E+1	2.859958E-3	-5.874045E-7	2.446644E-9	5.202045E-8	2.349128E-9	1.000000E+0	
1.020809E+3	9.533000E+0	4.953056E+0	2.868350E+0	4.530266E+1	2.859958E-3	-3.332783E-6	4.369209E-8	3.037268E-7	5.603149E-8	1.000000E+0	
1.044242E+3	9.499000E+0	5.943667E+0	2.868350E+0	4.530266E+1	2.859958E-3	-6.753499E-6	2.393488E-8	8.746120E-7	4.995963E-9	1.000000E+0	
1.067655E+3	9.480000E+0	6.934279E+0	2.868350E+0	4.530266E+1	2.859958E-3	-1.227759E-5	9.726635E-9	1.537682E-6	6.156694E-9	1.000000E+0	
1.103882E+3	9.438000E+0	9.906113E-1	2.306850E+0	4.530266E+1	2.859958E-3	-6.560059E-8	3.113879E-8	1.291369E-8	4.799064E-9	1.000000E+0	
1.131527E+3	9.422000E+0	2.971834E+0	2.306850E+0	4.530266E+1	2.859958E-3	-5.751755E-7	4.025673E-9	1.041640E-7	1.279423E-9	1.000000E+0	
1.137863E+3	9.418000E+0	4.953056E+0	2.306850E+0	4.530266E+1	2.859958E-3	-1.636454E-6	3.959094E-7	-1.516982E-6	3.151154E-7	1.000000E+0	
1.144231E+3	9.421000E+0	5.943667E+0	2.306850E+0	4.530266E+1	2.859958E-3	-5.467564E-6	6.533625E-7	6.040605E-7	3.427408E-7	1.000000E+0	
1.150577E+3	9.421000E+0	6.934279E+0	2.306850E+0	4.530266E+1	2.859958E-3	-6.397311E-6	2.746845E-7	4.505650E-7	1.178205E-7	1.000000E+0	
1.160000E+3	9.417000E+0	9.906113E-1	8.363312E+1	4.530266E+1	2.859958E-3	-3.308567E-8	3.095279E-7	-1.236962E-9	3.010625E-7	1.000000E+0	
1.166438E+3	9.417000E+0	2.971834E+0	8.363312E+1	4.530266E+1	2.859958E-3	-3.505128E-7	3.101430E-7	1.508540E-7	3.162184E-7	1.000000E+0	
1.172856E+3	9.416000E+0	4.953056E+0	8.363312E+1	4.530266E+1	2.859958E-3	-2.032539E-6	3.274827E-7	7.749151E-7	3.146526E-7	1.000000E+0	
1.179314E+3	9.410000E+0	5.943667E+0	8.363312E+1	4.530266E+1	2.859958E-3	-3.992152E-6	3.456352E-7	1.553663E-6	2.975881E-7	1.000000E+0	
1.185742E+3	9.415000E+0	6.934279E+0	8.363312E+1	4.530266E+1	2.859958E-3	-7.145056E-6	3.456666E-7	2.946075E-6	3.288834E-7	1.000000E+0	
1.195248E+3	9.414000E+0	9.906113E-1	7.103725E+1	4.530266E+1	2.859958E-3	-1.492444E-8	2.972966E-8	1.318190E-8	2.711508E-8	1.000000E+0	
1.201796E+3	9.413000E+0	2.971834E+0	7.103725E+1	4.530266E+1	2.859958E-3	-3.718990E-7	2.416593E-8	1.401149E-7	2.356725E-8	1.000000E+0	
1.208365E+3	9.415000E+0	4.953056E+0	7.103725E+1	4.530266E+1	2.859958E-3	-2.117028E-6	1.910202E-8	7.638189E-7	2.326616E-8	1.000000E+0	
1.214894E+3	9.414000E+0	5.943667E+0	7.103725E+1	4.530266E+1	2.859958E-3	-4.185015E-6	2.031201E-8	1.503061E-6	2.812613E-8	1.000000E+0	
1.221443E+3	9.420000E+0	6.934279E+0	7.103725E+1	4.530266E+1	2.859958E-3	-7.493973E-6	3.418514E-8	2.798929E-6	3.158206E-8	1.000000E+0	
1.231090E+3	9.410000E+0	9.906113E-1	6.033842E+1	4.530266E+1	2.859958E-3	-2.248725E-8	1.698053E-8	1.184324E-8	2.479050E-8	1.000000E+0	
1.237811E+3	9.417000E+0	2.971834E+0	6.033842E+1	4.530266E+1	2.859958E-3	-3.910529E-7	2.272347E-8	1.410241E-7	2.005982E-8	1.000000E+0	
1.244391E+3	9.415000E+0	4.953056E+0	6.033842E+1	4.530266E+1	2.859958E-3	-2.195264E-6	2.036768E-8	7.248735E-7	2.431963E-8	1.000000E+0	
1.251040E+3	9.422000E+0	5.943667E+0	6.033842E+1	4.530266E+1	2.859958E-3	-4.348237E-6	3.568651E-8	1.479206E-6	2.420002E-8	1.000000E+0	
1.257712E+3	9.424000E+0	6.934279E+0	6.033842E+1	4.530266E+1	2.859958E-3	-7.814078E-6	4.209481E-8	2.729530E-6	2.752110E-8	1.000000E+0	
1.267519E+3	9.432000E+0	9.906113E-1	5.125093E+1	4.530266E+1	2.859958E-3	-9.227552E-9	1.188035E-7	2.172164E-8	1.212679E-7	1.000000E+0	
1.274352E+3	9.432000E+0	2.971834E+0	5.125093E+1	4.530266E+1	2.859958E-3	-4.089766E-7	1.277128E-7	1.081461E-7	1.262445E-7	1.000000E+0	
1.281216E+3	9.431000E+0	4.953056E+0	5.125093E+1	4.530266E+1	2.859958E-3	-2.301674E-6	1.247662E-7	6.943652E-7	1.188966E-7	1.000000E+0	
1.288079E+3	9.435000E+0	5.943667E+0	5.125093E+1	4.530266E+1	2.859958E-3	-4.520853E-6	1.256128E-7	1.448971E-6	1.129766E-7	1.000000E+0	
1.294901E+3	9.443000E+0	6.934279E+0	5.125093E+1	4.530266E+1	2.859958E-3	-8.114104E-6	1.236658E-7	2.647886E-6	1.237687E-7	1.000000E+0	
1.304871E+3	9.445000E+0	9.906113E-1	4.353209E+1	4.530266E+1	2.859958E-3	-1.609187E-8	2.437001E-8	-3.883805E-9	1.928850E-8	1.000000E+0	
1.311855E+3	9.449000E+0	2.971834E+0	4.353209E+1	4.530266E+1	2.859958E-3	-4.024327E-7	1.223930E-8	1.215548E-7	2.415777E-8	1.000000E+0	
1.318809E+3	9.451000E+0	4.953056E+0	4.353209E+1	4.530266E+1	2.859958E-3	-2.361987E-6	1.972485E-8	6.845802E-7	1.644035E-8	1.000000E+0	
1.325794E+3	9.453000E+0	5.943667E+0	4.353209E+1	4.530266E+1	2.859958E-3	-4.663099E-6	4.062242E-8	1.391862E-6	1.738045E-8	1.000000E+0	
1.332800E+3	9.467000E+0	6.934279E+0	4.353209E+1	4.530266E+1	2.859958E-3	-8.395269E-6	4.462715E-8	2.550117E-6	3.298183E-8	1.000000E+0	
1.342992E+3	9.469000E+0	9.906113E-1	3.697578E+1	4.530266E+1	2.859958E-3	-1.203026E-8	2.660813E-8	1.850724E-9	2.610225E-8	1.000000E+0	
1.350189E+3	9.466000E+0	2.971834E+0	3.697578E+1	4.530266E+1	2.859958E-3	-4.176487E-7	2.290926E-8	1.328576E-7	1.429105E-8	1.000000E+0	
1.357377E+3	9.470000E+0	4.953056E+0	3.697578E+1	4.530266E+1	2.859958E-3	-2.425623E-6	1.536692E-8	6.464112E-7	1.897933E-8	1.000000E+0	
1.364571E+3	9.473000E+0	5.943667E+0	3.697578E+1	4.530266E+1	2.859958E-3	-4.833764E-6	1.672604E-8	1.343817E-6	1.881042E-8	1.000000E+0	
1.371769E+3	9.475000E+0	6.934279E+0	3.697578E+1	4.530266E+1	2.859958E-3	-8.672544E-6	4.770393E-8	2.466186E-6	2.504632E-8	1.000000E+0	
1.382184E+3	9.479000E+0	9.906112E-2	3.140691E+1	4.530266E+1	2.859958E-3	-2.550953E-9	2.607924E-8	6.067264E-9	1.599746E-8	1.000000E+0	
1.389595E+3	9.479000E+0	2.971834E+0	3.140691E+1	4.530266E+1	2.859958E-3	-4.429992E-7	1.966447E-8	1.161357E-7	1.186335E-8	1.000000E+0	
1.397066E+3	9.474000E+0	4.953056E+0	3.140691E+1	4.530266E+1	2.859958E-3	-2.517807E-6	2.198176E-8	6.463054E-7	2.050320E-8	1.000000E+0	
1.404517E+3	9.471000E+0	5.943667E+0	3.140691E+1	4.530266E+1	2.859958E-3	-4.977118E-6	3.486177E-8	1.299610E-6	1.121910E-8	1.000000E+0	
1.411976E+3	9.468000E+0	6.934279E+0	3.140691E+1	4.530266E+1	2.859958E-3	-8.976359E-6	3.684761E-8	2.391231E-6	3.656734E-8	1.000000E+0	
1.422664E+3	9.469000E+0	9.906112E-2	2.667675E+1	4.530266E+1	2.859958E-3	1.080987E-7	7.149415E-8	-1.595410E-7	6.588551E-8	1.000000E+0	
1.430317E+3	9.464000E+0	2.971834E+0	2.667675E+1	4.530266E+1	2.859958E-3	-6.823624E-7	1.636177E-8	9.834388E-8	2.936839E-8	1.000000E+0	
1.438000E+3	9.467000E+0	4.953056E+0	2.667675E+1	4.530266E+1	2.859958E-3	-2.513284E-6	7.207649E-8	7.847040E-7	1.804761E-8	1.000000E+0	
1.445721E+3	9.449000E+0	5.943667E+0	2.667675E+1	4.530266E+1	2.859958E-3	-5.148203E-6	1.464399E-7	1.369201E-6	6.410152E-8	1.000000E+0	
1.453384E+3	9.453000E+0	6.934279E+0	2.667675E+1	4.530266E+1	2.859958E-3	-9.032389E-6	4.821386E-8	2.418705E-6	8.786190E-8	1.000000E+0	
1.461129E+3	9.453000E+0	7.924890E+0	2.667675E+1	4.530266E+1	2.859958E-3	-1.520443E-5	6.410910E-8	3.984222E-6	1.139667E-7	1.000000E+0	
1.472163E+3	9.453000E+0	9.906112E-2	2.265900E+1	4.530266E+1	2.859958E-3	-4.443544E-9	1.716037E-8	3.696490E-9	7.197379E-9	1.000000E+0	
1.480301E+3	9.459000E+0	2.971834E+0	2.265900E+1	4.530266E+1	2.859958E-3	-4.329963E-7	1.632610E-8	1.018282E-7	2.648162E-8	1.000000E+0	
1.488357E+3	9.456000E+0	4.953056E+0	2.265900E+1	4.530266E+1	2.859958E-3	-2.655997E-6	1.440550E-8	5.876091E-7	1.692468E-8	1.000000E+0	
1.496445E+3	9.460000E+0	5.943667E+0	2.265900E+1	4.530266E+1	2.859958E-3	-5.248060E-6	3.344269E-8	1.210524E-6	2.110699E-8	1.000000E+0	
1.504492E+3	9.466000E+0	6.934279E+0	2.265900E+1	4.530266E+1	2.859958E-3	-9.472065E-6	5.704916E-8	2.198607E-6	1.692833E-8	1.000000E+0	
1.512499E+3	9.465000E+0	7.924890E+0	2.265900E+1	4.530266E+1	2.859958E-3	-1.582335E-5	8.127821E-8	3.836091E-6	2.331891E-8	1.000000E+0	
1.523907E+3	9.466000E+0	9.906112E-2	1.924636E+1	4.530266E+1	2.859958E-3	8.641094E-9	2.158983E-8	1.334437E-8	3.194225E-8	1.000000E+0	
1.532361E+3	9.465000E+0	2.971834E+0	1.924636E+1	4.530266E+1	2.859958E-3	-4.871441E-7	1.363896E-8	1.010372E-7	2.215659E-8	1.000000E+0	
1.540792E+3	9.464000E+0	4.953056E+0	1.924636E+1	4.530266E+1	2.859958E-3	-2.741829E-6	1.965281E-8	6.090201E-7	3.168287E-8	1.000000E+0	
1.549285E+3	9.470000E+0	5.943667E+0	1.924636E+1	4.530266E+1	2.859958E-3	-5.425936E-6	1.667566E-8	1.169828E-6	2.705700E-8	1.000000E+0	
1.557747E+3	9.469000E+0	6.934279E+0	1.924636E+1	4.530266E+1	2.859958E-3	-9.702117E-6	2.452573E-8	2.142244E-6	3.390694E-8	1.000000E+0	
1.567454E+3	9.481000E+0	7.924890E+0	1.924636E+1	4.530266E+1	2.859958E-3	-1.638913E-5	6.622709E-8	3.725771E-6	3.078363E-8	1.000000E+0	
1.581919E+3	9.488000E+0	9.906112E-2	1.634769E+1	4.530266E+1	2.859958E-3	-8.048080E-8	2.200585E-7	-3.356943E-8	2.238626E-7	1.000000E+0	
1.593358E+3	9.492000E+0	2.971834E+0	1.634769E+1	4.530266E+1	2.859958E-3	-4.536951E-7	2.322297E-7	8.440293E-8	2.347224E-7	1.000000E+0	
1.604836E+3	9.483000E+0	4.953056E+0	1.634769E+1	4.530266E+1	2.859958E-3	-2.836928E-6	2.286801E-7	5.137933E-7	2.321605E-7	1.000000E+0	
1.616303E+3	9.477000E+0	5.943667E+0	1.634769E+1	4.530266E+1	2.859958E-3	-5.535685E-6	2.245668E-7	1.124649E-6	2.263794E-7	1.000000E+0	
1.627815E+3	9.484000E+0	6.934279E+0	1.634769E+1	4.530266E+1	2.859958E-3	-1.002657E-5	2.179848E-7	2.057096E-6	2.311377E-7	1.000000E+0	
1.639272E+3	9.491000E+0	7.924890E+0	1.634769E+1	4.530266E+1	2.859958E-3	-1.680510E-5	2.382552E-7	3.718394E-6	2.357449E-7	1.000000E+0	
1.654575E+3	9.493000E+0	9.906112E-2	1.388558E+1	4.530266E+1	2.859958E-3	1.723214E-8	1.616207E-8	1.850256E-8	7.369582E-9	1.000000E+0	
1.666907E+3	9.493000E+0	2.971834E+0	1.388558E+1	4.530266E+1	2.859958E-3	-5.186848E-7	2.417057E-8	8.668885E-8	2.202046E-9	1.000000E+0	
1.679185E+3	9.500000E+0	4.953056E+0	1.388558E+1	4.530266E+1	2.859958E-3	-2.833563E-6	1.065907E-8	5.454602E-7	2.137042E-8	1.000000E+0	
1.691472E+3	9.500000E+0	5.943667E+0	1.388558E+1	4.530266E+1	2.859958E-3	-5.692779E-6	2.275434E-8	1.121131E-6	1.519260E-8	1.000000E+0	
1.703761E+3	9.501000E+0	6.934279E+0	1.388558E+1	4.530266E+1	2.859958E-3	-1.030001E-5	3.529249E-8	2.047486E-6	3.385593E-8	1.000000E+0	
1.716018E+3	9.498000E+0	7.924890E+0	1.388558E+1	4.530266E+1	2.859958E-3	-1.729938E-5	2.469585E-8	3.551279E-6	1.428398E-8	1.000000E+0	
1.732276E+3	9.499000E+0	9.906112E-2	1.179429E+1	4.530266E+1	2.859958E-3	3.822526E-9	6.511916E-9	5.722904E-9	2.595077E-9	1.000000E+0	
1.745536E+3	9.498000E+0	2.971834E+0	1.179429E+1	4.530266E+1	2.859958E-3	-5.165832E-7	1.472185E-8	8.962693E-8	5.861557E-9	1.000000E+0	
1.758878E+3	9.503000E+0	3.962445E+0	1.179429E+1	4.530266E+1	2.859958E-3	-1.299396E-6	2.883128E-9	2.481807E-7	9.855051E-9	1.000000E+0	
1.772137E+3	9.501000E+0	5.943667E+0	1.179429E+1	4.530266E+1	2.859958E-3	-5.726006E-6	1.280670E-8	1.085418E-6	2.805632E-8	1.000000E+0	
1.785396E+3	9.501000E+0	6.934279E+0	1.179429E+1	4.530266E+1	2.859958E-3	-1.049257E-5	2.754387E-8	1.966728E-6	1.858492E-8	1.000000E+0	
1.798628E+3	9.499000E+0	7.924890E+0	1.179429E+1	4.530266E+1	2.859958E-3	-1.762897E-5	4.273712E-8	3.420918E-6	2.444305E-8	1.000000E+0	
1.816058E+3	9.499000E+0	9.906112E-2	1.001797E+1	4.530266E+1	2.859958E-3	-3.709030E-9	8.013973E-9	-8.462843E-9	6.717985E-9	1.000000E+0	
1.830451E+3	9.498000E+0	9.906113E-1	1.001797E+1	4.530266E+1	2.859958E-3	-2.665481E-8	7.701409E-9	1.671656E-9	9.152346E-9	1.000000E+0	
1.844846E+3	9.500000E+0	3.962445E+0	1.001797E+1	4.530266E+1	2.859958E-3	-1.308122E-6	1.413099E-8	2.239456E-7	2.100286E-9	1.000000E+0	
1.859249E+3	9.502000E+0	5.943667E+0	1.001797E+1	4.530266E+1	2.859958E-3	-5.835781E-6	2.692334E-8	1.050475E-6	1.652904E-8	1.000000E+0	
1.873613E+3	9.502000E+0	6.934279E+0	1.001797E+1	4.530266E+1	2.859958E-3	-1.071696E-5	1.237506E-8	1.927074E-6	2.859443E-9	1.000000E+0	
1.887996E+3	9.502000E+0	7.924890E+0	1.001797E+1	4.530266E+1	2.859958E-3	-1.801870E-5	3.063676E-8	3.335943E-6	7.100932E-9	1.000000E+0	
1.907715E+3	9.499000E+0	9.906112E-2	8.509180E+0	4.530266E+1	2.859958E-3	1.386616E-7	4.191095E-8	-2.738527E-8	1.138926E-7	1.000000E+0	
1.923395E+3	9.492000E+0	9.906113E-1	8.509180E+0	4.530266E+1	2.859958E-3	-2.686251E-8	1.212359E-7	-1.638179E-7	3.612492E-8	1.000000E+0	
1.939118E+3	9.492000E+0	3.962445E+0	8.509180E+0	4.530266E+1	2.859958E-3	-1.491315E-6	6.906888E-8	2.518462E-7	9.273964E-8	1.000000E+0	
1.954834E+3	9.496000E+0	5.943667E+0	8.509180E+0	4.530266E+1	2.859958E-3	-5.796214E-6	3.994110E-8	1.009784E-6	1.023232E-7	1.000000E+0	
1.970563E+3	9.493000E+0	6.934279E+0	8.509180E+0	4.530266E+1	2.859958E-3	-1.073347E-5	5.483610E-8	1.861918E-6	1.121837E-7	1.000000E+0	
1.986285E+3	9.496000E+0	7.924890E+0	8.509180E+0	4.530266E+1	2.859958E-3	-1.820579E-5	7.512082E-8	3.148267E-6	1.155817E-7	1.000000E+0	
2.007086E+3	9.503000E+0	9.906112E-2	7.227620E+0	4.530266E+1	2.859958E-3	1.839899E-8	2.442503E-9	-3.567467E-8	5.344808E-9	1.000000E+0	
2.024425E+3	9.496000E+0	9.906113E-1	7.227620E+0	4.530266E+1	2.859958E-3	-1.840148E-8	4.609790E-9	3.052633E-9	7.034239E-9	1.000000E+0	
2.041756E+3	9.492000E+0	3.962445E+0	7.227620E+0	4.530266E+1	2.859958E-3	-1.350725E-6	1.522558E-8	1.679747E-7	6.473183E-9	1.000000E+0	
2.059084E+3	9.490000E+0	5.943667E+0	7.227620E+0	4.530266E+1	2.859958E-3	-6.063301E-6	2.896286E-8	9.293258E-7	1.552073E-8	1.000000E+0	
2.076424E+3	9.493000E+0	6.934279E+0	7.227620E+0	4.530266E+1	2.859958E-3	-1.117168E-5	1.428338E-8	1.839185E-6	4.293049E-9	1.000000E+0	
2.093774E+3	9.487000E+0	7.924890E+0	7.227620E+0	4.530266E+1	2.859958E-3	-1.875465E-5	1.551867E-8	3.116543E-6	1.691893E-8	1.000000E+0	
2.116469E+3	9.491000E+0	9.906112E-2	6.139080E+0	4.530266E+1	2.859958E-3	1.304814E-8	6.471630E-9	5.013439E-8	1.594520E-8	1.000000E+0	
2.135630E+3	9.491000E+0	9.906113E-1	6.139080E+0	4.530266E+1	2.859958E-3	-1.871959E-8	9.349422E-10	2.871450E-8	4.209196E-9	1.000000E+0	
2.154781E+3	9.494000E+0	3.962445E+0	6.139080E+0	4.530266E+1	2.859958E-3	-1.364204E-6	1.837530E-8	2.150483E-7	6.712958E-9	1.000000E+0	
2.173942E+3	9.494000E+0	5.943667E+0	6.139080E+0	4.530266E+1	2.859958E-3	-6.271221E-6	1.897054E-8	9.765121E-7	6.430992E-9	1.000000E+0	
2.193144E+3	9.494000E+0	6.934279E+0	6.139080E+0	4.530266E+1	2.859958E-3	-1.135429E-5	1.496487E-8	1.784204E-6	6.634364E-9	1.000000E+0	
2.212367E+3	9.496000E+0	7.924890E+0	6.139080E+0	4.530266E+1	2.859958E-3	-1.917893E-5	1.437712E-8	3.036201E-6	7.253566E-9	1.000000E+0	
2.237328E+3	9.493000E+0	9.906112E-2	5.214480E+0	4.530266E+1	2.859958E-3	2.183091E-8	3.092480E-9	-1.865106E-8	1.217098E-9	1.000000E+0	
2.258727E+3	9.493000E+0	9.906113E-1	5.214480E+0	4.530266E+1	2.859958E-3	-1.263731E-8	2.919506E-9	-8.503076E-9	1.381381E-8	1.000000E+0	
2.280084E+3	9.498000E+0	3.962445E+0	5.214480E+0	4.530266E+1	2.859958E-3	-1.421470E-6	2.219728E-9	2.147914E-7	4.735723E-9	1.000000E+0	
2.301441E+3	9.500000E+0	5.943667E+0	5.214480E+0	4.530266E+1	2.859958E-3	-6.336267E-6	3.188179E-9	9.191728E-7	8.926938E-9	1.000000E+0	
2.322872E+3	9.499000E+0	6.934279E+0	5.214480E+0	4.530266E+1	2.859958E-3	-1.165935E-5	1.460915E-8	1.741063E-6	4.284583E-9	1.000000E+0	
2.344240E+3	9.502000E+0	7.924890E+0	5.214480E+0	4.530266E+1	2.859958E-3	-1.954906E-5	2.202411E-8	2.985061E-6	2.952945E-9	1.000000E+0	
2.373028E+3	9.510000E+0	9.906112E-2	4.429130E+0	4.530266E+1	2.859958E-3	2.528312E-8	3.307510E-9	1.043571E-8	1.387980E-8	1.000000E+0	
2.397017E+3	9.505000E+0	9.906113E-1	4.429130E+0	4.530266E+1	2.859958E-3	1.353686E-9	1.752669E-9	2.979624E-8	2.312133E-9	1.000000E+0	
2.420957E+3	9.506000E+0	3.962445E+0	4.429130E+0	4.530266E+1	2.859958E-3	-1.416889E-6	6.829466E-9	1.243390E-7	3.354745E-8	1.000000E+0	
2.444948E+3	9.505000E+0	5.943667E+0	4.429130E+0	4.530266E+1	2.859958E-3	-6.462044E-6	2.578741E-8	9.096724E-7	6.032028E-9	1.000000E+0	
2.468885E+3	9.511000E+0	6.934279E+0	4.429130E+0	4.530266E+1	2.859958E-3	-1.184032E-5	4.063723E-9	1.681136E-6	6.215384E-9	1.000000E+0	
2.492845E+3	9.514000E+0	7.924890E+0	4.429130E+0	4.530266E+1	2.859958E-3	-1.986287E-5	1.141340E-8	2.890216E-6	1.227445E-8	1.000000E+0	
2.526036E+3	9.519000E+0	9.906112E-2	3.762070E+0	4.530266E+1	2.859958E-3	-5.351473E-8	3.860340E-9	-9.683525E-9	1.386091E-9	1.000000E+0	
2.553022E+3	9.516000E+0	9.906113E-1	3.762070E+0	4.530266E+1	2.859958E-3	-1.748783E-8	2.149309E-9	7.991117E-10	3.899003E-9	1.000000E+0	
2.579999E+3	9.510000E+0	3.962445E+0	3.762070E+0	4.530266E+1	2.859958E-3	-1.474428E-6	1.785870E-9	1.963070E-7	7.840889E-9	1.000000E+0	
2.606975E+3	9.513000E+0	5.943667E+0	3.762070E+0	4.530266E+1	2.859958E-3	-6.607367E-6	9.047953E-9	8.795979E-7	9.718971E-9	1.000000E+0	
2.634022E+3	9.512000E+0	6.934279E+0	3.762070E+0	4.530266E+1	2.859958E-3	-1.202616E-5	1.241965E-8	1.664975E-6	2.243121E-9	1.000000E+0	
2.661017E+3	9.514000E+0	7.924890E+0	3.762070E+0	4.530266E+1	2.859958E-3	-2.023788E-5	1.727445E-8	2.846405E-6	3.270268E-9	1.000000E+0	
2.698034E+3	9.504000E+0	9.906112E-2	3.195470E+0	4.530266E+1	2.859958E-3	-1.063547E-8	2.597687E-9	1.807324E-10	5.139970E-9	1.000000E+0	
2.728595E+3	9.502000E+0	1.981223E+0	3.195470E+0	4.530266E+1	2.859958E-3	-2.034214E-7	2.551736E-9	5.357071E-8	6.773807E-9	1.000000E+0	
2.759093E+3	9.511000E+0	3.962445E+0	3.195470E+0	4.530266E+1	2.859958E-3	-1.495291E-6	5.604702E-9	2.204809E-7	5.939129E-10	1.000000E+0	
2.789650E+3	9.508000E+0	5.943667E+0	3.195470E+0	4.530266E+1	2.859958E-3	-6.688389E-6	1.453473E-8	9.394686E-7	1.933413E-8	1.000000E+0	
2.820161E+3	9.499000E+0	6.934279E+0	3.195470E+0	4.530266E+1	2.859958E-3	-1.219837E-5	4.326259E-9	1.631392E-6	9.313018E-9	1.000000E+0	
2.850699E+3	9.503000E+0	7.924890E+0	3.195470E+0	4.530266E+1	2.859958E-3	-2.054106E-5	2.253512E-8	2.698692E-6	2.300571E-8	1.000000E+0	
2.894215E+3	9.508000E+0	9.906112E-2	2.714200E+0	4.530266E+1	2.859958E-3	-2.434538E-9	5.152284E-9	-5.413690E-8	8.256281E-9	1.000000E+0	
2.928977E+3	9.492000E+0	1.981223E+0	2.714200E+0	4.530266E+1	2.859958E-3	-1.034576E-7	6.659547E-9	5.635244E-8	1.026356E-8	1.000000E+0	
2.963705E+3	9.494000E+0	3.962445E+0	2.714200E+0	4.530266E+1	2.859958E-3	-1.555300E-6	3.789487E-8	1.938130E-7	1.209873E-8	1.000000E+0	
2.998415E+3	9.495000E+0	5.943667E+0	2.714200E+0	4.530266E+1	2.859958E-3	-6.845598E-6	3.624007E-8	8.661270E-7	7.983639E-9	1.000000E+0	
3.033206E+3	9.502000E+0	6.934279E+0	2.714200E+0	4.530266E+1	2.859958E-3	-1.237314E-5	1.347996E-8	1.566858E-6	8.838982E-10	1.000000E+0	
3.067945E+3	9.504000E+0	7.924890E+0	2.714200E+0	4.530266E+1	2.859958E-3	-2.101821E-5	1.915114E-8	2.724878E-6	3.824087E-9	1.000000E+0	
3.116006E+3	9.494000E+0	9.906112E-2	2.305420E+0	4.530266E+1	2.859958E-3	1.235060E-9	2.317297E-9	4.736991E-9	2.126294E-9	1.000000E+0	
3.155654E+3	9.505000E+0	2.971834E+0	2.305420E+0	4.530266E+1	2.859958E-3	-4.852821E-7	8.551511E-9	6.894371E-8	4.182518E-10	1.000000E+0	
3.195455E+3	9.507000E+0	4.953056E+0	2.305420E+0	4.530266E+1	2.859958E-3	-3.620674E-6	2.018368E-8	4.107230E-7	6.316893E-9	1.000000E+0	
3.235126E+3	9.511000E+0	6.934279E+0	2.305420E+0	4.530266E+1	2.859958E-3	-1.248740E-5	8.352099E-9	1.526797E-6	6.317995E-9	1.000000E+0	
3.274853E+3	9.519000E+0	7.924890E+0	2.305420E+0	4.530266E+1	2.859958E-3	-2.115370E-5	1.067497E-8	2.585531E-6	3.459307E-9	1.000000E+0	
3.330121E+3	9.518000E+0	9.906112E-2	1.958200E+0	4.530266E+1	2.859958E-3	6.253960E-8	1.229284E-8	-2.790637E-8	5.444925E-9	1.000000E+0	
3.375613E+3	9.502000E+0	2.971834E+0	1.958200E+0	4.530266E+1	2.859958E-3	-6.043267E-7	1.601959E-8	4.662625E-8	5.328049E-9	1.000000E+0	
3.421152E+3	9.534000E+0	4.953056E+0	1.958200E+0	4.530266E+1	2.859958E-3	-3.476547E-6	3.124656E-9	4.183293E-7	3.806009E-9	1.000000E+0	
3.466591E+3	9.601000E+0	6.934279E+0	1.958200E+0	4.530266E+1	2.859958E-3	-1.285801E-5	1.179260E-8	1.519497E-6	3.961202E-10	1.000000E+0	
3.512082E+3	9.570000E+0	7.924890E+0	1.958200E+0	4.530266E+1	2.859958E-3	-2.148913E-5	6.703450E-10	2.545217E-6	1.565747E-9	1.000000E+0	
3.576328E+3	9.579000E+0	9.906112E-2	1.663280E+0	4.530266E+1	2.859958E-3	6.072047E-9	4.510849E-10	-1.678826E-8	1.172785E-9	1.000000E+0	
3.628690E+3	9.600000E+0	2.971834E+0	1.663280E+0	4.530266E+1	2.859958E-3	-5.755358E-7	5.899278E-9	9.747051E-8	1.566118E-8	1.000000E+0	
3.681058E+3	9.627000E+0	4.953056E+0	1.663280E+0	4.530266E+1	2.859958E-3	-3.563785E-6	3.714863E-10	3.946392E-7	1.390405E-9	1.000000E+0	
3.733427E+3	9.664000E+0	6.934279E+0	1.663280E+0	4.530266E+1	2.859958E-3	-1.308377E-5	1.549665E-8	1.484174E-6	1.837744E-8	1.000000E+0	
3.785789E+3	9.744000E+0	7.924890E+0	1.663280E+0	4.530266E+1	2.859958E-3	-2.186973E-5	7.840367E-9	2.532277E-6	4.402422E-10	1.000000E+0	
3.859601E+3	9.768000E+0	9.906112E-2	1.412780E+0	4.530266E+1	2.859958E-3	-3.699646E-8	2.733669E-9	-1.497470E-7	3.799407E-9	1.000000E+0	
3.920040E+3	9.816000E+0	2.971834E+0	1.412780E+0	4.530266E+1	2.859958E-3	-4.893859E-7	3.620458E-8	1.541327E-7	2.127720E-8	1.000000E+0	
3.980410E+3	9.844000E+0	4.953056E+0	1.412780E+0	4.530266E+1	2.859958E-3	-3.723246E-6	7.456119E-10	4.005744E-7	1.078369E-9	1.000000E+0	
4.040799E+3	9.867000E+0	6.934279E+0	1.412780E+0	4.530266E+1	2.859958E-3	-1.357063E-5	1.344761E-8	1.327694E-6	8.729524E-9	1.000000E+0	
4.101148E+3	9.852000E+0	7.924890E+0	1.412780E+0	4.530266E+1	2.859958E-3	-2.236182E-5	2.453892E-9	2.499579E-6	2.847873E-9	1.000000E+0	
4.186064E+3	9.845000E+0	9.906112E-2	1.200000E+0	4.530266E+1	2.859958E-3	-1.137187E-8	2.857344E-9	-7.220813E-9	3.235069E-10	1.000000E+0	
4.256072E+3	9.862000E+0	2.971834E+0	1.200000E+0	4.530266E+1	2.859958E-3	-5.971195E-7	1.317531E-9	4.853789E-8	2.908877E-9	1.000000E+0	
4.325956E+3	9.867000E+0	4.953056E+0	1.200000E+0	4.530266E+1	2.859958E-3	-3.598833E-6	8.682815E-9	2.888299E-7	5.371583E-9	1.000000E+0	
4.395809E+3	9.879000E+0	6.934279E+0	1.200000E+0	4.530266E+1	2.859958E-3	-1.338708E-5	2.294259E-9	1.354755E-6	4.048464E-9	1.000000E+0	
4.465704E+3	9.891000E+0	7.924890E+0	1.200000E+0	4.530266E+1	2.859958E-3	-2.250008E-5	2.676201E-9	2.334482E-6	3.430063E-10	1.000000E+0	
--- > K and esd K (estimated based on user TCR) : -8.790364E+0	-6.769910E-1	

*** Temperature stable /K : 1.445800000E+1
--- > R0 : 4.538472E+1	4.538504E+1	4.537758E+1	4.537864E+1	4.538182E+1	4.538332E+1	4.538380E+1	4.538230E+1	4.537984E+1	4.538043E+1	4.537688E+1	4.538345E+1	
time /sec  	temp /K    	current /mA	freq /Hz   	R0 /Ohms   	esd R0     	V3X /V_rms 	esd V3X    	V3Y /V_rms 	esd V3Y    	Data_Valid?
4.712689E+3	1.447100E+1	9.906106E-2	2.577000E+3	4.538148E+1	2.776592E-3	-4.957748E-8	1.318001E-7	4.511899E-7	1.199012E-7	1.000000E+0	
4.719520E+3	1.447100E+1	2.971832E+0	2.577000E+3	4.538148E+1	2.776592E-3	-1.590581E-7	1.301040E-7	6.327764E-7	1.229075E-7	1.000000E+0	
4.726354E+3	1.447700E+1	4.953053E+0	2.577000E+3	4.538148E+1	2.776592E-3	-7.125865E-7	1.395950E-7	1.148003E-6	1.347125E-7	1.000000E+0	
4.733237E+3	1.447800E+1	6.934274E+0	2.577000E+3	4.538148E+1	2.776592E-3	-2.000749E-6	1.293424E-7	2.540250E-6	1.563427E-7	1.000000E+0	
4.740139E+3	1.448000E+1	7.924885E+0	2.577000E+3	4.538148E+1	2.776592E-3	-3.132217E-6	1.548425E-7	3.596482E-6	1.292386E-7	1.000000E+0	
4.749989E+3	1.448400E+1	9.906106E-2	2.188881E+3	4.538148E+1	2.776592E-3	-3.979070E-8	2.336975E-7	3.549629E-7	2.421158E-7	1.000000E+0	
4.756891E+3	1.448100E+1	2.971832E+0	2.188881E+3	4.538148E+1	2.776592E-3	-2.060119E-7	2.235925E-7	5.243789E-7	2.138483E-7	1.000000E+0	
4.763796E+3	1.448700E+1	4.953053E+0	2.188881E+3	4.538148E+1	2.776592E-3	-8.060497E-7	2.246668E-7	1.141723E-6	2.291195E-7	1.000000E+0	
4.770658E+3	1.448500E+1	6.934274E+0	2.188881E+3	4.538148E+1	2.776592E-3	-2.200696E-6	2.204625E-7	2.452002E-6	2.407562E-7	1.000000E+0	
4.777562E+3	1.449100E+1	7.924885E+0	2.188881E+3	4.538148E+1	2.776592E-3	-3.418741E-6	2.478679E-7	3.560840E-6	2.373648E-7	1.000000E+0	
4.787440E+3	1.449000E+1	9.906106E-2	1.859217E+3	4.538148E+1	2.776592E-3	-1.812949E-8	9.363793E-8	3.116759E-7	9.621105E-8	1.000000E+0	
4.794305E+3	1.448900E+1	2.971832E+0	1.859217E+3	4.538148E+1	2.776592E-3	-1.851173E-7	1.023209E-7	4.741871E-7	8.994582E-8	1.000000E+0	
4.801166E+3	1.448800E+1	4.953053E+0	1.859217E+3	4.538148E+1	2.776592E-3	-8.067365E-7	8.696103E-8	1.050634E-6	9.056425E-8	1.000000E+0	
4.808041E+3	1.450200E+1	6.934274E+0	1.859217E+3	4.538148E+1	2.776592E-3	-2.349203E-6	9.068763E-8	2.498690E-6	1.079527E-7	1.000000E+0	
4.814922E+3	1.450200E+1	7.924885E+0	1.859217E+3	4.538148E+1	2.776592E-3	-3.655297E-6	1.081624E-7	3.587428E-6	1.005406E-7	1.000000E+0	
4.825239E+3	1.449900E+1	9.906106E-2	1.579203E+3	4.538148E+1	2.776592E-3	-2.087556E-8	9.430173E-8	2.990306E-7	1.014489E-7	1.000000E+0	
4.832142E+3	1.449800E+1	2.971832E+0	1.579203E+3	4.538148E+1	2.776592E-3	-1.679354E-7	1.018492E-7	4.554562E-7	1.033233E-7	1.000000E+0	
4.839043E+3	1.450500E+1	4.953053E+0	1.579203E+3	4.538148E+1	2.776592E-3	-8.616237E-7	9.512478E-8	1.056956E-6	1.015925E-7	1.000000E+0	
4.845756E+3	1.450000E+1	6.934274E+0	1.579203E+3	4.538148E+1	2.776592E-3	-2.483308E-6	1.010380E-7	2.561906E-6	1.071556E-7	1.000000E+0	
4.851465E+3	1.449800E+1	7.924885E+0	1.579203E+3	4.538148E+1	2.776592E-3	-3.869782E-6	9.177238E-8	3.752555E-6	1.071989E-7	1.000000E+0	
4.863935E+3	1.450900E+1	9.906106E-2	1.341361E+3	4.538148E+1	2.776592E-3	-4.860424E-9	1.258114E-7	2.373284E-7	1.386531E-7	1.000000E+0	
4.870818E+3	1.450500E+1	2.971832E+0	1.341361E+3	4.538148E+1	2.776592E-3	-1.815469E-7	1.233104E-7	4.232064E-7	1.094657E-7	1.000000E+0	
4.877753E+3	1.450300E+1	4.953053E+0	1.341361E+3	4.538148E+1	2.776592E-3	-9.143703E-7	1.041202E-7	1.040979E-6	1.001841E-7	1.000000E+0	
4.884475E+3	1.450700E+1	6.934274E+0	1.341361E+3	4.538148E+1	2.776592E-3	-2.682885E-6	1.231978E-7	2.606308E-6	1.415436E-7	1.000000E+0	
4.890182E+3	1.450900E+1	7.924885E+0	1.341361E+3	4.538148E+1	2.776592E-3	-4.166180E-6	1.294016E-7	3.856309E-6	1.568166E-7	1.000000E+0	
4.902643E+3	1.450700E+1	9.906106E-2	1.139340E+3	4.538148E+1	2.776592E-3	-1.125732E-8	6.638079E-8	1.963705E-7	6.208209E-8	1.000000E+0	
4.909547E+3	1.450100E+1	2.971832E+0	1.139340E+3	4.538148E+1	2.776592E-3	-1.998280E-7	6.587926E-8	3.873898E-7	6.652543E-8	1.000000E+0	
4.916390E+3	1.449600E+1	4.953053E+0	1.139340E+3	4.538148E+1	2.776592E-3	-9.836120E-7	6.577860E-8	1.048691E-6	7.133525E-8	1.000000E+0	
4.924508E+3	1.450100E+1	6.934274E+0	1.139340E+3	4.538148E+1	2.776592E-3	-2.873005E-6	6.553596E-8	2.704724E-6	6.828666E-8	1.000000E+0	
4.934033E+3	1.450200E+1	7.924885E+0	1.139340E+3	4.538148E+1	2.776592E-3	-4.498209E-6	7.392335E-8	4.052007E-6	6.772203E-8	1.000000E+0	
4.946564E+3	1.450300E+1	9.906106E-2	9.677457E+2	4.538148E+1	2.776592E-3	-9.821568E-10	9.368795E-8	1.777861E-7	8.977002E-8	1.000000E+0	
4.953529E+3	1.449800E+1	2.971832E+0	9.677457E+2	4.538148E+1	2.776592E-3	-2.147360E-7	8.739845E-8	3.700481E-7	9.265497E-8	1.000000E+0	
4.960472E+3	1.449700E+1	4.953053E+0	9.677457E+2	4.538148E+1	2.776592E-3	-1.059179E-6	9.369779E-8	1.064060E-6	9.448652E-8	1.000000E+0	
4.967396E+3	1.449900E+1	6.934274E+0	9.677457E+2	4.538148E+1	2.776592E-3	-3.091202E-6	1.039790E-7	2.828075E-6	8.962383E-8	1.000000E+0	
4.974321E+3	1.450000E+1	7.924885E+0	9.677457E+2	4.538148E+1	2.776592E-3	-4.820012E-6	8.461334E-8	4.233793E-6	9.079286E-8	1.000000E+0	
4.984210E+3	1.449100E+1	9.906106E-2	8.219948E+2	4.538148E+1	2.776592E-3	-6.049702E-9	8.306995E-8	1.439873E-7	7.702011E-8	1.000000E+0	
4.991153E+3	1.450000E+1	2.971832E+0	8.219948E+2	4.538148E+1	2.776592E-3	-2.308550E-7	7.635669E-8	3.482768E-7	8.313916E-8	1.000000E+0	
4.998056E+3	1.449800E+1	4.953053E+0	8.219948E+2	4.538148E+1	2.776592E-3	-1.151080E-6	7.168380E-8	1.107947E-6	7.806847E-8	1.000000E+0	
5.004961E+3	1.450100E+1	6.934274E+0	8.219948E+2	4.538148E+1	2.776592E-3	-3.343697E-6	8.264229E-8	2.953598E-6	7.775040E-8	1.000000E+0	
5.011913E+3	1.449900E+1	7.924885E+0	8.219948E+2	4.538148E+1	2.776592E-3	-5.197959E-6	8.184885E-8	4.481994E-6	7.947231E-8	1.000000E+0	
5.021823E+3	1.449600E+1	9.906106E-2	6.981952E+2	4.538148E+1	2.776592E-3	4.704123E-9	4.177814E-8	1.263482E-7	3.777442E-8	1.000000E+0	
5.028817E+3	1.450100E+1	2.971832E+0	6.981952E+2	4.538148E+1	2.776592E-3	-2.570686E-7	3.808126E-8	3.372509E-7	3.793751E-8	1.000000E+0	
5.035711E+3	1.449900E+1	4.953053E+0	6.981952E+2	4.538148E+1	2.776592E-3	-1.242238E-6	4.045659E-8	1.144775E-6	3.652718E-8	1.000000E+0	
5.042646E+3	1.450100E+1	6.934274E+0	6.981952E+2	4.538148E+1	2.776592E-3	-3.612374E-6	3.558226E-8	3.113472E-6	4.364791E-8	1.000000E+0	
5.049578E+3	1.450600E+1	7.924885E+0	6.981952E+2	4.538148E+1	2.776592E-3	-5.606613E-6	4.868889E-8	4.751996E-6	4.261324E-8	1.000000E+0	
5.059570E+3	1.451000E+1	9.906106E-2	5.930409E+2	4.538148E+1	2.776592E-3	-7.702198E-12	4.662401E-8	1.045113E-7	4.598688E-8	1.000000E+0	
5.066575E+3	1.450900E+1	2.971832E+0	5.930409E+2	4.538148E+1	2.776592E-3	-2.774289E-7	4.702113E-8	3.299355E-7	4.943414E-8	1.000000E+0	
5.073579E+3	1.451200E+1	4.953053E+0	5.930409E+2	4.538148E+1	2.776592E-3	-1.340233E-6	4.787115E-8	1.178747E-6	5.143682E-8	1.000000E+0	
5.080228E+3	1.451000E+1	6.934274E+0	5.930409E+2	4.538148E+1	2.776592E-3	-3.913706E-6	4.862510E-8	3.287057E-6	4.530603E-8	1.000000E+0	
5.086009E+3	1.450400E+1	7.924885E+0	5.930409E+2	4.538148E+1	2.776592E-3	-6.039753E-6	4.690153E-8	5.026236E-6	5.085396E-8	1.000000E+0	
5.098652E+3	1.451100E+1	9.906106E-2	5.037238E+2	4.538148E+1	2.776592E-3	6.080301E-9	3.327769E-8	8.193403E-8	2.927368E-8	1.000000E+0	
5.105648E+3	1.451100E+1	2.971832E+0	5.037238E+2	4.538148E+1	2.776592E-3	-2.954707E-7	3.059957E-8	3.218851E-7	3.191450E-8	1.000000E+0	
5.112601E+3	1.450300E+1	4.953053E+0	5.037238E+2	4.538148E+1	2.776592E-3	-1.462141E-6	3.581567E-8	1.227090E-6	3.038089E-8	1.000000E+0	
5.120800E+3	1.451000E+1	6.934274E+0	5.037238E+2	4.538148E+1	2.776592E-3	-4.268707E-6	3.240877E-8	3.493241E-6	3.144237E-8	1.000000E+0	
5.126560E+3	1.451100E+1	7.924885E+0	5.037238E+2	4.538148E+1	2.776592E-3	-6.562490E-6	3.666926E-8	5.346058E-6	3.732645E-8	1.000000E+0	
5.139294E+3	1.451100E+1	9.906106E-2	4.278586E+2	4.538148E+1	2.776592E-3	1.305301E-9	3.523247E-8	7.309036E-8	3.115627E-8	1.000000E+0	
5.146327E+3	1.450900E+1	2.971832E+0	4.278586E+2	4.538148E+1	2.776592E-3	-3.282507E-7	3.221499E-8	3.234602E-7	3.148368E-8	1.000000E+0	
5.153333E+3	1.450600E+1	4.953053E+0	4.278586E+2	4.538148E+1	2.776592E-3	-1.589672E-6	3.059099E-8	1.266458E-6	3.551310E-8	1.000000E+0	
5.160417E+3	1.450800E+1	6.934274E+0	4.278586E+2	4.538148E+1	2.776592E-3	-4.638923E-6	3.127802E-8	3.664397E-6	3.271492E-8	1.000000E+0	
5.167482E+3	1.450100E+1	7.924885E+0	4.278586E+2	4.538148E+1	2.776592E-3	-7.160696E-6	3.080172E-8	5.664304E-6	3.297614E-8	1.000000E+0	
5.177494E+3	1.450300E+1	9.906106E-2	3.634194E+2	4.538148E+1	2.776592E-3	1.075983E-8	3.645654E-8	6.237450E-8	3.000313E-8	1.000000E+0	
5.184509E+3	1.450200E+1	2.971832E+0	3.634194E+2	4.538148E+1	2.776592E-3	-3.444239E-7	3.097509E-8	3.365942E-7	3.323738E-8	1.000000E+0	
5.191566E+3	1.450300E+1	4.953053E+0	3.634194E+2	4.538148E+1	2.776592E-3	-1.725294E-6	3.560190E-8	1.339077E-6	3.294272E-8	1.000000E+0	
5.198628E+3	1.450700E+1	6.934274E+0	3.634194E+2	4.538148E+1	2.776592E-3	-5.062933E-6	3.132697E-8	3.879929E-6	3.591556E-8	1.000000E+0	
5.205672E+3	1.450600E+1	7.924885E+0	3.634194E+2	4.538148E+1	2.776592E-3	-7.815944E-6	3.806408E-8	6.002028E-6	3.867759E-8	1.000000E+0	
5.215787E+3	1.450600E+1	9.906106E-2	3.086852E+2	4.538148E+1	2.776592E-3	1.219366E-8	3.421349E-8	5.174447E-8	3.286979E-8	1.000000E+0	
5.222853E+3	1.450700E+1	2.971832E+0	3.086852E+2	4.538148E+1	2.776592E-3	-3.835150E-7	3.093033E-8	3.271694E-7	3.189686E-8	1.000000E+0	
5.230000E+3	1.451000E+1	4.953053E+0	3.086852E+2	4.538148E+1	2.776592E-3	-1.904589E-6	2.890634E-8	1.357275E-6	3.182205E-8	1.000000E+0	
5.237072E+3	1.450400E+1	6.934274E+0	3.086852E+2	4.538148E+1	2.776592E-3	-5.552000E-6	2.914532E-8	4.006028E-6	3.450043E-8	1.000000E+0	
5.244222E+3	1.450300E+1	7.924885E+0	3.086852E+2	4.538148E+1	2.776592E-3	-8.555127E-6	3.590808E-8	6.256033E-6	3.806760E-8	1.000000E+0	
5.254364E+3	1.450500E+1	9.906106E-2	2.621946E+2	4.538148E+1	2.776592E-3	5.929500E-9	2.048168E-8	4.754424E-8	2.474672E-8	1.000000E+0	
5.261448E+3	1.450200E+1	2.971832E+0	2.621946E+2	4.538148E+1	2.776592E-3	-4.274750E-7	2.156546E-8	3.172410E-7	1.823056E-8	1.000000E+0	
5.268614E+3	1.450100E+1	4.953053E+0	2.621946E+2	4.538148E+1	2.776592E-3	-2.068494E-6	2.159526E-8	1.387167E-6	1.643059E-8	1.000000E+0	
5.276683E+3	1.450500E+1	6.934274E+0	2.621946E+2	4.538148E+1	2.776592E-3	-6.068092E-6	2.051370E-8	4.150979E-6	2.178644E-8	1.000000E+0	
5.286371E+3	1.449900E+1	7.924885E+0	2.621946E+2	4.538148E+1	2.776592E-3	-9.396847E-6	1.749725E-8	6.562044E-6	2.149104E-8	1.000000E+0	
5.299386E+3	1.449700E+1	9.906106E-2	2.227058E+2	4.538148E+1	2.776592E-3	8.309510E-9	2.210704E-8	4.482921E-8	1.985760E-8	1.000000E+0	
5.306573E+3	1.449500E+1	2.971832E+0	2.227058E+2	4.538148E+1	2.776592E-3	-4.518321E-7	1.966497E-8	3.122159E-7	2.194242E-8	1.000000E+0	
5.313740E+3	1.449700E+1	4.953053E+0	2.227058E+2	4.538148E+1	2.776592E-3	-2.226577E-6	2.071573E-8	1.396758E-6	1.895612E-8	1.000000E+0	
5.320934E+3	1.449900E+1	6.934274E+0	2.227058E+2	4.538148E+1	2.776592E-3	-6.564251E-6	2.311832E-8	4.229754E-6	2.371173E-8	1.000000E+0	
5.328146E+3	1.450000E+1	7.924885E+0	2.227058E+2	4.538148E+1	2.776592E-3	-1.015095E-5	2.322970E-8	6.686370E-6	2.968498E-8	1.000000E+0	
5.338368E+3	1.449400E+1	9.906106E-2	1.891644E+2	4.538148E+1	2.776592E-3	7.866418E-10	1.599228E-8	2.947052E-8	1.586728E-8	1.000000E+0	
5.345607E+3	1.449600E+1	2.971832E+0	1.891644E+2	4.538148E+1	2.776592E-3	-4.862203E-7	1.735008E-8	3.028261E-7	1.643913E-8	1.000000E+0	
5.352814E+3	1.449500E+1	4.953053E+0	1.891644E+2	4.538148E+1	2.776592E-3	-2.409363E-6	1.543997E-8	1.400271E-6	1.648862E-8	1.000000E+0	
5.359566E+3	1.449600E+1	6.934274E+0	1.891644E+2	4.538148E+1	2.776592E-3	-7.086549E-6	2.561092E-8	4.253536E-6	1.595119E-8	1.000000E+0	
5.365617E+3	1.449500E+1	7.924885E+0	1.891644E+2	4.538148E+1	2.776592E-3	-1.095945E-5	2.941249E-8	6.757245E-6	2.792676E-8	1.000000E+0	
5.378847E+3	1.449600E+1	9.906106E-2	1.606745E+2	4.538148E+1	2.776592E-3	5.427351E-9	1.178328E-8	3.415253E-8	1.291413E-8	1.000000E+0	
5.386146E+3	1.450400E+1	2.971832E+0	1.606745E+2	4.538148E+1	2.776592E-3	-5.203275E-7	4.548198E-8	2.963988E-7	6.131482E-8	1.000000E+0	
5.393444E+3	1.450000E+1	4.953053E+0	1.606745E+2	4.538148E+1	2.776592E-3	-2.571640E-6	1.074024E-7	1.378822E-6	9.957939E-8	1.000000E+0	
5.400175E+3	1.450100E+1	6.934274E+0	1.606745E+2	4.538148E+1	2.776592E-3	-7.589699E-6	8.145533E-8	4.284848E-6	9.729397E-8	1.000000E+0	
5.406258E+3	1.449900E+1	7.924885E+0	1.606745E+2	4.538148E+1	2.776592E-3	-1.171209E-5	2.092604E-7	6.849442E-6	2.262173E-7	1.000000E+0	
5.419601E+3	1.449800E+1	9.906106E-2	1.364756E+2	4.538148E+1	2.776592E-3	3.051178E-9	1.660065E-8	2.580216E-8	1.174709E-8	1.000000E+0	
5.427051E+3	1.450000E+1	2.971832E+0	1.364756E+2	4.538148E+1	2.776592E-3	-5.419839E-7	1.453459E-8	2.809908E-7	1.524731E-8	1.000000E+0	
5.434438E+3	1.449800E+1	4.953053E+0	1.364756E+2	4.538148E+1	2.776592E-3	-2.724825E-6	1.549031E-8	1.367481E-6	1.165965E-8	1.000000E+0	
5.441838E+3	1.449900E+1	6.934274E+0	1.364756E+2	4.538148E+1	2.776592E-3	-8.116755E-6	2.531653E-8	4.272885E-6	2.344072E-8	1.000000E+0	
5.449218E+3	1.450200E+1	7.924885E+0	1.364756E+2	4.538148E+1	2.776592E-3	-1.266550E-5	2.595271E-8	6.847818E-6	2.247910E-8	1.000000E+0	
5.459694E+3	1.449800E+1	9.906106E-2	1.159212E+2	4.538148E+1	2.776592E-3	-1.362195E-8	1.987170E-7	3.145184E-8	2.026722E-7	1.000000E+0	
5.467124E+3	1.450100E+1	2.971832E+0	1.159212E+2	4.538148E+1	2.776592E-3	-5.751692E-7	1.925117E-7	2.698062E-7	1.960987E-7	1.000000E+0	
5.474574E+3	1.450000E+1	4.953053E+0	1.159212E+2	4.538148E+1	2.776592E-3	-2.914563E-6	1.870672E-7	1.362918E-6	1.908428E-7	1.000000E+0	
5.482075E+3	1.450000E+1	6.934274E+0	1.159212E+2	4.538148E+1	2.776592E-3	-8.636861E-6	2.010104E-7	4.259255E-6	2.003521E-7	1.000000E+0	
5.489584E+3	1.449900E+1	7.924885E+0	1.159212E+2	4.538148E+1	2.776592E-3	-1.349373E-5	1.956054E-7	6.837189E-6	1.915746E-7	1.000000E+0	
5.500153E+3	1.450400E+1	9.906106E-2	9.846242E+1	4.538148E+1	2.776592E-3	-9.285628E-10	7.254809E-8	2.526713E-8	7.099006E-8	1.000000E+0	
5.507745E+3	1.450200E+1	2.971832E+0	9.846242E+1	4.538148E+1	2.776592E-3	-6.225779E-7	6.667975E-8	2.943669E-7	7.183613E-8	1.000000E+0	
5.515286E+3	1.450500E+1	4.953053E+0	9.846242E+1	4.538148E+1	2.776592E-3	-3.039728E-6	7.149827E-8	1.331434E-6	6.917366E-8	1.000000E+0	
5.522867E+3	1.450600E+1	6.934274E+0	9.846242E+1	4.538148E+1	2.776592E-3	-9.150987E-6	6.792920E-8	4.189225E-6	8.062874E-8	1.000000E+0	
5.530511E+3	1.451000E+1	7.924885E+0	9.846242E+1	4.538148E+1	2.776592E-3	-1.432392E-5	7.159788E-8	6.774392E-6	7.826146E-8	1.000000E+0	
5.541261E+3	1.451400E+1	9.906106E-2	8.363312E+1	4.538148E+1	2.776592E-3	2.655798E-8	2.527389E-7	-8.995364E-9	2.391760E-7	1.000000E+0	
5.549025E+3	1.450600E+1	2.971832E+0	8.363312E+1	4.538148E+1	2.776592E-3	-6.377400E-7	2.501313E-7	3.092167E-7	2.440303E-7	1.000000E+0	
5.556757E+3	1.450800E+1	4.953053E+0	8.363312E+1	4.538148E+1	2.776592E-3	-3.166437E-6	2.529296E-7	1.280950E-6	2.518238E-7	1.000000E+0	
5.564490E+3	1.451100E+1	6.934274E+0	8.363312E+1	4.538148E+1	2.776592E-3	-9.614206E-6	2.591260E-7	4.175432E-6	2.633296E-7	1.000000E+0	
5.572252E+3	1.452100E+1	7.924885E+0	8.363312E+1	4.538148E+1	2.776592E-3	-1.515278E-5	2.789848E-7	6.651022E-6	2.830799E-7	1.000000E+0	
5.583136E+3	1.452700E+1	9.906106E-2	7.103725E+1	4.538148E+1	2.776592E-3	5.278066E-9	1.600189E-8	1.260325E-8	1.281651E-8	1.000000E+0	
5.590969E+3	1.453300E+1	2.971832E+0	7.103725E+1	4.538148E+1	2.776592E-3	-6.650657E-7	1.049777E-8	2.657306E-7	1.255247E-8	1.000000E+0	
5.598886E+3	1.453000E+1	4.953053E+0	7.103725E+1	4.538148E+1	2.776592E-3	-3.332840E-6	1.107579E-8	1.290659E-6	1.192801E-8	1.000000E+0	
5.605564E+3	1.452600E+1	6.934274E+0	7.103725E+1	4.538148E+1	2.776592E-3	-1.005066E-5	2.938819E-8	4.030971E-6	1.355395E-8	1.000000E+0	
5.612309E+3	1.452300E+1	7.924885E+0	7.103725E+1	4.538148E+1	2.776592E-3	-1.577810E-5	4.218626E-8	6.532699E-6	2.742888E-8	1.000000E+0	
5.626976E+3	1.452300E+1	9.906106E-2	6.033842E+1	4.538148E+1	2.776592E-3	2.362777E-9	9.267181E-9	1.617860E-8	8.762109E-9	1.000000E+0	
5.635075E+3	1.452800E+1	2.971832E+0	6.033842E+1	4.538148E+1	2.776592E-3	-6.831278E-7	9.215200E-9	2.517144E-7	7.666074E-9	1.000000E+0	
5.643202E+3	1.453100E+1	4.953053E+0	6.033842E+1	4.538148E+1	2.776592E-3	-3.456705E-6	1.157184E-8	1.243785E-6	5.403579E-9	1.000000E+0	
5.649963E+3	1.452000E+1	6.934274E+0	6.033842E+1	4.538148E+1	2.776592E-3	-1.047024E-5	3.431655E-8	3.934341E-6	1.548582E-8	1.000000E+0	
5.656876E+3	1.449200E+1	7.924885E+0	6.033842E+1	4.538148E+1	2.776592E-3	-1.649398E-5	4.562290E-8	6.371804E-6	2.893255E-8	1.000000E+0	
5.671927E+3	1.448100E+1	9.906106E-2	5.125093E+1	4.538148E+1	2.776592E-3	7.347203E-9	4.479105E-8	2.358731E-9	4.579423E-8	1.000000E+0	
5.680270E+3	1.447800E+1	2.971832E+0	5.125093E+1	4.538148E+1	2.776592E-3	-7.197130E-7	4.133625E-8	2.400313E-7	4.673213E-8	1.000000E+0	
5.688549E+3	1.448100E+1	4.953053E+0	5.125093E+1	4.538148E+1	2.776592E-3	-3.580798E-6	4.805338E-8	1.207740E-6	5.206815E-8	1.000000E+0	
5.696848E+3	1.448100E+1	6.934274E+0	5.125093E+1	4.538148E+1	2.776592E-3	-1.093404E-5	5.596613E-8	3.854900E-6	5.067879E-8	1.000000E+0	
5.705131E+3	1.448200E+1	7.924885E+0	5.125093E+1	4.538148E+1	2.776592E-3	-1.728807E-5	5.843683E-8	6.271492E-6	6.337995E-8	1.000000E+0	
5.716699E+3	1.448200E+1	9.906106E-2	4.353209E+1	4.538148E+1	2.776592E-3	2.720449E-9	1.032355E-8	4.432413E-9	8.927276E-9	1.000000E+0	
5.725255E+3	1.448500E+1	2.971832E+0	4.353209E+1	4.538148E+1	2.776592E-3	-7.357231E-7	9.098970E-9	2.400542E-7	6.442097E-9	1.000000E+0	
5.733828E+3	1.448500E+1	4.953053E+0	4.353209E+1	4.538148E+1	2.776592E-3	-3.731898E-6	1.086981E-8	1.188667E-6	9.789659E-9	1.000000E+0	
5.740477E+3	1.448400E+1	6.934274E+0	4.353209E+1	4.538148E+1	2.776592E-3	-1.129765E-5	3.784619E-8	3.720839E-6	2.155433E-8	1.000000E+0	
5.747814E+3	1.448700E+1	7.924885E+0	4.353209E+1	4.538148E+1	2.776592E-3	-1.788640E-5	4.098035E-8	6.059734E-6	2.142502E-8	1.000000E+0	
5.764022E+3	1.448800E+1	9.906106E-2	3.697578E+1	4.538148E+1	2.776592E-3	-2.051299E-10	8.477923E-9	1.158965E-8	5.555627E-9	1.000000E+0	
5.772869E+3	1.448900E+1	2.971832E+0	3.697578E+1	4.538148E+1	2.776592E-3	-7.540579E-7	8.016689E-9	2.278847E-7	4.827807E-9	1.000000E+0	
5.781818E+3	1.448600E+1	4.953053E+0	3.697578E+1	4.538148E+1	2.776592E-3	-3.827979E-6	1.176489E-8	1.143228E-6	7.948957E-9	1.000000E+0	
5.790724E+3	1.448700E+1	6.934274E+0	3.697578E+1	4.538148E+1	2.776592E-3	-1.176954E-5	3.721430E-8	3.640229E-6	1.964376E-8	1.000000E+0	
5.799663E+3	1.448700E+1	7.924885E+0	3.697578E+1	4.538148E+1	2.776592E-3	-1.866590E-5	3.791416E-8	5.940032E-6	1.455726E-8	1.000000E+0	
5.811877E+3	1.448500E+1	9.906106E-2	3.140691E+1	4.538148E+1	2.776592E-3	8.178239E-9	1.007747E-8	3.689625E-9	1.158105E-8	1.000000E+0	
5.821142E+3	1.448900E+1	2.971832E+0	3.140691E+1	4.538148E+1	2.776592E-3	-7.823064E-7	9.971942E-9	2.294972E-7	7.709373E-9	1.000000E+0	
5.830393E+3	1.448900E+1	4.953053E+0	3.140691E+1	4.538148E+1	2.776592E-3	-3.964693E-6	1.435684E-8	1.106893E-6	4.090317E-9	1.000000E+0	
5.839677E+3	1.448800E+1	6.934274E+0	3.140691E+1	4.538148E+1	2.776592E-3	-1.218611E-5	3.387369E-8	3.541907E-6	8.960878E-9	1.000000E+0	
5.848918E+3	1.449200E+1	7.924885E+0	3.140691E+1	4.538148E+1	2.776592E-3	-1.933207E-5	3.654179E-8	5.774158E-6	1.780190E-8	1.000000E+0	
5.861570E+3	1.449200E+1	9.906106E-2	2.667675E+1	4.538148E+1	2.776592E-3	-1.150605E-7	5.095924E-8	-1.713312E-7	4.574856E-8	1.000000E+0	
5.871235E+3	1.449600E+1	2.971832E+0	2.667675E+1	4.538148E+1	2.776592E-3	-6.074480E-7	1.459770E-8	1.965050E-7	9.136288E-8	1.000000E+0	
5.880944E+3	1.449700E+1	4.953053E+0	2.667675E+1	4.538148E+1	2.776592E-3	-4.142779E-6	8.089471E-8	1.273710E-6	2.357086E-8	1.000000E+0	
5.889094E+3	1.449800E+1	6.934274E+0	2.667675E+1	4.538148E+1	2.776592E-3	-1.245326E-5	8.846708E-8	3.196551E-6	7.216758E-9	1.000000E+0	
5.897556E+3	1.449600E+1	7.924885E+0	2.667675E+1	4.538148E+1	2.776592E-3	-2.002668E-5	3.122889E-8	5.682504E-6	6.509542E-8	1.000000E+0	
5.916129E+3	1.449800E+1	9.906106E-2	2.265900E+1	4.538148E+1	2.776592E-3	-1.707629E-9	2.459620E-9	8.631183E-9	2.626458E-9	1.000000E+0	
5.926281E+3	1.449700E+1	2.971832E+0	2.265900E+1	4.538148E+1	2.776592E-3	-8.214584E-7	6.754735E-9	2.079828E-7	3.948242E-9	1.000000E+0	
5.936434E+3	1.450000E+1	4.953053E+0	2.265900E+1	4.538148E+1	2.776592E-3	-4.171254E-6	4.386872E-9	1.042459E-6	3.002436E-9	1.000000E+0	
5.946629E+3	1.449800E+1	6.934274E+0	2.265900E+1	4.538148E+1	2.776592E-3	-1.291342E-5	3.053634E-8	3.313742E-6	1.375263E-8	1.000000E+0	
5.956791E+3	1.449800E+1	7.924885E+0	2.265900E+1	4.538148E+1	2.776592E-3	-2.053703E-5	3.723833E-8	5.421971E-6	1.381311E-8	1.000000E+0	
5.970557E+3	1.449800E+1	9.906106E-2	1.924636E+1	4.538148E+1	2.776592E-3	6.516583E-9	5.564871E-9	9.326333E-9	3.230608E-9	1.000000E+0	
5.981297E+3	1.449900E+1	2.971832E+0	1.924636E+1	4.538148E+1	2.776592E-3	-8.482427E-7	1.015234E-8	2.008313E-7	2.355527E-9	1.000000E+0	
5.992066E+3	1.449700E+1	4.953053E+0	1.924636E+1	4.538148E+1	2.776592E-3	-4.296361E-6	8.975857E-9	1.011241E-6	3.493578E-9	1.000000E+0	
5.998738E+3	1.449800E+1	6.934274E+0	1.924636E+1	4.538148E+1	2.776592E-3	-1.304409E-5	9.402363E-8	3.218502E-6	9.563470E-8	1.000000E+0	
6.008307E+3	1.449600E+1	7.924885E+0	1.924636E+1	4.538148E+1	2.776592E-3	-2.095190E-5	4.569085E-8	5.206295E-6	1.769183E-8	1.000000E+0	
6.029257E+3	1.449700E+1	9.906106E-2	1.634769E+1	4.538148E+1	2.776592E-3	1.966617E-8	2.935701E-7	3.276261E-10	3.039264E-7	1.000000E+0	
6.040745E+3	1.449800E+1	2.971832E+0	1.634769E+1	4.538148E+1	2.776592E-3	-9.630512E-7	2.982156E-7	1.801440E-7	2.944142E-7	1.000000E+0	
6.052212E+3	1.449600E+1	4.953053E+0	1.634769E+1	4.538148E+1	2.776592E-3	-4.269862E-6	3.062045E-7	9.649461E-7	2.988378E-7	1.000000E+0	
6.063652E+3	1.449800E+1	6.934274E+0	1.634769E+1	4.538148E+1	2.776592E-3	-1.361088E-5	3.250612E-7	3.148167E-6	3.091440E-7	1.000000E+0	
6.075110E+3	1.449900E+1	7.924885E+0	1.634769E+1	4.538148E+1	2.776592E-3	-2.168100E-5	3.211002E-7	5.117854E-6	3.111305E-7	1.000000E+0	
6.090394E+3	1.449600E+1	9.906106E-2	1.388558E+1	4.538148E+1	2.776592E-3	-1.269632E-8	6.058043E-9	3.580635E-10	6.361728E-9	1.000000E+0	
6.102714E+3	1.449600E+1	2.971832E+0	1.388558E+1	4.538148E+1	2.776592E-3	-8.864549E-7	4.804841E-9	1.873178E-7	1.595184E-9	1.000000E+0	
6.115194E+3	1.450300E+1	4.953053E+0	1.388558E+1	4.538148E+1	2.776592E-3	-4.486382E-6	7.269392E-9	9.557150E-7	1.502200E-9	1.000000E+0	
6.121967E+3	1.450300E+1	6.934274E+0	1.388558E+1	4.538148E+1	2.776592E-3	-1.333745E-5	5.275530E-7	2.919462E-6	8.559735E-8	1.000000E+0	
6.133061E+3	1.450100E+1	7.924885E+0	1.388558E+1	4.538148E+1	2.776592E-3	-2.204585E-5	4.860164E-8	4.911964E-6	9.307294E-9	1.000000E+0	
6.157313E+3	1.450500E+1	9.906106E-2	1.179429E+1	4.538148E+1	2.776592E-3	3.467541E-9	4.590318E-9	-2.398055E-9	3.774675E-9	1.000000E+0	
6.170553E+3	1.450500E+1	2.971832E+0	1.179429E+1	4.538148E+1	2.776592E-3	-8.871341E-7	5.064268E-9	1.782616E-7	5.127209E-9	1.000000E+0	
6.183784E+3	1.450400E+1	4.953053E+0	1.179429E+1	4.538148E+1	2.776592E-3	-4.573743E-6	5.663747E-9	9.289032E-7	3.752103E-9	1.000000E+0	
6.190486E+3	1.450400E+1	6.934274E+0	1.179429E+1	4.538148E+1	2.776592E-3	-1.304337E-5	1.077915E-6	5.737722E-6	3.087709E-6	1.000000E+0	
6.202499E+3	1.450300E+1	7.924885E+0	1.179429E+1	4.538148E+1	2.776592E-3	-2.254231E-5	4.424411E-8	4.770865E-6	1.522122E-8	1.000000E+0	
6.228899E+3	1.450400E+1	9.906106E-2	1.001797E+1	4.538148E+1	2.776592E-3	4.564036E-9	1.526450E-9	8.281725E-10	5.253102E-9	1.000000E+0	
6.243281E+3	1.450400E+1	2.971832E+0	1.001797E+1	4.538148E+1	2.776592E-3	-9.030688E-7	7.949288E-9	1.782153E-7	4.405960E-9	1.000000E+0	
6.257646E+3	1.450500E+1	4.953053E+0	1.001797E+1	4.538148E+1	2.776592E-3	-4.656098E-6	5.092003E-9	9.039872E-7	1.934115E-9	1.000000E+0	
6.265896E+3	1.450500E+1	6.934274E+0	1.001797E+1	4.538148E+1	2.776592E-3	-1.181027E-5	2.261586E-6	1.019349E-6	1.553472E-6	1.000000E+0	
6.279116E+3	1.450800E+1	7.924885E+0	1.001797E+1	4.538148E+1	2.776592E-3	-2.308417E-5	4.041755E-8	4.661905E-6	1.056065E-8	1.000000E+0	
6.307922E+3	1.450800E+1	9.906106E-2	8.509180E+0	4.538148E+1	2.776592E-3	1.618363E-7	6.145672E-8	7.413958E-8	1.119860E-7	1.000000E+0	
6.323665E+3	1.450700E+1	2.971832E+0	8.509180E+0	4.538148E+1	2.776592E-3	-8.503372E-7	1.149738E-7	3.263217E-8	6.747186E-8	1.000000E+0	
6.339384E+3	1.450700E+1	4.953053E+0	8.509180E+0	4.538148E+1	2.776592E-3	-4.903119E-6	9.108860E-8	7.790344E-7	1.021272E-7	1.000000E+0	
6.347512E+3	1.450600E+1	6.934274E+0	8.509180E+0	4.538148E+1	2.776592E-3	-9.253183E-6	3.247686E-6	1.008891E-5	3.487429E-6	1.000000E+0	
6.362058E+3	1.450800E+1	7.924885E+0	8.509180E+0	4.538148E+1	2.776592E-3	-2.380950E-5	7.200060E-8	4.521823E-6	1.242751E-7	1.000000E+0	
6.393851E+3	1.450400E+1	9.906106E-2	7.227620E+0	4.538148E+1	2.776592E-3	1.500929E-9	1.712525E-9	-3.578040E-9	1.354170E-9	1.000000E+0	
6.411191E+3	1.450400E+1	2.971832E+0	7.227620E+0	4.538148E+1	2.776592E-3	-9.470017E-7	9.945742E-10	1.741998E-7	1.117597E-9	1.000000E+0	
6.428571E+3	1.450600E+1	4.953053E+0	7.227620E+0	4.538148E+1	2.776592E-3	-4.857849E-6	4.257811E-9	8.650337E-7	7.528007E-10	1.000000E+0	
6.435322E+3	1.450400E+1	6.934274E+0	7.227620E+0	4.538148E+1	2.776592E-3	-1.913668E-5	2.451712E-6	2.882097E-6	8.966668E-7	1.000000E+0	
6.451458E+3	1.450700E+1	7.924885E+0	7.227620E+0	4.538148E+1	2.776592E-3	-2.409574E-5	3.865026E-8	4.444208E-6	6.397060E-9	1.000000E+0	
6.486613E+3	1.450500E+1	9.906106E-2	6.139080E+0	4.538148E+1	2.776592E-3	1.255288E-8	2.983760E-9	8.841618E-9	2.594564E-9	1.000000E+0	
6.505803E+3	1.450400E+1	2.971832E+0	6.139080E+0	4.538148E+1	2.776592E-3	-9.638081E-7	3.730670E-9	1.665201E-7	1.557872E-10	1.000000E+0	
6.524986E+3	1.450200E+1	4.953053E+0	6.139080E+0	4.538148E+1	2.776592E-3	-4.967214E-6	6.872228E-9	8.436945E-7	2.811321E-9	1.000000E+0	
6.531718E+3	1.450200E+1	6.934274E+0	6.139080E+0	4.538148E+1	2.776592E-3	-7.897323E-6	2.471770E-6	9.737249E-6	1.422023E-6	1.000000E+0	
6.549714E+3	1.450200E+1	7.924885E+0	6.139080E+0	4.538148E+1	2.776592E-3	-2.458890E-5	3.343981E-8	4.326781E-6	9.747517E-9	1.000000E+0	
6.588919E+3	1.449400E+1	9.906106E-2	5.214480E+0	4.538148E+1	2.776592E-3	1.366511E-8	3.448455E-9	-7.051324E-9	1.256763E-9	1.000000E+0	
6.610328E+3	1.449600E+1	2.971832E+0	5.214480E+0	4.538148E+1	2.776592E-3	-9.701287E-7	9.339091E-10	1.512550E-7	1.874285E-9	1.000000E+0	
6.631715E+3	1.449600E+1	4.953053E+0	5.214480E+0	4.538148E+1	2.776592E-3	-5.049581E-6	7.985996E-9	8.191612E-7	1.951372E-9	1.000000E+0	
6.653074E+3	1.449900E+1	6.934274E+0	5.214480E+0	4.538148E+1	2.776592E-3	-1.584951E-5	1.988584E-8	2.622658E-6	1.582022E-9	1.000000E+0	
6.674472E+3	1.449500E+1	7.924885E+0	5.214480E+0	4.538148E+1	2.776592E-3	-2.532833E-5	2.280020E-8	4.286698E-6	5.453376E-9	1.000000E+0	
6.702035E+3	1.449800E+1	9.906106E-2	4.429130E+0	4.538148E+1	2.776592E-3	3.980407E-9	1.333223E-9	-6.083055E-9	4.952216E-10	1.000000E+0	
6.726017E+3	1.449600E+1	2.971832E+0	4.429130E+0	4.538148E+1	2.776592E-3	-9.894680E-7	9.260269E-10	1.557298E-7	2.100196E-9	1.000000E+0	
6.749974E+3	1.449800E+1	4.953053E+0	4.429130E+0	4.538148E+1	2.776592E-3	-5.152928E-6	4.884837E-9	7.986321E-7	2.181140E-10	1.000000E+0	
6.756727E+3	1.449700E+1	6.934274E+0	4.429130E+0	4.538148E+1	2.776592E-3	-1.319900E-5	3.034886E-6	1.802785E-5	1.106675E-6	1.000000E+0	
6.779471E+3	1.450100E+1	7.924885E+0	4.429130E+0	4.538148E+1	2.776592E-3	-2.559633E-5	2.970187E-8	4.125466E-6	7.072616E-9	1.000000E+0	
6.829142E+3	1.450100E+1	9.906106E-2	3.762070E+0	4.538148E+1	2.776592E-3	-1.372035E-9	2.467856E-9	4.326182E-9	2.783053E-9	1.000000E+0	
6.856129E+3	1.450300E+1	2.971832E+0	3.762070E+0	4.538148E+1	2.776592E-3	-9.941043E-7	4.644699E-10	1.610183E-7	5.236871E-9	1.000000E+0	
6.883125E+3	1.450200E+1	4.953053E+0	3.762070E+0	4.538148E+1	2.776592E-3	-5.223724E-6	1.537898E-9	7.957178E-7	1.687998E-9	1.000000E+0	
6.910161E+3	1.450800E+1	6.934274E+0	3.762070E+0	4.538148E+1	2.776592E-3	-1.646083E-5	1.258847E-8	2.510964E-6	2.492878E-9	1.000000E+0	
6.937178E+3	1.451200E+1	7.924885E+0	3.762070E+0	4.538148E+1	2.776592E-3	-2.630776E-5	1.560655E-8	4.092878E-6	3.624835E-9	1.000000E+0	
6.974130E+3	1.451000E+1	9.906106E-2	3.195470E+0	4.538148E+1	2.776592E-3	-2.441174E-9	1.155814E-10	-2.810255E-9	6.042183E-10	1.000000E+0	
7.004622E+3	1.450500E+1	2.971832E+0	3.195470E+0	4.538148E+1	2.776592E-3	-1.021080E-6	1.916523E-9	1.625496E-7	3.844742E-9	1.000000E+0	
7.035190E+3	1.450600E+1	4.953053E+0	3.195470E+0	4.538148E+1	2.776592E-3	-5.317933E-6	1.009608E-9	7.678455E-7	1.117509E-9	1.000000E+0	
7.065718E+3	1.450500E+1	6.934274E+0	3.195470E+0	4.538148E+1	2.776592E-3	-1.677088E-5	1.400923E-8	2.443761E-6	1.675099E-9	1.000000E+0	
7.096169E+3	1.450300E+1	7.924885E+0	3.195470E+0	4.538148E+1	2.776592E-3	-2.675574E-5	1.398187E-8	3.975432E-6	1.082949E-9	1.000000E+0	
7.138123E+3	1.450300E+1	9.906106E-2	2.714200E+0	4.538148E+1	2.776592E-3	1.877345E-8	4.473592E-9	7.111189E-9	1.494624E-9	1.000000E+0	
7.172865E+3	1.450200E+1	2.971832E+0	2.714200E+0	4.538148E+1	2.776592E-3	-1.035285E-6	9.863983E-10	1.381858E-7	3.432585E-10	1.000000E+0	
7.207624E+3	1.450200E+1	4.953053E+0	2.714200E+0	4.538148E+1	2.776592E-3	-5.407965E-6	3.214810E-9	7.527466E-7	2.396972E-10	1.000000E+0	
7.214375E+3	1.450100E+1	6.934274E+0	2.714200E+0	4.538148E+1	2.776592E-3	2.598190E-8	1.961737E-6	7.942135E-6	1.759396E-6	1.000000E+0	
7.247893E+3	1.449700E+1	7.924885E+0	2.714200E+0	4.538148E+1	2.776592E-3	-2.701015E-5	1.828727E-8	3.841117E-6	4.693468E-9	1.000000E+0	
7.320985E+3	1.450000E+1	9.906106E-2	2.305420E+0	4.538148E+1	2.776592E-3	1.371750E-8	2.375187E-10	-1.253696E-8	4.692143E-10	1.000000E+0	
7.360694E+3	1.449500E+1	2.971832E+0	2.305420E+0	4.538148E+1	2.776592E-3	-1.036463E-6	3.544825E-9	1.646734E-7	3.573722E-9	1.000000E+0	
7.400395E+3	1.449400E+1	4.953053E+0	2.305420E+0	4.538148E+1	2.776592E-3	-5.467886E-6	1.873065E-9	7.277941E-7	1.241637E-10	1.000000E+0	
7.407095E+3	1.449100E+1	6.934274E+0	2.305420E+0	4.538148E+1	2.776592E-3	-8.328246E-6	1.411898E-6	1.876609E-6	1.920922E-7	1.000000E+0	
7.445518E+3	1.448800E+1	7.924885E+0	2.305420E+0	4.538148E+1	2.776592E-3	-2.745513E-5	1.404440E-8	3.753407E-6	2.986169E-9	1.000000E+0	
7.529422E+3	1.449200E+1	9.906106E-2	1.958200E+0	4.538148E+1	2.776592E-3	3.362173E-9	4.376355E-9	-4.409155E-8	1.886948E-9	1.000000E+0	
7.574892E+3	1.449200E+1	2.971832E+0	1.958200E+0	4.538148E+1	2.776592E-3	-1.055284E-6	2.330804E-9	1.382655E-7	1.147430E-9	1.000000E+0	
7.620412E+3	1.449700E+1	4.953053E+0	1.958200E+0	4.538148E+1	2.776592E-3	-5.555037E-6	6.520973E-10	7.586988E-7	3.134552E-9	1.000000E+0	
7.627073E+3	1.449300E+1	6.934274E+0	1.958200E+0	4.538148E+1	2.776592E-3	-5.151234E-6	2.694605E-7	-1.398370E-6	1.169907E-6	1.000000E+0	
7.671459E+3	1.449000E+1	7.924885E+0	1.958200E+0	4.538148E+1	2.776592E-3	-2.787293E-5	1.248829E-8	3.664930E-6	2.004175E-9	1.000000E+0	
7.768066E+3	1.451100E+1	9.906106E-2	1.663280E+0	4.538148E+1	2.776592E-3	-5.215961E-9	1.798936E-10	1.539022E-8	1.168641E-9	1.000000E+0	
7.820480E+3	1.450800E+1	2.971832E+0	1.663280E+0	4.538148E+1	2.776592E-3	-1.071166E-6	3.921833E-10	1.328157E-7	1.004953E-9	1.000000E+0	
7.872883E+3	1.451000E+1	4.953053E+0	1.663280E+0	4.538148E+1	2.776592E-3	-5.623091E-6	1.763852E-10	6.960047E-7	1.741380E-9	1.000000E+0	
7.879596E+3	1.451000E+1	6.934274E+0	1.663280E+0	4.538148E+1	2.776592E-3	-4.936070E-6	3.806642E-7	1.395082E-6	3.707861E-7	1.000000E+0	
7.930784E+3	1.450900E+1	7.924885E+0	1.663280E+0	4.538148E+1	2.776592E-3	-2.830610E-5	8.376275E-9	3.616133E-6	1.150105E-9	1.000000E+0	
8.042329E+3	1.450500E+1	9.906106E-2	1.412780E+0	4.538148E+1	2.776592E-3	-3.320878E-9	1.342044E-9	4.478497E-9	1.971690E-9	1.000000E+0	
8.102780E+3	1.450300E+1	2.971832E+0	1.412780E+0	4.538148E+1	2.776592E-3	-1.088305E-6	4.159745E-10	1.404287E-7	4.345330E-9	1.000000E+0	
8.163219E+3	1.450100E+1	4.953053E+0	1.412780E+0	4.538148E+1	2.776592E-3	-5.706053E-6	9.795530E-10	6.542389E-7	1.313499E-9	1.000000E+0	
8.223661E+3	1.450300E+1	6.934274E+0	1.412780E+0	4.538148E+1	2.776592E-3	-1.807250E-5	1.837959E-9	2.150050E-6	2.226348E-9	1.000000E+0	
8.284061E+3	1.450300E+1	7.924885E+0	1.412780E+0	4.538148E+1	2.776592E-3	-2.875642E-5	3.494719E-9	3.487896E-6	1.112678E-9	1.000000E+0	
8.367964E+3	1.450000E+1	9.906106E-2	1.200000E+0	4.538148E+1	2.776592E-3	3.273845E-8	3.614488E-9	1.347744E-8	1.568333E-9	1.000000E+0	
8.437871E+3	1.450800E+1	2.971832E+0	1.200000E+0	4.538148E+1	2.776592E-3	-1.006727E-6	3.087518E-9	6.875434E-8	2.399526E-9	1.000000E+0	
8.507796E+3	1.450000E+1	4.953053E+0	1.200000E+0	4.538148E+1	2.776592E-3	-5.722822E-6	1.851718E-9	5.946731E-7	9.218566E-11	1.000000E+0	
8.577729E+3	1.448300E+1	6.934274E+0	1.200000E+0	4.538148E+1	2.776592E-3	-1.818545E-5	2.323076E-9	2.047363E-6	8.934949E-10	1.000000E+0	
8.647654E+3	1.449700E+1	7.924885E+0	1.200000E+0	4.538148E+1	2.776592E-3	-2.896067E-5	8.955880E-10	3.321448E-6	1.723893E-9	1.000000E+0	
--- > K and esd K (estimated based on user TCR) : -5.992068E+0	-1.549841E-1	

*** Temperature stable /K : 1.946800000E+1
--- > R0 : 4.554364E+1	4.554485E+1	4.554450E+1	4.554044E+1	4.554109E+1	4.554168E+1	4.554617E+1	4.554657E+1	4.554332E+1	4.554143E+1	4.554093E+1	4.554295E+1	
time /sec  	temp /K    	current /mA	freq /Hz   	R0 /Ohms   	esd R0     	V3X /V_rms 	esd V3X    	V3Y /V_rms 	esd V3Y    	Data_Valid?
8.833652E+3	1.948000E+1	9.906100E-2	2.577000E+3	4.554313E+1	2.076071E-3	-7.360709E-8	1.216776E-7	4.682148E-7	1.435326E-7	1.000000E+0	
8.840546E+3	1.948200E+1	2.971830E+0	2.577000E+3	4.554313E+1	2.076071E-3	-2.160728E-7	1.301524E-7	6.448512E-7	1.241666E-7	1.000000E+0	
8.847428E+3	1.948400E+1	4.953050E+0	2.577000E+3	4.554313E+1	2.076071E-3	-8.262035E-7	1.381910E-7	1.270803E-6	1.333780E-7	1.000000E+0	
8.855615E+3	1.948800E+1	6.934270E+0	2.577000E+3	4.554313E+1	2.076071E-3	-2.319169E-6	1.255983E-7	2.805980E-6	1.362112E-7	1.000000E+0	
8.861336E+3	1.948800E+1	7.924881E+0	2.577000E+3	4.554313E+1	2.076071E-3	-3.485356E-6	1.179943E-7	3.912189E-6	1.315737E-7	1.000000E+0	
8.873854E+3	1.949200E+1	9.906100E-2	2.188881E+3	4.554313E+1	2.076071E-3	-3.489411E-8	2.382863E-7	3.985800E-7	2.041578E-7	1.000000E+0	
8.880751E+3	1.949300E+1	2.971830E+0	2.188881E+3	4.554313E+1	2.076071E-3	-2.086303E-7	2.373086E-7	5.919308E-7	2.367882E-7	1.000000E+0	
8.887654E+3	1.949300E+1	4.953050E+0	2.188881E+3	4.554313E+1	2.076071E-3	-9.546077E-7	2.234275E-7	1.245907E-6	2.476665E-7	1.000000E+0	
8.894446E+3	1.949500E+1	6.934270E+0	2.188881E+3	4.554313E+1	2.076071E-3	-2.536829E-6	2.487102E-7	2.746938E-6	2.245298E-7	1.000000E+0	
8.902533E+3	1.949900E+1	7.924881E+0	2.188881E+3	4.554313E+1	2.076071E-3	-3.822001E-6	2.201070E-7	3.852615E-6	2.406752E-7	1.000000E+0	
8.914974E+3	1.950400E+1	9.906100E-2	1.859217E+3	4.554313E+1	2.076071E-3	-3.505386E-8	8.331926E-8	3.321485E-7	8.666497E-8	1.000000E+0	
8.921827E+3	1.950200E+1	2.971830E+0	1.859217E+3	4.554313E+1	2.076071E-3	-2.220873E-7	8.353802E-8	5.207073E-7	9.049930E-8	1.000000E+0	
8.928700E+3	1.950300E+1	4.953050E+0	1.859217E+3	4.554313E+1	2.076071E-3	-9.878524E-7	8.262892E-8	1.194268E-6	7.685888E-8	1.000000E+0	
8.935593E+3	1.950000E+1	6.934270E+0	1.859217E+3	4.554313E+1	2.076071E-3	-2.707557E-6	8.524449E-8	2.760000E-6	7.780335E-8	1.000000E+0	
8.942225E+3	1.950300E+1	7.924881E+0	1.859217E+3	4.554313E+1	2.076071E-3	-4.086323E-6	7.554623E-8	3.971023E-6	8.410039E-8	1.000000E+0	
8.954694E+3	1.950200E+1	9.906100E-2	1.579203E+3	4.554313E+1	2.076071E-3	3.519019E-11	8.050198E-8	2.762336E-7	8.968766E-8	1.000000E+0	
8.961519E+3	1.950100E+1	2.971830E+0	1.579203E+3	4.554313E+1	2.076071E-3	-2.115170E-7	1.001786E-7	4.938926E-7	9.304233E-8	1.000000E+0	
8.968391E+3	1.950200E+1	4.953050E+0	1.579203E+3	4.554313E+1	2.076071E-3	-1.019133E-6	9.051023E-8	1.190898E-6	9.651303E-8	1.000000E+0	
8.975103E+3	1.950100E+1	6.934270E+0	1.579203E+3	4.554313E+1	2.076071E-3	-2.855616E-6	9.400590E-8	2.875151E-6	1.075382E-7	1.000000E+0	
8.980771E+3	1.950200E+1	7.924881E+0	1.579203E+3	4.554313E+1	2.076071E-3	-4.312966E-6	1.009528E-7	4.154942E-6	9.731123E-8	1.000000E+0	
8.993261E+3	1.950200E+1	9.906100E-2	1.341361E+3	4.554313E+1	2.076071E-3	-5.686779E-10	1.453469E-7	2.427907E-7	1.318695E-7	1.000000E+0	
9.000125E+3	1.950000E+1	2.971830E+0	1.341361E+3	4.554313E+1	2.076071E-3	-2.385351E-7	1.430516E-7	4.620205E-7	1.247593E-7	1.000000E+0	
9.007046E+3	1.950100E+1	4.953050E+0	1.341361E+3	4.554313E+1	2.076071E-3	-1.096077E-6	1.027999E-7	1.200253E-6	1.069708E-7	1.000000E+0	
9.013935E+3	1.950100E+1	6.934270E+0	1.341361E+3	4.554313E+1	2.076071E-3	-3.086662E-6	1.165026E-7	2.941951E-6	1.170178E-7	1.000000E+0	
9.020822E+3	1.950200E+1	7.924881E+0	1.341361E+3	4.554313E+1	2.076071E-3	-4.656288E-6	1.055913E-7	4.295451E-6	1.176682E-7	1.000000E+0	
9.030714E+3	1.950200E+1	9.906100E-2	1.139340E+3	4.554313E+1	2.076071E-3	-9.166264E-9	6.479391E-8	1.960370E-7	5.824550E-8	1.000000E+0	
9.037615E+3	1.950200E+1	2.971830E+0	1.139340E+3	4.554313E+1	2.076071E-3	-2.477386E-7	6.400031E-8	4.215796E-7	6.555423E-8	1.000000E+0	
9.044499E+3	1.950300E+1	4.953050E+0	1.139340E+3	4.554313E+1	2.076071E-3	-1.180349E-6	6.854834E-8	1.220004E-6	7.042906E-8	1.000000E+0	
9.051414E+3	1.950300E+1	6.934270E+0	1.139340E+3	4.554313E+1	2.076071E-3	-3.309357E-6	6.745285E-8	3.063652E-6	5.477881E-8	1.000000E+0	
9.058328E+3	1.950300E+1	7.924881E+0	1.139340E+3	4.554313E+1	2.076071E-3	-4.994197E-6	7.048548E-8	4.494265E-6	6.937443E-8	1.000000E+0	
9.068247E+3	1.950200E+1	9.906100E-2	9.677457E+2	4.554313E+1	2.076071E-3	-2.008487E-9	9.609510E-8	1.724354E-7	9.514797E-8	1.000000E+0	
9.075201E+3	1.950100E+1	2.971830E+0	9.677457E+2	4.554313E+1	2.076071E-3	-2.672222E-7	9.907908E-8	4.167736E-7	9.728031E-8	1.000000E+0	
9.081921E+3	1.950300E+1	4.953050E+0	9.677457E+2	4.554313E+1	2.076071E-3	-1.264571E-6	9.831117E-8	1.251540E-6	1.000594E-7	1.000000E+0	
9.091487E+3	1.950200E+1	6.934270E+0	9.677457E+2	4.554313E+1	2.076071E-3	-3.562929E-6	1.175838E-7	3.223002E-6	1.102247E-7	1.000000E+0	
9.097186E+3	1.950400E+1	7.924881E+0	9.677457E+2	4.554313E+1	2.076071E-3	-5.375881E-6	1.080590E-7	4.725597E-6	9.002667E-8	1.000000E+0	
9.109760E+3	1.950400E+1	9.906100E-2	8.219948E+2	4.554313E+1	2.076071E-3	-9.437793E-10	8.475797E-8	1.465099E-7	8.100732E-8	1.000000E+0	
9.116671E+3	1.950300E+1	2.971830E+0	8.219948E+2	4.554313E+1	2.076071E-3	-2.909757E-7	8.028513E-8	3.896490E-7	8.260206E-8	1.000000E+0	
9.123635E+3	1.950500E+1	4.953050E+0	8.219948E+2	4.554313E+1	2.076071E-3	-1.365678E-6	7.597267E-8	1.295866E-6	7.294739E-8	1.000000E+0	
9.130347E+3	1.950500E+1	6.934270E+0	8.219948E+2	4.554313E+1	2.076071E-3	-3.825703E-6	7.642129E-8	3.383938E-6	8.879253E-8	1.000000E+0	
9.140005E+3	1.950500E+1	7.924881E+0	8.219948E+2	4.554313E+1	2.076071E-3	-5.788034E-6	8.252302E-8	5.026237E-6	7.784875E-8	1.000000E+0	
9.152576E+3	1.950300E+1	9.906100E-2	6.981952E+2	4.554313E+1	2.076071E-3	4.725063E-9	4.345118E-8	1.136998E-7	3.991286E-8	1.000000E+0	
9.159520E+3	1.950300E+1	2.971830E+0	6.981952E+2	4.554313E+1	2.076071E-3	-3.007763E-7	3.716002E-8	3.831624E-7	4.173440E-8	1.000000E+0	
9.166474E+3	1.950300E+1	4.953050E+0	6.981952E+2	4.554313E+1	2.076071E-3	-1.472503E-6	4.120203E-8	1.352699E-6	4.331179E-8	1.000000E+0	
9.173174E+3	1.950300E+1	6.934270E+0	6.981952E+2	4.554313E+1	2.076071E-3	-4.132368E-6	4.132454E-8	3.581123E-6	4.370542E-8	1.000000E+0	
9.178905E+3	1.950100E+1	7.924881E+0	6.981952E+2	4.554313E+1	2.076071E-3	-6.235701E-6	4.066195E-8	5.319228E-6	3.769897E-8	1.000000E+0	
9.191525E+3	1.950400E+1	9.906100E-2	5.930409E+2	4.554313E+1	2.076071E-3	-3.213261E-9	4.092605E-8	9.668008E-8	4.225679E-8	1.000000E+0	
9.198521E+3	1.950300E+1	2.971830E+0	5.930409E+2	4.554313E+1	2.076071E-3	-3.371338E-7	4.885596E-8	3.919201E-7	4.239543E-8	1.000000E+0	
9.205454E+3	1.950100E+1	4.953050E+0	5.930409E+2	4.554313E+1	2.076071E-3	-1.597639E-6	4.801731E-8	1.401635E-6	4.504952E-8	1.000000E+0	
9.213622E+3	1.950100E+1	6.934270E+0	5.930409E+2	4.554313E+1	2.076071E-3	-4.470009E-6	4.332678E-8	3.810009E-6	4.544694E-8	1.000000E+0	
9.219443E+3	1.950100E+1	7.924881E+0	5.930409E+2	4.554313E+1	2.076071E-3	-6.731603E-6	4.802403E-8	5.677587E-6	4.597667E-8	1.000000E+0	
9.232064E+3	1.950000E+1	9.906100E-2	5.037238E+2	4.554313E+1	2.076071E-3	-1.627878E-9	3.459630E-8	8.787289E-8	3.296240E-8	1.000000E+0	
9.239030E+3	1.950100E+1	2.971830E+0	5.037238E+2	4.554313E+1	2.076071E-3	-3.638991E-7	2.778449E-8	3.875720E-7	3.297886E-8	1.000000E+0	
9.245994E+3	1.950100E+1	4.953050E+0	5.037238E+2	4.554313E+1	2.076071E-3	-1.727925E-6	3.456409E-8	1.488684E-6	3.061651E-8	1.000000E+0	
9.252979E+3	1.950200E+1	6.934270E+0	5.037238E+2	4.554313E+1	2.076071E-3	-4.844554E-6	2.981388E-8	4.040776E-6	3.102071E-8	1.000000E+0	
9.259973E+3	1.950300E+1	7.924881E+0	5.037238E+2	4.554313E+1	2.076071E-3	-7.294770E-6	3.115864E-8	6.061282E-6	3.256535E-8	1.000000E+0	
9.270023E+3	1.950300E+1	9.906100E-2	4.278586E+2	4.554313E+1	2.076071E-3	9.973025E-9	3.301056E-8	7.842470E-8	3.142238E-8	1.000000E+0	
9.277079E+3	1.950200E+1	2.971830E+0	4.278586E+2	4.554313E+1	2.076071E-3	-3.983462E-7	3.000951E-8	3.918387E-7	3.095620E-8	1.000000E+0	
9.284105E+3	1.950100E+1	4.953050E+0	4.278586E+2	4.554313E+1	2.076071E-3	-1.886335E-6	3.750164E-8	1.565462E-6	2.847576E-8	1.000000E+0	
9.290835E+3	1.950300E+1	6.934270E+0	4.278586E+2	4.554313E+1	2.076071E-3	-5.273320E-6	4.032851E-8	4.293242E-6	2.956211E-8	1.000000E+0	
9.296698E+3	1.950100E+1	7.924881E+0	4.278586E+2	4.554313E+1	2.076071E-3	-7.933441E-6	3.614493E-8	6.463692E-6	2.802042E-8	1.000000E+0	
9.309491E+3	1.950300E+1	9.906100E-2	3.634194E+2	4.554313E+1	2.076071E-3	9.553388E-9	3.417079E-8	7.036965E-8	3.665487E-8	1.000000E+0	
9.316556E+3	1.950400E+1	2.971830E+0	3.634194E+2	4.554313E+1	2.076071E-3	-4.298273E-7	2.759218E-8	3.949222E-7	2.717955E-8	1.000000E+0	
9.323613E+3	1.950600E+1	4.953050E+0	3.634194E+2	4.554313E+1	2.076071E-3	-2.058053E-6	3.346726E-8	1.635103E-6	3.664308E-8	1.000000E+0	
9.330354E+3	1.950500E+1	6.934270E+0	3.634194E+2	4.554313E+1	2.076071E-3	-5.730512E-6	3.020699E-8	4.544371E-6	3.539749E-8	1.000000E+0	
9.336244E+3	1.950700E+1	7.924881E+0	3.634194E+2	4.554313E+1	2.076071E-3	-8.638929E-6	3.460190E-8	6.841705E-6	2.990901E-8	1.000000E+0	
9.349091E+3	1.950500E+1	9.906100E-2	3.086852E+2	4.554313E+1	2.076071E-3	8.774845E-9	3.129146E-8	5.304553E-8	3.196991E-8	1.000000E+0	
9.356216E+3	1.950400E+1	2.971830E+0	3.086852E+2	4.554313E+1	2.076071E-3	-4.666777E-7	3.670518E-8	3.987430E-7	2.951747E-8	1.000000E+0	
9.363312E+3	1.950700E+1	4.953050E+0	3.086852E+2	4.554313E+1	2.076071E-3	-2.241350E-6	3.182100E-8	1.704540E-6	3.249178E-8	1.000000E+0	
9.370357E+3	1.950600E+1	6.934270E+0	3.086852E+2	4.554313E+1	2.076071E-3	-6.283484E-6	3.046068E-8	4.773955E-6	2.881381E-8	1.000000E+0	
9.377483E+3	1.950800E+1	7.924881E+0	3.086852E+2	4.554313E+1	2.076071E-3	-9.447989E-6	3.221629E-8	7.228382E-6	3.603914E-8	1.000000E+0	
9.387605E+3	1.950400E+1	9.906100E-2	2.621946E+2	4.554313E+1	2.076071E-3	2.444314E-9	1.655554E-8	4.064053E-8	1.881869E-8	1.000000E+0	
9.394743E+3	1.950200E+1	2.971830E+0	2.621946E+2	4.554313E+1	2.076071E-3	-5.267852E-7	1.704167E-8	4.103992E-7	1.715420E-8	1.000000E+0	
9.401930E+3	1.950600E+1	4.953050E+0	2.621946E+2	4.554313E+1	2.076071E-3	-2.449060E-6	1.759513E-8	1.779288E-6	1.860914E-8	1.000000E+0	
9.409096E+3	1.950500E+1	6.934270E+0	2.621946E+2	4.554313E+1	2.076071E-3	-6.865305E-6	2.072018E-8	4.997615E-6	2.102287E-8	1.000000E+0	
9.416251E+3	1.950400E+1	7.924881E+0	2.621946E+2	4.554313E+1	2.076071E-3	-1.032548E-5	2.062074E-8	7.585494E-6	2.186932E-8	1.000000E+0	
9.426456E+3	1.950200E+1	9.906100E-2	2.227058E+2	4.554313E+1	2.076071E-3	1.866865E-9	2.360831E-8	4.384840E-8	2.407568E-8	1.000000E+0	
9.433632E+3	1.950100E+1	2.971830E+0	2.227058E+2	4.554313E+1	2.076071E-3	-5.596484E-7	2.017727E-8	4.102774E-7	2.026383E-8	1.000000E+0	
9.440828E+3	1.950300E+1	4.953050E+0	2.227058E+2	4.554313E+1	2.076071E-3	-2.670333E-6	1.886672E-8	1.818889E-6	2.064575E-8	1.000000E+0	
9.447539E+3	1.950100E+1	6.934270E+0	2.227058E+2	4.554313E+1	2.076071E-3	-7.486659E-6	1.720864E-8	5.170312E-6	1.823404E-8	1.000000E+0	
9.453530E+3	1.950200E+1	7.924881E+0	2.227058E+2	4.554313E+1	2.076071E-3	-1.126465E-5	1.863849E-8	7.865290E-6	1.949562E-8	1.000000E+0	
9.466700E+3	1.950200E+1	9.906100E-2	1.891644E+2	4.554313E+1	2.076071E-3	3.132687E-9	1.677784E-8	3.756937E-8	1.753655E-8	1.000000E+0	
9.473967E+3	1.950000E+1	2.971830E+0	1.891644E+2	4.554313E+1	2.076071E-3	-6.052179E-7	1.668195E-8	4.088323E-7	1.594498E-8	1.000000E+0	
9.481238E+3	1.950400E+1	4.953050E+0	1.891644E+2	4.554313E+1	2.076071E-3	-2.905280E-6	1.895219E-8	1.844492E-6	1.961839E-8	1.000000E+0	
9.487898E+3	1.950600E+1	6.934270E+0	1.891644E+2	4.554313E+1	2.076071E-3	-8.138664E-6	1.620148E-8	5.274501E-6	2.043789E-8	1.000000E+0	
9.493921E+3	1.949900E+1	7.924881E+0	1.891644E+2	4.554313E+1	2.076071E-3	-1.226682E-5	1.993147E-8	8.063023E-6	2.338651E-8	1.000000E+0	
9.507100E+3	1.950000E+1	9.906100E-2	1.606745E+2	4.554313E+1	2.076071E-3	2.337306E-9	2.339313E-8	2.285899E-8	1.465045E-8	1.000000E+0	
9.514407E+3	1.950000E+1	2.971830E+0	1.606745E+2	4.554313E+1	2.076071E-3	-6.631891E-7	3.122023E-8	4.153221E-7	3.964305E-8	1.000000E+0	
9.521715E+3	1.950000E+1	4.953050E+0	1.606745E+2	4.554313E+1	2.076071E-3	-3.115900E-6	5.338537E-8	1.854446E-6	6.761096E-8	1.000000E+0	
9.528426E+3	1.949700E+1	6.934270E+0	1.606745E+2	4.554313E+1	2.076071E-3	-8.798400E-6	9.708065E-8	5.363571E-6	6.905990E-8	1.000000E+0	
9.534489E+3	1.950300E+1	7.924881E+0	1.606745E+2	4.554313E+1	2.076071E-3	-1.327409E-5	4.858008E-8	8.264135E-6	7.100376E-8	1.000000E+0	
9.547869E+3	1.949900E+1	9.906100E-2	1.364756E+2	4.554313E+1	2.076071E-3	2.740150E-9	1.153854E-8	2.166709E-8	1.374789E-8	1.000000E+0	
9.555251E+3	1.950300E+1	2.971830E+0	1.364756E+2	4.554313E+1	2.076071E-3	-7.009680E-7	1.507254E-8	4.003102E-7	1.333637E-8	1.000000E+0	
9.562660E+3	1.950600E+1	4.953050E+0	1.364756E+2	4.554313E+1	2.076071E-3	-3.349318E-6	1.271135E-8	1.856776E-6	1.349831E-8	1.000000E+0	
9.570788E+3	1.950800E+1	6.934270E+0	1.364756E+2	4.554313E+1	2.076071E-3	-9.483125E-6	1.806940E-8	5.417489E-6	1.412924E-8	1.000000E+0	
9.576973E+3	1.950600E+1	7.924881E+0	1.364756E+2	4.554313E+1	2.076071E-3	-1.431496E-5	1.678841E-8	8.316394E-6	2.387638E-8	1.000000E+0	
9.590547E+3	1.950600E+1	9.906100E-2	1.159212E+2	4.554313E+1	2.076071E-3	1.784035E-8	1.627703E-7	-1.623188E-10	1.694983E-7	1.000000E+0	
9.598079E+3	1.950300E+1	2.971830E+0	1.159212E+2	4.554313E+1	2.076071E-3	-7.687269E-7	1.875636E-7	3.939753E-7	1.863788E-7	1.000000E+0	
9.605599E+3	1.950500E+1	4.953050E+0	1.159212E+2	4.554313E+1	2.076071E-3	-3.588490E-6	1.773113E-7	1.846159E-6	1.773678E-7	1.000000E+0	
9.613051E+3	1.950100E+1	6.934270E+0	1.159212E+2	4.554313E+1	2.076071E-3	-1.013874E-5	1.708405E-7	5.390100E-6	1.741432E-7	1.000000E+0	
9.620529E+3	1.950000E+1	7.924881E+0	1.159212E+2	4.554313E+1	2.076071E-3	-1.535712E-5	1.795703E-7	8.339127E-6	1.749100E-7	1.000000E+0	
9.631065E+3	1.950100E+1	9.906100E-2	9.846242E+1	4.554313E+1	2.076071E-3	6.708858E-9	7.469466E-8	2.383071E-8	7.765880E-8	1.000000E+0	
9.638639E+3	1.949400E+1	2.971830E+0	9.846242E+1	4.554313E+1	2.076071E-3	-7.986172E-7	6.478883E-8	3.791979E-7	8.450446E-8	1.000000E+0	
9.646290E+3	1.949400E+1	4.953050E+0	9.846242E+1	4.554313E+1	2.076071E-3	-3.781680E-6	7.460791E-8	1.847719E-6	8.190938E-8	1.000000E+0	
9.653924E+3	1.949600E+1	6.934270E+0	9.846242E+1	4.554313E+1	2.076071E-3	-1.078709E-5	6.216535E-8	5.365993E-6	7.738995E-8	1.000000E+0	
9.661565E+3	1.949100E+1	7.924881E+0	9.846242E+1	4.554313E+1	2.076071E-3	-1.636327E-5	8.303051E-8	8.322776E-6	7.013907E-8	1.000000E+0	
9.672315E+3	1.949400E+1	9.906100E-2	8.363312E+1	4.554313E+1	2.076071E-3	2.582578E-8	2.802514E-7	2.406334E-8	2.998912E-7	1.000000E+0	
9.680069E+3	1.949600E+1	2.971830E+0	8.363312E+1	4.554313E+1	2.076071E-3	-8.659770E-7	2.844591E-7	3.757749E-7	3.017482E-7	1.000000E+0	
9.687822E+3	1.950100E+1	4.953050E+0	8.363312E+1	4.554313E+1	2.076071E-3	-3.978204E-6	2.829872E-7	1.795147E-6	2.958951E-7	1.000000E+0	
9.695533E+3	1.949500E+1	6.934270E+0	8.363312E+1	4.554313E+1	2.076071E-3	-1.142785E-5	2.909578E-7	5.338197E-6	3.024059E-7	1.000000E+0	
9.703324E+3	1.949400E+1	7.924881E+0	8.363312E+1	4.554313E+1	2.076071E-3	-1.732432E-5	3.079464E-7	8.301482E-6	2.997537E-7	1.000000E+0	
9.714202E+3	1.949800E+1	9.906100E-2	7.103725E+1	4.554313E+1	2.076071E-3	8.057989E-10	1.000490E-8	1.281555E-8	1.021577E-8	1.000000E+0	
9.722089E+3	1.949600E+1	2.971830E+0	7.103725E+1	4.554313E+1	2.076071E-3	-8.685236E-7	1.006727E-8	3.875125E-7	1.225581E-8	1.000000E+0	
9.730014E+3	1.949800E+1	4.953050E+0	7.103725E+1	4.554313E+1	2.076071E-3	-4.202891E-6	1.242255E-8	1.780426E-6	1.351987E-8	1.000000E+0	
9.736724E+3	1.950000E+1	6.934270E+0	7.103725E+1	4.554313E+1	2.076071E-3	-1.199043E-5	1.605014E-8	5.222889E-6	1.845175E-8	1.000000E+0	
9.743425E+3	1.949700E+1	7.924881E+0	7.103725E+1	4.554313E+1	2.076071E-3	-1.823956E-5	2.246787E-8	8.128286E-6	1.910090E-8	1.000000E+0	
9.758112E+3	1.950400E+1	9.906100E-2	6.033842E+1	4.554313E+1	2.076071E-3	1.340349E-9	9.267848E-9	1.103656E-8	5.958569E-9	1.000000E+0	
9.766209E+3	1.950200E+1	2.971830E+0	6.033842E+1	4.554313E+1	2.076071E-3	-9.178193E-7	9.879770E-9	3.596648E-7	8.122361E-9	1.000000E+0	
9.774369E+3	1.950300E+1	4.953050E+0	6.033842E+1	4.554313E+1	2.076071E-3	-4.382067E-6	6.815275E-9	1.737525E-6	7.223645E-9	1.000000E+0	
9.781102E+3	1.949700E+1	6.934270E+0	6.033842E+1	4.554313E+1	2.076071E-3	-1.254914E-5	1.277565E-8	5.125878E-6	7.185970E-9	1.000000E+0	
9.788023E+3	1.950000E+1	7.924881E+0	6.033842E+1	4.554313E+1	2.076071E-3	-1.913238E-5	2.196954E-8	7.992867E-6	7.125749E-9	1.000000E+0	
9.803136E+3	1.949900E+1	9.906100E-2	5.125093E+1	4.554313E+1	2.076071E-3	4.518343E-9	5.751029E-8	1.134492E-8	5.608304E-8	1.000000E+0	
9.811446E+3	1.950300E+1	2.971830E+0	5.125093E+1	4.554313E+1	2.076071E-3	-9.574154E-7	5.229295E-8	3.438780E-7	5.070508E-8	1.000000E+0	
9.819819E+3	1.950500E+1	4.953050E+0	5.125093E+1	4.554313E+1	2.076071E-3	-4.563370E-6	5.330405E-8	1.703774E-6	5.269885E-8	1.000000E+0	
9.826489E+3	1.950500E+1	6.934270E+0	5.125093E+1	4.554313E+1	2.076071E-3	-1.311534E-5	5.319819E-8	5.030826E-6	5.211941E-8	1.000000E+0	
9.833626E+3	1.950100E+1	7.924881E+0	5.125093E+1	4.554313E+1	2.076071E-3	-2.001416E-5	6.026630E-8	7.835134E-6	4.603429E-8	1.000000E+0	
9.849213E+3	1.950400E+1	9.906100E-2	4.353209E+1	4.554313E+1	2.076071E-3	-7.080627E-10	1.174668E-8	3.664576E-9	6.841385E-9	1.000000E+0	
9.857767E+3	1.950400E+1	2.971830E+0	4.353209E+1	4.554313E+1	2.076071E-3	-9.911906E-7	9.669543E-9	3.547704E-7	1.119260E-8	1.000000E+0	
9.866340E+3	1.950500E+1	4.953050E+0	4.353209E+1	4.554313E+1	2.076071E-3	-4.747972E-6	4.658142E-9	1.670005E-6	1.011752E-8	1.000000E+0	
9.874498E+3	1.950100E+1	6.934270E+0	4.353209E+1	4.554313E+1	2.076071E-3	-1.368556E-5	1.692979E-8	4.932490E-6	1.119063E-8	1.000000E+0	
9.881785E+3	1.950100E+1	7.924881E+0	4.353209E+1	4.554313E+1	2.076071E-3	-2.089368E-5	2.659790E-8	7.689284E-6	2.081181E-8	1.000000E+0	
9.897922E+3	1.950100E+1	9.906100E-2	3.697578E+1	4.554313E+1	2.076071E-3	-7.059322E-9	8.581031E-9	1.352748E-8	8.405927E-9	1.000000E+0	
9.906850E+3	1.949800E+1	2.971830E+0	3.697578E+1	4.554313E+1	2.076071E-3	-1.021399E-6	5.803406E-9	3.431492E-7	1.191871E-8	1.000000E+0	
9.915725E+3	1.949600E+1	4.953050E+0	3.697578E+1	4.554313E+1	2.076071E-3	-4.936483E-6	6.044641E-9	1.622875E-6	6.840029E-9	1.000000E+0	
9.924645E+3	1.949800E+1	6.934270E+0	3.697578E+1	4.554313E+1	2.076071E-3	-1.422870E-5	1.693039E-8	4.831484E-6	1.082297E-8	1.000000E+0	
9.933531E+3	1.949700E+1	7.924881E+0	3.697578E+1	4.554313E+1	2.076071E-3	-2.180646E-5	2.209949E-8	7.543541E-6	1.702273E-8	1.000000E+0	
9.945800E+3	1.950200E+1	9.906100E-2	3.140691E+1	4.554313E+1	2.076071E-3	9.039900E-9	6.458066E-9	1.537539E-8	6.361958E-9	1.000000E+0	
9.955042E+3	1.950500E+1	2.971830E+0	3.140691E+1	4.554313E+1	2.076071E-3	-1.061130E-6	6.343300E-9	3.384020E-7	6.911917E-9	1.000000E+0	
9.964345E+3	1.950400E+1	4.953050E+0	3.140691E+1	4.554313E+1	2.076071E-3	-5.115486E-6	4.699017E-9	1.582861E-6	5.371427E-9	1.000000E+0	
9.971076E+3	1.950300E+1	6.934270E+0	3.140691E+1	4.554313E+1	2.076071E-3	-1.471637E-5	3.002995E-8	4.686778E-6	1.756377E-8	1.000000E+0	
9.979163E+3	1.950200E+1	7.924881E+0	3.140691E+1	4.554313E+1	2.076071E-3	-2.255468E-5	2.074916E-8	7.324912E-6	1.206762E-8	1.000000E+0	
9.996765E+3	1.950400E+1	9.906100E-2	2.667675E+1	4.554313E+1	2.076071E-3	-1.927783E-7	1.089126E-8	1.796830E-8	5.769759E-8	1.000000E+0	
1.000648E+4	1.950800E+1	2.971830E+0	2.667675E+1	4.554313E+1	2.076071E-3	-1.200244E-6	1.958872E-8	1.248265E-7	1.352715E-8	1.000000E+0	
1.001617E+4	1.950800E+1	4.953050E+0	2.667675E+1	4.554313E+1	2.076071E-3	-5.118603E-6	5.991686E-8	1.648523E-6	8.004797E-8	1.000000E+0	
1.002295E+4	1.951000E+1	6.934270E+0	2.667675E+1	4.554313E+1	2.076071E-3	-1.522868E-5	7.770747E-8	4.693831E-6	4.665213E-8	1.000000E+0	
1.003532E+4	1.950900E+1	7.924881E+0	2.667675E+1	4.554313E+1	2.076071E-3	-2.360816E-5	6.336461E-8	7.156585E-6	1.212912E-7	1.000000E+0	
1.005390E+4	1.950400E+1	9.906100E-2	2.265900E+1	4.554313E+1	2.076071E-3	6.481800E-9	3.619161E-9	3.143942E-9	6.245552E-9	1.000000E+0	
1.006404E+4	1.950600E+1	2.971830E+0	2.265900E+1	4.554313E+1	2.076071E-3	-1.128024E-6	6.824777E-9	3.100822E-7	4.192343E-9	1.000000E+0	
1.007420E+4	1.950700E+1	4.953050E+0	2.265900E+1	4.554313E+1	2.076071E-3	-5.420525E-6	5.333873E-9	1.498001E-6	5.070899E-9	1.000000E+0	
1.008442E+4	1.950500E+1	6.934270E+0	2.265900E+1	4.554313E+1	2.076071E-3	-1.573246E-5	1.619742E-8	4.458826E-6	1.467497E-8	1.000000E+0	
1.009455E+4	1.950200E+1	7.924881E+0	2.265900E+1	4.554313E+1	2.076071E-3	-2.418287E-5	2.137451E-8	6.985034E-6	9.306030E-9	1.000000E+0	
1.010828E+4	1.950600E+1	9.906100E-2	1.924636E+1	4.554313E+1	2.076071E-3	8.529733E-9	5.731799E-9	1.257880E-9	4.571758E-9	1.000000E+0	
1.011908E+4	1.950200E+1	2.971830E+0	1.924636E+1	4.554313E+1	2.076071E-3	-1.155603E-6	1.480901E-9	3.056146E-7	4.090317E-9	1.000000E+0	
1.012987E+4	1.950200E+1	4.953050E+0	1.924636E+1	4.554313E+1	2.076071E-3	-5.593528E-6	3.024284E-9	1.457990E-6	7.802581E-9	1.000000E+0	
1.014068E+4	1.950000E+1	6.934270E+0	1.924636E+1	4.554313E+1	2.076071E-3	-1.621239E-5	1.887468E-8	4.332429E-6	1.601412E-8	1.000000E+0	
1.015145E+4	1.950000E+1	7.924881E+0	1.924636E+1	4.554313E+1	2.076071E-3	-2.491521E-5	1.164509E-8	6.804879E-6	1.161103E-8	1.000000E+0	
1.016596E+4	1.949700E+1	9.906100E-2	1.634769E+1	4.554313E+1	2.076071E-3	3.944187E-9	2.476457E-7	-9.376082E-8	2.411087E-7	1.000000E+0	
1.017746E+4	1.950300E+1	2.971830E+0	1.634769E+1	4.554313E+1	2.076071E-3	-1.131140E-6	2.347703E-7	3.692665E-7	2.418523E-7	1.000000E+0	
1.018895E+4	1.950100E+1	4.953050E+0	1.634769E+1	4.554313E+1	2.076071E-3	-5.730211E-6	2.418357E-7	1.393596E-6	2.332566E-7	1.000000E+0	
1.019710E+4	1.950200E+1	6.934270E+0	1.634769E+1	4.554313E+1	2.076071E-3	-1.666148E-5	2.563811E-7	4.331089E-6	2.635738E-7	1.000000E+0	
1.020741E+4	1.949800E+1	7.924881E+0	1.634769E+1	4.554313E+1	2.076071E-3	-2.563895E-5	2.351968E-7	6.593667E-6	2.358048E-7	1.000000E+0	
1.022987E+4	1.950300E+1	9.906100E-2	1.388558E+1	4.554313E+1	2.076071E-3	8.000537E-9	3.869110E-9	6.357170E-9	2.475920E-9	1.000000E+0	
1.024211E+4	1.949600E+1	2.971830E+0	1.388558E+1	4.554313E+1	2.076071E-3	-1.217556E-6	7.296713E-9	2.751707E-7	5.385544E-9	1.000000E+0	
1.025444E+4	1.949700E+1	4.953050E+0	1.388558E+1	4.554313E+1	2.076071E-3	-5.847665E-6	7.160353E-9	1.377421E-6	3.247018E-9	1.000000E+0	
1.026675E+4	1.949500E+1	6.934270E+0	1.388558E+1	4.554313E+1	2.076071E-3	-1.706922E-5	1.531748E-8	4.096090E-6	1.058987E-9	1.000000E+0	
1.027903E+4	1.949300E+1	7.924881E+0	1.388558E+1	4.554313E+1	2.076071E-3	-2.630170E-5	2.472031E-8	6.440984E-6	3.587860E-9	1.000000E+0	
1.029524E+4	1.949900E+1	9.906100E-2	1.179429E+1	4.554313E+1	2.076071E-3	-5.381655E-9	1.789848E-9	9.737045E-9	1.686490E-9	1.000000E+0	
1.030848E+4	1.949900E+1	2.971830E+0	1.179429E+1	4.554313E+1	2.076071E-3	-1.252267E-6	2.180205E-9	2.841116E-7	2.300419E-9	1.000000E+0	
1.032174E+4	1.950100E+1	4.953050E+0	1.179429E+1	4.554313E+1	2.076071E-3	-6.006577E-6	1.563282E-9	1.345772E-6	1.328487E-9	1.000000E+0	
1.032842E+4	1.949900E+1	6.934270E+0	1.179429E+1	4.554313E+1	2.076071E-3	-1.740357E-5	6.975952E-8	3.458342E-6	5.558335E-7	1.000000E+0	
1.034045E+4	1.950200E+1	7.924881E+0	1.179429E+1	4.554313E+1	2.076071E-3	-2.684790E-5	2.588505E-8	6.216882E-6	1.106092E-8	1.000000E+0	
1.036685E+4	1.950000E+1	9.906100E-2	1.001797E+1	4.554313E+1	2.076071E-3	5.498297E-10	3.159795E-9	7.100852E-9	5.132169E-9	1.000000E+0	
1.038126E+4	1.949800E+1	2.971830E+0	1.001797E+1	4.554313E+1	2.076071E-3	-1.267516E-6	3.141687E-9	2.809333E-7	3.982283E-9	1.000000E+0	
1.039570E+4	1.949600E+1	4.953050E+0	1.001797E+1	4.554313E+1	2.076071E-3	-6.127444E-6	1.028458E-8	1.302751E-6	1.473738E-9	1.000000E+0	
1.040246E+4	1.949200E+1	6.934270E+0	1.001797E+1	4.554313E+1	2.076071E-3	-1.048736E-5	6.172583E-6	3.221424E-6	3.822173E-7	1.000000E+0	
1.041570E+4	1.949400E+1	7.924881E+0	1.001797E+1	4.554313E+1	2.076071E-3	-2.747048E-5	2.864243E-8	6.060534E-6	6.321736E-9	1.000000E+0	
1.044454E+4	1.949800E+1	9.906100E-2	8.509180E+0	4.554313E+1	2.076071E-3	-1.768098E-7	3.628023E-8	-4.381123E-9	1.278040E-7	1.000000E+0	
1.046027E+4	1.949800E+1	2.971830E+0	8.509180E+0	4.554313E+1	2.076071E-3	-1.474512E-6	4.494703E-8	3.159795E-7	1.228922E-7	1.000000E+0	
1.047596E+4	1.950200E+1	4.953050E+0	8.509180E+0	4.554313E+1	2.076071E-3	-6.393046E-6	6.714257E-8	1.375570E-6	1.082749E-7	1.000000E+0	
1.048410E+4	1.950200E+1	6.934270E+0	8.509180E+0	4.554313E+1	2.076071E-3	-1.669656E-5	1.696295E-6	2.377144E-6	1.219350E-6	1.000000E+0	
1.049867E+4	1.950300E+1	7.924881E+0	8.509180E+0	4.554313E+1	2.076071E-3	-2.826921E-5	5.187284E-8	6.006444E-6	1.236210E-7	1.000000E+0	
1.053036E+4	1.950300E+1	9.906100E-2	7.227620E+0	4.554313E+1	2.076071E-3	1.994619E-9	2.537443E-9	9.755220E-9	5.356116E-10	1.000000E+0	
1.054770E+4	1.950300E+1	2.971830E+0	7.227620E+0	4.554313E+1	2.076071E-3	-1.315753E-6	2.922842E-9	2.580219E-7	1.524000E-9	1.000000E+0	
1.056504E+4	1.950600E+1	4.953050E+0	7.227620E+0	4.554313E+1	2.076071E-3	-6.382563E-6	3.042903E-9	1.251578E-6	3.266687E-9	1.000000E+0	
1.057321E+4	1.950700E+1	6.934270E+0	7.227620E+0	4.554313E+1	2.076071E-3	-1.203518E-5	3.464264E-6	6.573655E-6	7.350424E-7	1.000000E+0	
1.058939E+4	1.950400E+1	7.924881E+0	7.227620E+0	4.554313E+1	2.076071E-3	-2.874401E-5	2.589263E-8	5.794011E-6	9.269701E-9	1.000000E+0	
1.062459E+4	1.950100E+1	9.906100E-2	6.139080E+0	4.554313E+1	2.076071E-3	1.061228E-8	2.128117E-9	-5.129671E-9	6.650317E-10	1.000000E+0	
1.064376E+4	1.949800E+1	2.971830E+0	6.139080E+0	4.554313E+1	2.076071E-3	-1.330446E-6	2.245189E-9	2.581777E-7	3.699759E-9	1.000000E+0	
1.066294E+4	1.949900E+1	4.953050E+0	6.139080E+0	4.554313E+1	2.076071E-3	-6.510653E-6	2.937976E-9	1.222777E-6	3.817488E-9	1.000000E+0	
1.066968E+4	1.950100E+1	6.934270E+0	6.139080E+0	4.554313E+1	2.076071E-3	-1.102940E-5	1.065142E-6	8.134250E-6	1.853777E-6	1.000000E+0	
1.068763E+4	1.949900E+1	7.924881E+0	6.139080E+0	4.554313E+1	2.076071E-3	-2.933662E-5	2.840736E-8	5.651004E-6	6.383923E-9	1.000000E+0	
1.072687E+4	1.950000E+1	9.906100E-2	5.214480E+0	4.554313E+1	2.076071E-3	7.404084E-9	1.126496E-9	1.511055E-8	1.411416E-9	1.000000E+0	
1.074828E+4	1.950300E+1	2.971830E+0	5.214480E+0	4.554313E+1	2.076071E-3	-1.367438E-6	3.142031E-9	2.325630E-7	1.232097E-9	1.000000E+0	
1.076967E+4	1.950000E+1	4.953050E+0	5.214480E+0	4.554313E+1	2.076071E-3	-6.634078E-6	3.041432E-9	1.204457E-6	1.274555E-9	1.000000E+0	
1.077637E+4	1.949700E+1	6.934270E+0	5.214480E+0	4.554313E+1	2.076071E-3	-2.047702E-5	2.208701E-6	8.832995E-6	3.709869E-6	1.000000E+0	
1.079656E+4	1.949600E+1	7.924881E+0	5.214480E+0	4.554313E+1	2.076071E-3	-2.996043E-5	1.870490E-8	5.531003E-6	7.905832E-9	1.000000E+0	
1.084057E+4	1.950000E+1	9.906100E-2	4.429130E+0	4.554313E+1	2.076071E-3	1.047291E-9	4.199724E-11	1.432429E-9	1.181472E-9	1.000000E+0	
1.086455E+4	1.949200E+1	2.971830E+0	4.429130E+0	4.554313E+1	2.076071E-3	-1.384937E-6	6.326868E-10	2.366811E-7	2.093531E-9	1.000000E+0	
1.088850E+4	1.948900E+1	4.953050E+0	4.429130E+0	4.554313E+1	2.076071E-3	-6.770877E-6	2.448339E-9	1.169953E-6	2.209960E-9	1.000000E+0	
1.091247E+4	1.948700E+1	6.934270E+0	4.429130E+0	4.554313E+1	2.076071E-3	-1.988472E-5	1.454506E-8	3.486930E-6	3.287439E-9	1.000000E+0	
1.093645E+4	1.949300E+1	7.924881E+0	4.429130E+0	4.554313E+1	2.076071E-3	-3.074768E-5	8.378736E-9	5.478185E-6	3.941358E-9	1.000000E+0	
1.096948E+4	1.949800E+1	9.906100E-2	3.762070E+0	4.554313E+1	2.076071E-3	3.119937E-9	2.377371E-9	-7.053173E-9	1.236679E-9	1.000000E+0	
1.099645E+4	1.949600E+1	2.971830E+0	3.762070E+0	4.554313E+1	2.076071E-3	-1.414753E-6	6.541168E-10	2.572434E-7	2.912306E-9	1.000000E+0	
1.102346E+4	1.950100E+1	4.953050E+0	3.762070E+0	4.554313E+1	2.076071E-3	-6.893563E-6	5.623060E-9	1.159975E-6	1.199171E-9	1.000000E+0	
1.103016E+4	1.949900E+1	6.934270E+0	3.762070E+0	4.554313E+1	2.076071E-3	-5.922861E-6	1.849283E-6	6.457931E-6	1.983471E-6	1.000000E+0	
1.105596E+4	1.949800E+1	7.924881E+0	3.762070E+0	4.554313E+1	2.076071E-3	-3.117219E-5	2.453566E-8	5.305038E-6	1.274337E-9	1.000000E+0	
1.111215E+4	1.949700E+1	9.906100E-2	3.195470E+0	4.554313E+1	2.076071E-3	1.377134E-8	2.784143E-9	3.514676E-9	3.505564E-10	1.000000E+0	
1.114266E+4	1.949400E+1	2.971830E+0	3.195470E+0	4.554313E+1	2.076071E-3	-1.422793E-6	2.408147E-9	2.217883E-7	1.406685E-9	1.000000E+0	
1.117318E+4	1.949900E+1	4.953050E+0	3.195470E+0	4.554313E+1	2.076071E-3	-7.007568E-6	5.221533E-9	1.105149E-6	4.219167E-9	1.000000E+0	
1.117995E+4	1.949800E+1	6.934270E+0	3.195470E+0	4.554313E+1	2.076071E-3	-5.903753E-6	2.044012E-6	8.313737E-6	2.094872E-6	1.000000E+0	
1.120930E+4	1.950300E+1	7.924881E+0	3.195470E+0	4.554313E+1	2.076071E-3	-3.175982E-5	1.836851E-8	5.184868E-6	5.273769E-9	1.000000E+0	
1.127325E+4	1.950100E+1	9.906100E-2	2.714200E+0	4.554313E+1	2.076071E-3	8.961107E-9	1.297074E-9	2.285884E-8	2.795901E-9	1.000000E+0	
1.130805E+4	1.949800E+1	2.971830E+0	2.714200E+0	4.554313E+1	2.076071E-3	-1.480137E-6	1.446198E-9	2.197786E-7	1.127248E-9	1.000000E+0	
1.134277E+4	1.950100E+1	4.953050E+0	2.714200E+0	4.554313E+1	2.076071E-3	-7.103576E-6	3.601384E-9	1.075964E-6	9.235879E-10	1.000000E+0	
1.134945E+4	1.950200E+1	6.934270E+0	2.714200E+0	4.554313E+1	2.076071E-3	-6.866339E-6	3.314817E-7	4.769076E-6	1.341996E-6	1.000000E+0	
1.138298E+4	1.950200E+1	7.924881E+0	2.714200E+0	4.554313E+1	2.076071E-3	-3.231674E-5	1.502621E-8	5.073796E-6	4.571464E-9	1.000000E+0	
1.145609E+4	1.949600E+1	9.906100E-2	2.305420E+0	4.554313E+1	2.076071E-3	2.146480E-8	9.616101E-10	-2.199829E-8	1.783042E-9	1.000000E+0	
1.149578E+4	1.949900E+1	2.971830E+0	2.305420E+0	4.554313E+1	2.076071E-3	-1.473869E-6	1.218042E-9	2.161758E-7	1.207076E-9	1.000000E+0	
1.153548E+4	1.950100E+1	4.953050E+0	2.305420E+0	4.554313E+1	2.076071E-3	-7.223471E-6	2.051955E-9	1.063763E-6	7.090552E-11	1.000000E+0	
1.157521E+4	1.950100E+1	6.934270E+0	2.305420E+0	4.554313E+1	2.076071E-3	-2.138702E-5	7.087724E-9	3.196166E-6	2.194020E-9	1.000000E+0	
1.161495E+4	1.950100E+1	7.924881E+0	2.305420E+0	4.554313E+1	2.076071E-3	-3.306701E-5	6.863687E-9	5.010901E-6	2.520480E-9	1.000000E+0	
1.167027E+4	1.949800E+1	9.906100E-2	1.958200E+0	4.554313E+1	2.076071E-3	-6.394678E-9	2.748296E-9	2.467857E-8	2.032359E-9	1.000000E+0	
1.171581E+4	1.950300E+1	2.971830E+0	1.958200E+0	4.554313E+1	2.076071E-3	-1.498552E-6	9.864267E-10	2.073265E-7	8.627528E-10	1.000000E+0	
1.176128E+4	1.950200E+1	4.953050E+0	1.958200E+0	4.554313E+1	2.076071E-3	-7.369722E-6	1.862935E-9	1.072265E-6	4.159967E-9	1.000000E+0	
1.176799E+4	1.950300E+1	6.934270E+0	1.958200E+0	4.554313E+1	2.076071E-3	-7.398720E-6	5.263435E-8	-1.611342E-6	1.579047E-6	1.000000E+0	
1.181223E+4	1.949800E+1	7.924881E+0	1.958200E+0	4.554313E+1	2.076071E-3	-3.344817E-5	1.106786E-8	4.848844E-6	2.847309E-9	1.000000E+0	
1.190881E+4	1.949800E+1	9.906100E-2	1.663280E+0	4.554313E+1	2.076071E-3	3.571638E-9	1.891576E-9	-3.210396E-9	3.662668E-10	1.000000E+0	
1.196118E+4	1.949800E+1	2.971830E+0	1.663280E+0	4.554313E+1	2.076071E-3	-1.512366E-6	6.460916E-10	2.145521E-7	8.347574E-10	1.000000E+0	
1.201353E+4	1.949800E+1	4.953050E+0	1.663280E+0	4.554313E+1	2.076071E-3	-7.469812E-6	2.236808E-10	1.013145E-6	1.149087E-9	1.000000E+0	
1.202017E+4	1.949600E+1	6.934270E+0	1.663280E+0	4.554313E+1	2.076071E-3	-7.638647E-6	1.737675E-7	1.567612E-6	2.378126E-7	1.000000E+0	
1.207129E+4	1.950300E+1	7.924881E+0	1.663280E+0	4.554313E+1	2.076071E-3	-3.397262E-5	1.075093E-8	4.740736E-6	6.185409E-10	1.000000E+0	
1.218284E+4	1.951500E+1	9.906100E-2	1.412780E+0	4.554313E+1	2.076071E-3	9.361171E-9	2.021849E-9	-1.638635E-8	4.726898E-10	1.000000E+0	
1.224332E+4	1.949300E+1	2.971830E+0	1.412780E+0	4.554313E+1	2.076071E-3	-1.538136E-6	3.607710E-9	1.917151E-7	1.000842E-9	1.000000E+0	
1.230374E+4	1.950000E+1	4.953050E+0	1.412780E+0	4.554313E+1	2.076071E-3	-7.579393E-6	3.845855E-9	9.578897E-7	2.439261E-9	1.000000E+0	
1.231044E+4	1.950300E+1	6.934270E+0	1.412780E+0	4.554313E+1	2.076071E-3	-7.001955E-6	3.354580E-7	1.096301E-6	1.071496E-7	1.000000E+0	
1.236965E+4	1.949800E+1	7.924881E+0	1.412780E+0	4.554313E+1	2.076071E-3	-3.446442E-5	7.714151E-9	4.556904E-6	4.057613E-9	1.000000E+0	
1.249872E+4	1.949600E+1	9.906100E-2	1.200000E+0	4.554313E+1	2.076071E-3	3.794263E-9	5.229627E-10	-2.717953E-9	1.209747E-10	1.000000E+0	
1.256866E+4	1.949800E+1	2.971830E+0	1.200000E+0	4.554313E+1	2.076071E-3	-1.528628E-6	6.535544E-11	1.468892E-7	5.176289E-10	1.000000E+0	
1.263857E+4	1.949700E+1	4.953050E+0	1.200000E+0	4.554313E+1	2.076071E-3	-7.615314E-6	7.295217E-10	8.811520E-7	2.354054E-10	1.000000E+0	
1.270843E+4	1.949600E+1	6.934270E+0	1.200000E+0	4.554313E+1	2.076071E-3	-2.259708E-5	3.231629E-9	2.784633E-6	2.305422E-10	1.000000E+0	
1.277832E+4	1.950000E+1	7.924881E+0	1.200000E+0	4.554313E+1	2.076071E-3	-3.490056E-5	4.159248E-9	4.379819E-6	6.685553E-11	1.000000E+0	
--- > K and esd K (estimated based on user TCR) : -4.830516E+0	-7.000718E-2	

*** Temperature stable /K : 2.446600000E+1
--- > R0 : 4.580022E+1	4.579811E+1	4.579494E+1	4.579463E+1	4.579991E+1	4.580264E+1	4.580103E+1	4.579610E+1	4.579599E+1	4.579671E+1	4.579899E+1	4.580125E+1	
time /sec  	temp /K    	current /mA	freq /Hz   	R0 /Ohms   	esd R0     	V3X /V_rms 	esd V3X    	V3Y /V_rms 	esd V3Y    	Data_Valid?
1.293682E+4	2.447800E+1	9.906088E-2	2.000000E+1	4.579838E+1	2.681210E-3	3.843010E-9	6.787249E-9	5.877601E-9	6.598105E-9	1.000000E+0	
1.294746E+4	2.447900E+1	2.971827E+0	2.000000E+1	4.579838E+1	2.681210E-3	-1.330548E-6	4.303411E-9	3.851770E-7	3.333090E-9	1.000000E+0	
1.295809E+4	2.448300E+1	4.953044E+0	2.000000E+1	4.579838E+1	2.681210E-3	-6.324246E-6	7.806347E-9	1.821886E-6	3.324239E-9	1.000000E+0	
1.296477E+4	2.448900E+1	6.934262E+0	2.000000E+1	4.579838E+1	2.681210E-3	-1.781386E-5	1.063309E-7	5.187203E-6	1.283747E-7	1.000000E+0	
1.297419E+4	2.449200E+1	7.924870E+0	2.000000E+1	4.579838E+1	2.681210E-3	-2.706547E-5	2.003999E-8	8.096645E-6	1.643536E-8	1.000000E+0	
1.299027E+4	2.450000E+1	9.906088E-2	1.610800E+1	4.579838E+1	2.681210E-3	-2.165108E-9	1.113935E-7	-5.105530E-9	1.120557E-7	1.000000E+0	
1.299915E+4	2.449800E+1	2.971827E+0	1.610800E+1	4.579838E+1	2.681210E-3	-1.407736E-6	1.175158E-7	3.680639E-7	1.161953E-7	1.000000E+0	
1.300814E+4	2.450000E+1	4.953044E+0	1.610800E+1	4.579838E+1	2.681210E-3	-6.625323E-6	1.142565E-7	1.775121E-6	1.189937E-7	1.000000E+0	
1.301638E+4	2.450200E+1	6.934262E+0	1.610800E+1	4.579838E+1	2.681210E-3	-1.870323E-5	1.104205E-7	5.145896E-6	1.124406E-7	1.000000E+0	
1.302417E+4	2.449900E+1	7.924870E+0	1.610800E+1	4.579838E+1	2.681210E-3	-2.824595E-5	1.124248E-7	7.884059E-6	1.102539E-7	1.000000E+0	
1.304150E+4	2.450100E+1	9.906088E-2	1.297338E+1	4.579838E+1	2.681210E-3	9.558262E-10	2.256926E-9	1.027000E-8	5.627161E-9	1.000000E+0	
1.305119E+4	2.450100E+1	2.971827E+0	1.297338E+1	4.579838E+1	2.681210E-3	-1.454963E-6	6.170049E-9	3.676337E-7	2.169352E-9	1.000000E+0	
1.306088E+4	2.450400E+1	4.953044E+0	1.297338E+1	4.579838E+1	2.681210E-3	-6.862254E-6	3.550070E-9	1.746418E-6	8.579594E-9	1.000000E+0	
1.306899E+4	2.450500E+1	6.934262E+0	1.297338E+1	4.579838E+1	2.681210E-3	-1.944799E-5	9.707224E-8	5.016932E-6	7.456799E-8	1.000000E+0	
1.307753E+4	2.450500E+1	7.924870E+0	1.297338E+1	4.579838E+1	2.681210E-3	-2.930759E-5	2.071927E-8	7.632141E-6	8.220053E-9	1.000000E+0	
1.309661E+4	2.450500E+1	9.906088E-2	1.044876E+1	4.579838E+1	2.681210E-3	7.547523E-9	7.453703E-9	4.141195E-9	4.630151E-9	1.000000E+0	
1.310728E+4	2.450500E+1	2.971827E+0	1.044876E+1	4.579838E+1	2.681210E-3	-1.491883E-6	8.426505E-9	3.661931E-7	3.070017E-9	1.000000E+0	
1.311795E+4	2.450400E+1	4.953044E+0	1.044876E+1	4.579838E+1	2.681210E-3	-7.095542E-6	3.389388E-9	1.682221E-6	4.286768E-9	1.000000E+0	
1.312865E+4	2.450100E+1	6.934262E+0	1.044876E+1	4.579838E+1	2.681210E-3	-2.007977E-5	1.109946E-8	4.829844E-6	1.757434E-9	1.000000E+0	
1.313932E+4	2.450300E+1	7.924870E+0	1.044876E+1	4.579838E+1	2.681210E-3	-3.039528E-5	1.881471E-8	7.398829E-6	1.230150E-8	1.000000E+0	
1.315419E+4	2.450500E+1	9.906088E-2	8.415430E+0	4.579838E+1	2.681210E-3	-1.706940E-7	9.980450E-8	-1.222396E-7	1.226983E-7	1.000000E+0	
1.316603E+4	2.450600E+1	2.971827E+0	8.415430E+0	4.579838E+1	2.681210E-3	-1.602727E-6	1.536813E-7	5.509984E-7	5.275992E-8	1.000000E+0	
1.317780E+4	2.450400E+1	4.953044E+0	8.415430E+0	4.579838E+1	2.681210E-3	-7.205355E-6	1.182159E-7	1.437771E-6	8.438725E-8	1.000000E+0	
1.318456E+4	2.450500E+1	6.934262E+0	8.415430E+0	4.579838E+1	2.681210E-3	-2.318066E-5	3.156619E-6	5.316901E-6	1.006953E-6	1.000000E+0	
1.319519E+4	2.450200E+1	7.924870E+0	8.415430E+0	4.579838E+1	2.681210E-3	-3.140217E-5	1.517676E-7	7.293675E-6	8.971249E-8	1.000000E+0	
1.321904E+4	2.450400E+1	9.906088E-2	6.777790E+0	4.579838E+1	2.681210E-3	3.900349E-9	2.310023E-9	1.379638E-9	3.664194E-9	1.000000E+0	
1.323234E+4	2.450300E+1	2.971827E+0	6.777790E+0	4.579838E+1	2.681210E-3	-1.597407E-6	7.453178E-9	3.220451E-7	2.579702E-9	1.000000E+0	
1.324564E+4	2.450400E+1	4.953044E+0	6.777790E+0	4.579838E+1	2.681210E-3	-7.518756E-6	1.072175E-8	1.582562E-6	3.405362E-9	1.000000E+0	
1.325231E+4	2.450000E+1	6.934262E+0	6.777790E+0	4.579838E+1	2.681210E-3	-1.657571E-5	3.995888E-6	-1.970692E-6	5.200827E-6	1.000000E+0	
1.326435E+4	2.449700E+1	7.924870E+0	6.777790E+0	4.579838E+1	2.681210E-3	-3.223334E-5	8.075118E-9	6.930036E-6	2.026263E-9	1.000000E+0	
1.329141E+4	2.449800E+1	9.906088E-2	5.458830E+0	4.579838E+1	2.681210E-3	5.472477E-9	9.385931E-10	-1.688783E-9	3.191778E-9	1.000000E+0	
1.330648E+4	2.450000E+1	2.971827E+0	5.458830E+0	4.579838E+1	2.681210E-3	-1.622917E-6	3.551406E-9	3.307325E-7	6.129762E-9	1.000000E+0	
1.332151E+4	2.450000E+1	4.953044E+0	5.458830E+0	4.579838E+1	2.681210E-3	-7.725314E-6	2.192612E-9	1.533116E-6	2.144442E-9	1.000000E+0	
1.332968E+4	2.450600E+1	6.934262E+0	5.458830E+0	4.579838E+1	2.681210E-3	-2.422701E-5	1.268608E-6	-7.034694E-6	5.560014E-6	1.000000E+0	
1.334355E+4	2.451100E+1	7.924870E+0	5.458830E+0	4.579838E+1	2.681210E-3	-3.313652E-5	1.700285E-8	6.734724E-6	5.265350E-9	1.000000E+0	
1.337456E+4	2.451900E+1	9.906088E-2	4.396540E+0	4.579838E+1	2.681210E-3	9.620864E-9	3.908735E-9	9.444970E-9	1.602999E-9	1.000000E+0	
1.339184E+4	2.452200E+1	2.971827E+0	4.396540E+0	4.579838E+1	2.681210E-3	-1.677553E-6	1.974553E-9	3.211859E-7	2.181038E-9	1.000000E+0	
1.340917E+4	2.452300E+1	4.953044E+0	4.396540E+0	4.579838E+1	2.681210E-3	-7.927270E-6	3.322246E-9	1.511730E-6	3.568343E-9	1.000000E+0	
1.342645E+4	2.452100E+1	6.934262E+0	4.396540E+0	4.579838E+1	2.681210E-3	-2.250755E-5	7.728230E-9	4.295189E-6	3.363484E-9	1.000000E+0	
1.344374E+4	2.451500E+1	7.924870E+0	4.396540E+0	4.579838E+1	2.681210E-3	-3.414564E-5	9.500128E-9	6.606689E-6	4.480339E-9	1.000000E+0	
1.347008E+4	2.451400E+1	9.906088E-2	3.540980E+0	4.579838E+1	2.681210E-3	-1.101706E-8	1.379857E-9	2.747204E-9	2.014594E-9	1.000000E+0	
1.349017E+4	2.451100E+1	2.971827E+0	3.540980E+0	4.579838E+1	2.681210E-3	-1.727067E-6	6.133637E-9	2.992098E-7	9.928442E-9	1.000000E+0	
1.351023E+4	2.450700E+1	4.953044E+0	3.540980E+0	4.579838E+1	2.681210E-3	-8.119686E-6	3.225952E-9	1.475939E-6	6.318037E-9	1.000000E+0	
1.351693E+4	2.450900E+1	6.934262E+0	3.540980E+0	4.579838E+1	2.681210E-3	-4.830589E-6	5.087396E-6	-7.070883E-6	1.891663E-6	1.000000E+0	
1.353584E+4	2.450500E+1	7.924870E+0	3.540980E+0	4.579838E+1	2.681210E-3	-3.492633E-5	2.009534E-8	6.404592E-6	1.181556E-8	1.000000E+0	
1.357814E+4	2.450100E+1	9.906088E-2	2.851900E+0	4.579838E+1	2.681210E-3	1.790156E-8	6.122571E-9	2.226588E-8	9.198096E-9	1.000000E+0	
1.360167E+4	2.450300E+1	2.971827E+0	2.851900E+0	4.579838E+1	2.681210E-3	-1.743885E-6	5.653798E-10	3.042731E-7	1.453702E-9	1.000000E+0	
1.362519E+4	2.450000E+1	4.953044E+0	2.851900E+0	4.579838E+1	2.681210E-3	-8.303222E-6	3.627471E-9	1.455071E-6	6.976437E-9	1.000000E+0	
1.363193E+4	2.450200E+1	6.934262E+0	2.851900E+0	4.579838E+1	2.681210E-3	2.615037E-5	2.784414E-6	1.386965E-5	6.005442E-6	1.000000E+0	
1.365426E+4	2.450000E+1	7.924870E+0	2.851900E+0	4.579838E+1	2.681210E-3	-3.579920E-5	8.476287E-9	6.257980E-6	1.104226E-9	1.000000E+0	
1.370432E+4	2.449700E+1	9.906088E-2	2.296920E+0	4.579838E+1	2.681210E-3	1.463345E-8	1.320032E-9	-3.853992E-9	2.061969E-9	1.000000E+0	
1.373207E+4	2.449700E+1	2.971827E+0	2.296920E+0	4.579838E+1	2.681210E-3	-1.780985E-6	8.644181E-10	2.859232E-7	1.188944E-9	1.000000E+0	
1.375982E+4	2.449700E+1	4.953044E+0	2.296920E+0	4.579838E+1	2.681210E-3	-8.504068E-6	1.346126E-9	1.392834E-6	1.092327E-9	1.000000E+0	
1.376797E+4	2.450000E+1	6.934262E+0	2.296920E+0	4.579838E+1	2.681210E-3	-2.999765E-5	9.608002E-7	9.974481E-6	1.100933E-7	1.000000E+0	
1.379835E+4	2.450000E+1	7.924870E+0	2.296920E+0	4.579838E+1	2.681210E-3	-1.851573E-5	4.789928E-6	-2.623838E-6	2.047226E-6	1.000000E+0	
1.385801E+4	2.449800E+1	9.906088E-2	1.849940E+0	4.579838E+1	2.681210E-3	2.229902E-8	5.059960E-9	-1.339699E-8	2.833755E-9	1.000000E+0	
1.389117E+4	2.449600E+1	2.971827E+0	1.849940E+0	4.579838E+1	2.681210E-3	-1.820583E-6	3.837528E-10	2.990251E-7	7.345362E-10	1.000000E+0	
1.392427E+4	2.449900E+1	4.953044E+0	1.849940E+0	4.579838E+1	2.681210E-3	-8.723193E-6	5.400222E-9	1.353393E-6	1.903712E-9	1.000000E+0	
1.393236E+4	2.449800E+1	6.934262E+0	1.849940E+0	4.579838E+1	2.681210E-3	-2.713967E-6	1.580287E-6	-5.612129E-6	1.641186E-6	1.000000E+0	
1.396433E+4	2.449800E+1	7.924870E+0	1.849940E+0	4.579838E+1	2.681210E-3	-3.747543E-5	1.630556E-8	5.891959E-6	6.954223E-9	1.000000E+0	
1.403581E+4	2.449700E+1	9.906088E-2	1.489940E+0	4.579838E+1	2.681210E-3	8.252544E-10	4.058481E-10	-4.831981E-9	1.061994E-9	1.000000E+0	
1.407545E+4	2.449700E+1	2.971827E+0	1.489940E+0	4.579838E+1	2.681210E-3	-1.869805E-6	1.360174E-10	2.546564E-7	6.502097E-10	1.000000E+0	
1.411514E+4	2.449700E+1	4.953044E+0	1.489940E+0	4.579838E+1	2.681210E-3	-8.902575E-6	1.990329E-9	1.299020E-6	6.166412E-10	1.000000E+0	
1.415480E+4	2.450100E+1	6.934262E+0	1.489940E+0	4.579838E+1	2.681210E-3	-2.529999E-5	5.019080E-9	3.708897E-6	2.294391E-9	1.000000E+0	
1.419448E+4	2.450200E+1	7.924870E+0	1.489940E+0	4.579838E+1	2.681210E-3	-3.856308E-5	1.634209E-9	5.720173E-6	2.760512E-9	1.000000E+0	
1.425668E+4	2.450100E+1	9.906088E-2	1.200000E+0	4.579838E+1	2.681210E-3	1.888914E-8	3.588607E-10	-1.076325E-8	1.257385E-9	1.000000E+0	
1.430455E+4	2.450100E+1	2.971827E+0	1.200000E+0	4.579838E+1	2.681210E-3	-1.856734E-6	1.275240E-9	2.208453E-7	4.092687E-10	1.000000E+0	
1.435238E+4	2.450200E+1	4.953044E+0	1.200000E+0	4.579838E+1	2.681210E-3	-9.035072E-6	3.235963E-9	1.188001E-6	1.687931E-9	1.000000E+0	
1.435914E+4	2.450100E+1	6.934262E+0	1.200000E+0	4.579838E+1	2.681210E-3	-1.005962E-5	4.499668E-7	2.291177E-6	7.335076E-7	1.000000E+0	
1.440581E+4	2.449900E+1	7.924870E+0	1.200000E+0	4.579838E+1	2.681210E-3	-3.897680E-5	1.298738E-8	5.465892E-6	1.420359E-9	1.000000E+0	
--- > K and esd K (estimated based on user TCR) : -5.093450E+0	-1.662595E-1	

*** Temperature stable /K : 2.947300000E+1
--- > R0 : 4.610637E+1	4.610550E+1	4.610796E+1	4.610705E+1	4.610696E+1	4.610387E+1	4.610395E+1	4.610653E+1	4.610950E+1	4.610918E+1	4.611009E+1	4.610433E+1	
time /sec  	temp /K    	current /mA	freq /Hz   	R0 /Ohms   	esd R0     	V3X /V_rms 	esd V3X    	V3Y /V_rms 	esd V3Y    	Data_Valid?
1.451696E+4	2.948200E+1	9.906076E-2	2.000000E+1	4.610677E+1	2.130852E-3	3.438337E-9	7.425379E-9	8.273107E-9	6.632691E-9	1.000000E+0	
1.452532E+4	2.948500E+1	2.971823E+0	2.000000E+1	4.610677E+1	2.130852E-3	-1.425615E-6	7.133453E-9	4.434982E-7	5.919922E-9	1.000000E+0	
1.453368E+4	2.948800E+1	4.953038E+0	2.000000E+1	4.610677E+1	2.130852E-3	-6.700907E-6	2.782448E-9	2.086526E-6	3.408359E-9	1.000000E+0	
1.454040E+4	2.949300E+1	6.934253E+0	2.000000E+1	4.610677E+1	2.130852E-3	-1.876542E-5	1.555074E-8	5.926951E-6	4.331624E-9	1.000000E+0	
1.454755E+4	2.949000E+1	7.924860E+0	2.000000E+1	4.610677E+1	2.130852E-3	-2.822177E-5	2.296044E-8	9.017426E-6	1.374673E-8	1.000000E+0	
1.456356E+4	2.946600E+1	9.906076E-2	1.610800E+1	4.610677E+1	2.130852E-3	3.643532E-9	1.243658E-7	-5.710258E-9	1.300207E-7	1.000000E+0	
1.457253E+4	2.945300E+1	2.971823E+0	1.610800E+1	4.610677E+1	2.130852E-3	-1.521564E-6	1.334698E-7	4.250099E-7	1.280192E-7	1.000000E+0	
1.458145E+4	2.945700E+1	4.953038E+0	1.610800E+1	4.610677E+1	2.130852E-3	-7.090255E-6	1.288496E-7	2.080641E-6	1.236421E-7	1.000000E+0	
1.459040E+4	2.946100E+1	6.934253E+0	1.610800E+1	4.610677E+1	2.130852E-3	-1.979060E-5	1.232883E-7	5.889296E-6	1.286848E-7	1.000000E+0	
1.459937E+4	2.946700E+1	7.924860E+0	1.610800E+1	4.610677E+1	2.130852E-3	-2.972058E-5	1.227664E-7	8.928608E-6	1.260186E-7	1.000000E+0	
1.461202E+4	2.947200E+1	9.906076E-2	1.297338E+1	4.610677E+1	2.130852E-3	3.523571E-10	5.504365E-9	-9.481284E-9	7.459067E-9	1.000000E+0	
1.462167E+4	2.947700E+1	2.971823E+0	1.297338E+1	4.610677E+1	2.130852E-3	-1.574908E-6	4.319794E-9	4.494728E-7	1.569303E-8	1.000000E+0	
1.463139E+4	2.948200E+1	4.953038E+0	1.297338E+1	4.610677E+1	2.130852E-3	-7.419806E-6	7.372673E-9	2.042767E-6	5.611677E-9	1.000000E+0	
1.464110E+4	2.948500E+1	6.934253E+0	1.297338E+1	4.610677E+1	2.130852E-3	-2.069732E-5	7.573688E-9	5.753275E-6	1.078395E-8	1.000000E+0	
1.465081E+4	2.948800E+1	7.924860E+0	1.297338E+1	4.610677E+1	2.130852E-3	-3.104425E-5	4.979772E-9	8.720743E-6	1.557580E-8	1.000000E+0	
1.466446E+4	2.949100E+1	9.906076E-2	1.044876E+1	4.610677E+1	2.130852E-3	4.588902E-9	5.002653E-9	8.046913E-9	2.004958E-9	1.000000E+0	
1.467516E+4	2.949300E+1	2.971823E+0	1.044876E+1	4.610677E+1	2.130852E-3	-1.647353E-6	8.941434E-9	4.359811E-7	3.214623E-9	1.000000E+0	
1.468579E+4	2.949700E+1	4.953038E+0	1.044876E+1	4.610677E+1	2.130852E-3	-7.707865E-6	5.767460E-9	1.989910E-6	3.018054E-9	1.000000E+0	
1.469649E+4	2.949900E+1	6.934253E+0	1.044876E+1	4.610677E+1	2.130852E-3	-2.150139E-5	4.830746E-9	5.594120E-6	6.947163E-9	1.000000E+0	
1.470719E+4	2.950000E+1	7.924860E+0	1.044876E+1	4.610677E+1	2.130852E-3	-3.231203E-5	5.370515E-9	8.485243E-6	9.893932E-9	1.000000E+0	
1.472202E+4	2.949900E+1	9.906076E-2	8.415430E+0	4.610677E+1	2.130852E-3	-1.406544E-7	1.022256E-7	-1.404600E-7	1.182550E-7	1.000000E+0	
1.473386E+4	2.949800E+1	2.971823E+0	8.415430E+0	4.610677E+1	2.130852E-3	-1.842876E-6	1.143340E-7	5.410427E-7	1.267535E-7	1.000000E+0	
1.474571E+4	2.950100E+1	4.953038E+0	8.415430E+0	4.610677E+1	2.130852E-3	-7.828675E-6	1.219939E-7	2.079901E-6	1.134868E-7	1.000000E+0	
1.475248E+4	2.950200E+1	6.934253E+0	8.415430E+0	4.610677E+1	2.130852E-3	-2.428338E-5	2.457646E-6	3.826854E-6	2.308708E-6	1.000000E+0	
1.476308E+4	2.950300E+1	7.924860E+0	8.415430E+0	4.610677E+1	2.130852E-3	-3.356320E-5	1.235318E-7	8.063541E-6	9.819923E-8	1.000000E+0	
1.478689E+4	2.950100E+1	9.906076E-2	6.777790E+0	4.610677E+1	2.130852E-3	-2.824763E-10	7.345758E-9	6.009681E-9	2.508995E-9	1.000000E+0	
1.480018E+4	2.949700E+1	2.971823E+0	6.777790E+0	4.610677E+1	2.130852E-3	-1.768219E-6	2.905276E-9	4.045753E-7	1.430548E-9	1.000000E+0	
1.481348E+4	2.949200E+1	4.953038E+0	6.777790E+0	4.610677E+1	2.130852E-3	-8.227103E-6	6.334063E-9	1.880261E-6	4.935006E-9	1.000000E+0	
1.482017E+4	2.949400E+1	6.934253E+0	6.777790E+0	4.610677E+1	2.130852E-3	-2.246648E-5	1.336598E-6	6.330266E-6	6.215967E-7	1.000000E+0	
1.483227E+4	2.949300E+1	7.924860E+0	6.777790E+0	4.610677E+1	2.130852E-3	-3.453355E-5	4.931121E-9	7.995942E-6	1.866793E-9	1.000000E+0	
1.485935E+4	2.949500E+1	9.906076E-2	5.458830E+0	4.610677E+1	2.130852E-3	7.109792E-9	7.507735E-10	3.385810E-9	1.724719E-9	1.000000E+0	
1.487447E+4	2.949300E+1	2.971823E+0	5.458830E+0	4.610677E+1	2.130852E-3	-1.811478E-6	4.002767E-9	3.960895E-7	4.122464E-9	1.000000E+0	
1.488956E+4	2.949800E+1	4.953038E+0	5.458830E+0	4.610677E+1	2.130852E-3	-8.466205E-6	2.356633E-9	1.846262E-6	3.053946E-9	1.000000E+0	
1.490462E+4	2.949400E+1	6.934253E+0	5.458830E+0	4.610677E+1	2.130852E-3	-2.372991E-5	2.170094E-9	5.169019E-6	1.258403E-8	1.000000E+0	
1.491964E+4	2.950000E+1	7.924860E+0	5.458830E+0	4.610677E+1	2.130852E-3	-3.567342E-5	5.217678E-9	7.828607E-6	3.670988E-9	1.000000E+0	
1.494074E+4	2.950100E+1	9.906076E-2	4.396540E+0	4.610677E+1	2.130852E-3	-3.837256E-9	1.298926E-9	8.419770E-9	2.225416E-9	1.000000E+0	
1.495802E+4	2.950000E+1	2.971823E+0	4.396540E+0	4.610677E+1	2.130852E-3	-1.872918E-6	1.748386E-10	3.909357E-7	2.883987E-9	1.000000E+0	
1.497533E+4	2.949800E+1	4.953038E+0	4.396540E+0	4.610677E+1	2.130852E-3	-8.723212E-6	1.415211E-9	1.788548E-6	4.763776E-9	1.000000E+0	
1.499264E+4	2.950200E+1	6.934253E+0	4.396540E+0	4.610677E+1	2.130852E-3	-2.445948E-5	4.599507E-9	5.075783E-6	3.873248E-9	1.000000E+0	
1.499939E+4	2.950500E+1	7.924860E+0	4.396540E+0	4.610677E+1	2.130852E-3	-2.148124E-5	4.812875E-6	3.126863E-5	4.699784E-6	1.000000E+0	
1.503550E+4	2.950500E+1	9.906076E-2	3.540980E+0	4.610677E+1	2.130852E-3	-1.747265E-8	2.607007E-9	7.629950E-11	1.115895E-9	1.000000E+0	
1.505559E+4	2.951000E+1	2.971823E+0	3.540980E+0	4.610677E+1	2.130852E-3	-1.929956E-6	7.835812E-9	3.775274E-7	5.640439E-9	1.000000E+0	
1.507564E+4	2.951500E+1	4.953038E+0	3.540980E+0	4.610677E+1	2.130852E-3	-8.936386E-6	3.338470E-9	1.748984E-6	1.298007E-9	1.000000E+0	
1.508378E+4	2.951700E+1	6.934253E+0	3.540980E+0	4.610677E+1	2.130852E-3	1.063270E-5	5.429368E-6	1.571893E-5	5.864646E-6	1.000000E+0	
1.510268E+4	2.951300E+1	7.924860E+0	3.540980E+0	4.610677E+1	2.130852E-3	-3.769872E-5	1.151549E-8	7.415963E-6	5.730265E-9	1.000000E+0	
1.512813E+4	2.951500E+1	9.906076E-2	2.851900E+0	4.610677E+1	2.130852E-3	-1.287223E-5	2.318724E-6	-1.265216E-5	2.520896E-6	1.000000E+0	
1.515430E+4	2.951200E+1	2.971823E+0	2.851900E+0	4.610677E+1	2.130852E-3	-5.073870E-6	2.117640E-6	-2.266683E-5	3.184806E-6	1.000000E+0	
1.517663E+4	2.950600E+1	4.953038E+0	2.851900E+0	4.610677E+1	2.130852E-3	-9.196930E-6	1.262801E-9	1.712220E-6	3.428644E-9	1.000000E+0	
1.519898E+4	2.949800E+1	6.934253E+0	2.851900E+0	4.610677E+1	2.130852E-3	-2.581079E-5	2.094719E-9	4.814583E-6	7.128587E-10	1.000000E+0	
1.522140E+4	2.950300E+1	7.924860E+0	2.851900E+0	4.610677E+1	2.130852E-3	-3.883833E-5	1.098056E-8	7.290645E-6	6.451600E-9	1.000000E+0	
1.527144E+4	2.950400E+1	9.906076E-2	2.296920E+0	4.610677E+1	2.130852E-3	-1.792718E-8	9.613943E-9	6.302563E-9	1.003696E-8	1.000000E+0	
1.529923E+4	2.950200E+1	2.971823E+0	2.296920E+0	4.610677E+1	2.130852E-3	-1.999189E-6	1.427349E-10	3.589456E-7	2.282300E-9	1.000000E+0	
1.532700E+4	2.949000E+1	4.953038E+0	2.296920E+0	4.610677E+1	2.130852E-3	-9.434954E-6	9.616985E-10	1.659184E-6	1.789729E-9	1.000000E+0	
1.533369E+4	2.949100E+1	6.934253E+0	2.296920E+0	4.610677E+1	2.130852E-3	-1.997102E-5	2.507649E-6	8.257844E-6	2.394034E-6	1.000000E+0	
1.536026E+4	2.949000E+1	7.924860E+0	2.296920E+0	4.610677E+1	2.130852E-3	-3.966919E-5	1.480709E-8	7.096299E-6	2.114133E-9	1.000000E+0	
1.541988E+4	2.949200E+1	9.906076E-2	1.849940E+0	4.610677E+1	2.130852E-3	-8.105705E-9	5.341521E-9	-5.216668E-9	5.861069E-10	1.000000E+0	
1.545295E+4	2.948700E+1	2.971823E+0	1.849940E+0	4.610677E+1	2.130852E-3	-2.060643E-6	5.456141E-10	3.394954E-7	6.452498E-10	1.000000E+0	
1.548608E+4	2.948600E+1	4.953038E+0	1.849940E+0	4.610677E+1	2.130852E-3	-9.652622E-6	8.133767E-11	1.627739E-6	6.300526E-9	1.000000E+0	
1.549425E+4	2.948900E+1	6.934253E+0	1.849940E+0	4.610677E+1	2.130852E-3	-1.644053E-5	2.202759E-6	-6.065118E-6	2.510077E-6	1.000000E+0	
1.552614E+4	2.950500E+1	7.924860E+0	1.849940E+0	4.610677E+1	2.130852E-3	-4.076816E-5	1.277467E-8	6.983097E-6	1.959490E-9	1.000000E+0	
1.559769E+4	2.950900E+1	9.906076E-2	1.489940E+0	4.610677E+1	2.130852E-3	3.453037E-8	1.692261E-9	2.065236E-8	6.934710E-9	1.000000E+0	
1.562748E+4	2.950900E+1	2.971823E+0	1.489940E+0	4.610677E+1	2.130852E-3	-2.110548E-6	7.278881E-10	3.220899E-7	2.649132E-9	1.000000E+0	
1.565721E+4	2.950500E+1	5.943645E+0	1.489940E+0	4.610677E+1	2.130852E-3	-1.731470E-5	8.927970E-9	2.730489E-6	4.870386E-9	1.000000E+0	
1.568698E+4	2.950100E+1	5.943645E+0	1.489940E+0	4.610677E+1	2.130852E-3	-1.740739E-5	1.099847E-9	2.698648E-6	8.062334E-9	1.000000E+0	
1.573275E+4	2.950100E+1	9.906076E-1	1.746200E+0	4.610677E+1	2.130852E-3	-4.551267E-8	4.274828E-9	3.850592E-8	1.795747E-9	1.000000E+0	
1.576748E+4	2.949600E+1	2.971823E+0	1.746200E+0	4.610677E+1	2.130852E-3	-2.104236E-6	2.642087E-9	3.070180E-7	1.315379E-8	1.000000E+0	
1.580229E+4	2.949800E+1	3.962430E+0	1.746200E+0	4.610677E+1	2.130852E-3	-4.949828E-6	1.344477E-9	8.181306E-7	2.153125E-9	1.000000E+0	
1.583702E+4	2.949600E+1	5.943645E+0	1.746200E+0	4.610677E+1	2.130852E-3	-1.709552E-5	1.605570E-10	2.829876E-6	1.077638E-9	1.000000E+0	
1.587176E+4	2.949700E+1	7.924860E+0	1.746200E+0	4.610677E+1	2.130852E-3	-4.106914E-5	4.934519E-9	6.882165E-6	1.339726E-10	1.000000E+0	
1.592592E+4	2.949500E+1	9.906076E-2	1.447560E+0	4.610677E+1	2.130852E-3	-3.500328E-8	5.738100E-9	1.673009E-8	3.177778E-9	1.000000E+0	
1.596671E+4	2.950000E+1	2.971823E+0	1.447560E+0	4.610677E+1	2.130852E-3	-2.099172E-6	5.949029E-10	3.244379E-7	2.494842E-9	1.000000E+0	
1.600745E+4	2.950400E+1	3.962430E+0	1.447560E+0	4.610677E+1	2.130852E-3	-5.042057E-6	1.898535E-9	7.841732E-7	1.947761E-9	1.000000E+0	
1.604819E+4	2.950100E+1	5.943645E+0	1.447560E+0	4.610677E+1	2.130852E-3	-1.744011E-5	1.065971E-9	2.733083E-6	2.024561E-9	1.000000E+0	
1.608889E+4	2.950200E+1	7.924860E+0	1.447560E+0	4.610677E+1	2.130852E-3	-4.193113E-5	5.209613E-9	6.692169E-6	8.695539E-10	1.000000E+0	
1.615199E+4	2.949600E+1	9.906076E-2	1.200000E+0	4.610677E+1	2.130852E-3	-8.225622E-9	2.161980E-9	1.595355E-8	4.777419E-10	1.000000E+0	
1.619982E+4	2.949700E+1	2.971823E+0	1.200000E+0	4.610677E+1	2.130852E-3	-2.124630E-6	2.071108E-9	2.546419E-7	1.174849E-10	1.000000E+0	
1.624767E+4	2.950000E+1	3.962430E+0	1.200000E+0	4.610677E+1	2.130852E-3	-5.091595E-6	4.966619E-10	6.824428E-7	3.936017E-10	1.000000E+0	
1.629557E+4	2.950100E+1	5.943645E+0	1.200000E+0	4.610677E+1	2.130852E-3	-1.775202E-5	2.217287E-9	2.543033E-6	8.079880E-10	1.000000E+0	
1.634344E+4	2.950100E+1	7.924860E+0	1.200000E+0	4.610677E+1	2.130852E-3	-4.263351E-5	5.046985E-9	6.380471E-6	2.772911E-9	1.000000E+0	
--- > K and esd K (estimated based on user TCR) : -4.750435E+0	-6.522934E-2	

*** Temperature stable /K : 3.453500000E+1
--- > R0 : 4.645131E+1	4.645272E+1	4.644877E+1	4.644649E+1	4.644706E+1	4.644991E+1	4.645266E+1	4.645181E+1	4.645004E+1	4.644871E+1	4.644897E+1	4.644988E+1	
time /sec  	temp /K    	current /mA	freq /Hz   	R0 /Ohms   	esd R0     	V3X /V_rms 	esd V3X    	V3Y /V_rms 	esd V3Y    	Data_Valid?
1.642879E+4	3.452900E+1	9.906061E-2	2.000000E+1	4.644986E+1	2.009824E-3	4.098054E-9	1.343973E-8	-4.309280E-9	9.354511E-9	1.000000E+0	
1.643720E+4	3.452900E+1	2.971818E+0	2.000000E+1	4.644986E+1	2.009824E-3	-1.496238E-6	6.437991E-9	4.873326E-7	8.160496E-9	1.000000E+0	
1.644555E+4	3.452800E+1	3.962424E+0	2.000000E+1	4.644986E+1	2.009824E-3	-3.570211E-6	1.102665E-8	1.180793E-6	3.331708E-9	1.000000E+0	
1.645390E+4	3.452500E+1	5.943636E+0	2.000000E+1	4.644986E+1	2.009824E-3	-1.221068E-5	9.523172E-9	4.101066E-6	1.136934E-8	1.000000E+0	
1.646225E+4	3.452000E+1	7.924849E+0	2.000000E+1	4.644986E+1	2.009824E-3	-2.903512E-5	8.722770E-9	9.891584E-6	1.132827E-8	1.000000E+0	
1.647408E+4	3.451600E+1	9.906061E-2	1.657958E+1	4.644986E+1	2.009824E-3	-2.381979E-6	4.904793E-6	-2.085757E-6	5.053155E-6	1.000000E+0	
1.648295E+4	3.451400E+1	2.971818E+0	1.657958E+1	4.644986E+1	2.009824E-3	1.284242E-6	4.395330E-6	-1.099672E-6	5.505309E-6	1.000000E+0	
1.649178E+4	3.451200E+1	3.962424E+0	1.657958E+1	4.644986E+1	2.009824E-3	-1.780861E-6	5.345848E-6	4.018387E-6	4.522752E-6	1.000000E+0	
1.650064E+4	3.451000E+1	5.943636E+0	1.657958E+1	4.644986E+1	2.009824E-3	-1.547102E-5	4.631631E-6	6.149429E-6	5.298039E-6	1.000000E+0	
1.650950E+4	3.451100E+1	7.924849E+0	1.657958E+1	4.644986E+1	2.009824E-3	-3.242271E-5	5.279953E-6	7.132184E-6	4.624399E-6	1.000000E+0	
1.652204E+4	3.450900E+1	9.906061E-2	1.374412E+1	4.644986E+1	2.009824E-3	1.063635E-8	5.224283E-9	1.101221E-9	6.722628E-9	1.000000E+0	
1.653154E+4	3.450800E+1	2.971818E+0	1.374412E+1	4.644986E+1	2.009824E-3	-1.629941E-6	2.873394E-9	4.798270E-7	8.899502E-9	1.000000E+0	
1.654107E+4	3.450500E+1	3.962424E+0	1.374412E+1	4.644986E+1	2.009824E-3	-3.878563E-6	9.053704E-9	1.165811E-6	7.394874E-9	1.000000E+0	
1.654773E+4	3.450700E+1	5.943636E+0	1.374412E+1	4.644986E+1	2.009824E-3	-1.331859E-5	3.816493E-8	4.051855E-6	8.092778E-8	1.000000E+0	
1.655605E+4	3.450700E+1	7.924849E+0	1.374412E+1	4.644986E+1	2.009824E-3	-3.157395E-5	6.688258E-9	9.634922E-6	4.421708E-9	1.000000E+0	
1.657451E+4	3.450500E+1	9.906061E-2	1.139358E+1	4.644986E+1	2.009824E-3	2.246610E-9	6.271042E-9	-1.031552E-8	9.564974E-9	1.000000E+0	
1.658478E+4	3.450500E+1	2.971818E+0	1.139358E+1	4.644986E+1	2.009824E-3	-1.682770E-6	2.584013E-9	4.790168E-7	3.127097E-9	1.000000E+0	
1.659506E+4	3.450300E+1	3.962424E+0	1.139358E+1	4.644986E+1	2.009824E-3	-4.012421E-6	1.253802E-8	1.141306E-6	7.246699E-9	1.000000E+0	
1.660182E+4	3.450200E+1	5.943636E+0	1.139358E+1	4.644986E+1	2.009824E-3	-1.341152E-5	6.821494E-7	4.253961E-6	5.748223E-7	1.000000E+0	
1.661092E+4	3.450400E+1	7.924849E+0	1.139358E+1	4.644986E+1	2.009824E-3	-3.276167E-5	3.629775E-9	9.438470E-6	7.016737E-9	1.000000E+0	
1.663110E+4	3.450200E+1	9.906061E-2	9.445040E+0	4.644986E+1	2.009824E-3	-2.527372E-9	6.072570E-9	2.812434E-9	6.990817E-9	1.000000E+0	
1.664232E+4	3.450300E+1	2.971818E+0	9.445040E+0	4.644986E+1	2.009824E-3	-1.737539E-6	4.886366E-9	4.704450E-7	1.176459E-8	1.000000E+0	
1.665353E+4	3.450000E+1	3.962424E+0	9.445040E+0	4.644986E+1	2.009824E-3	-4.173424E-6	2.819618E-9	1.133312E-6	8.764742E-9	1.000000E+0	
1.666017E+4	3.450200E+1	5.943636E+0	9.445040E+0	4.644986E+1	2.009824E-3	-1.320195E-5	1.529082E-6	2.531619E-6	1.851010E-6	1.000000E+0	
1.667012E+4	3.450300E+1	7.924849E+0	9.445040E+0	4.644986E+1	2.009824E-3	-3.390127E-5	3.918853E-9	9.210282E-6	1.053072E-8	1.000000E+0	
1.669232E+4	3.450000E+1	9.906061E-2	7.829740E+0	4.644986E+1	2.009824E-3	6.472643E-9	1.777930E-9	1.039576E-8	4.791970E-9	1.000000E+0	
1.670463E+4	3.449800E+1	2.971818E+0	7.829740E+0	4.644986E+1	2.009824E-3	-1.803431E-6	4.547680E-9	4.506092E-7	2.518569E-9	1.000000E+0	
1.671691E+4	3.450100E+1	3.962424E+0	7.829740E+0	4.644986E+1	2.009824E-3	-4.310552E-6	5.310473E-9	1.085044E-6	3.382282E-9	1.000000E+0	
1.672358E+4	3.450100E+1	5.943636E+0	7.829740E+0	4.644986E+1	2.009824E-3	-1.482116E-5	6.467064E-8	4.613133E-6	8.650373E-7	1.000000E+0	
1.673471E+4	3.449900E+1	7.924849E+0	7.829740E+0	4.644986E+1	2.009824E-3	-3.501052E-5	5.521654E-9	9.017320E-6	1.192702E-8	1.000000E+0	
1.675931E+4	3.450200E+1	9.906061E-2	6.490680E+0	4.644986E+1	2.009824E-3	5.017647E-9	2.726647E-9	-3.299721E-9	2.085243E-9	1.000000E+0	
1.676744E+4	3.449900E+1	2.971818E+0	6.490680E+0	4.644986E+1	2.009824E-3	-8.713853E-6	4.993648E-6	7.128293E-7	4.514339E-7	1.000000E+0	
1.677983E+4	3.450100E+1	3.962424E+0	6.490680E+0	4.644986E+1	2.009824E-3	-4.430577E-6	3.030125E-9	1.064292E-6	2.456174E-9	1.000000E+0	
1.679221E+4	3.450100E+1	5.943636E+0	6.490680E+0	4.644986E+1	2.009824E-3	-1.518286E-5	6.572545E-9	3.672178E-6	4.115448E-9	1.000000E+0	
1.680464E+4	3.450000E+1	7.924849E+0	6.490680E+0	4.644986E+1	2.009824E-3	-3.606722E-5	1.476650E-9	8.812820E-6	2.717669E-9	1.000000E+0	
1.683215E+4	3.449900E+1	9.906061E-2	5.380640E+0	4.644986E+1	2.009824E-3	-2.205207E-9	2.437015E-9	1.884346E-9	1.528365E-9	1.000000E+0	
1.684736E+4	3.449700E+1	2.971818E+0	5.380640E+0	4.644986E+1	2.009824E-3	-1.904708E-6	2.461538E-9	4.342132E-7	2.280666E-9	1.000000E+0	
1.686260E+4	3.450100E+1	3.962424E+0	5.380640E+0	4.644986E+1	2.009824E-3	-4.552709E-6	8.590380E-10	1.030682E-6	2.067952E-9	1.000000E+0	
1.687782E+4	3.450000E+1	5.943636E+0	5.380640E+0	4.644986E+1	2.009824E-3	-1.561616E-5	1.193160E-9	3.590492E-6	5.439198E-9	1.000000E+0	
1.689303E+4	3.449900E+1	7.924849E+0	5.380640E+0	4.644986E+1	2.009824E-3	-3.711952E-5	8.278025E-9	8.627936E-6	3.549099E-9	1.000000E+0	
1.691387E+4	3.449900E+1	9.906061E-2	4.460440E+0	4.644986E+1	2.009824E-3	5.823779E-9	1.759151E-9	8.611071E-10	1.587344E-9	1.000000E+0	
1.693104E+4	3.449900E+1	2.971818E+0	4.460440E+0	4.644986E+1	2.009824E-3	-1.972631E-6	9.187940E-9	4.336789E-7	3.022398E-9	1.000000E+0	
1.694813E+4	3.450000E+1	3.962424E+0	4.460440E+0	4.644986E+1	2.009824E-3	-4.672756E-6	1.449561E-9	1.030055E-6	3.199148E-9	1.000000E+0	
1.696527E+4	3.450000E+1	5.943636E+0	4.460440E+0	4.644986E+1	2.009824E-3	-1.603735E-5	5.965459E-10	3.531230E-6	4.024658E-9	1.000000E+0	
1.698244E+4	3.450200E+1	7.924849E+0	4.460440E+0	4.644986E+1	2.009824E-3	-3.818339E-5	1.067058E-8	8.466659E-6	3.543662E-9	1.000000E+0	
1.700812E+4	3.450000E+1	9.906061E-2	3.697610E+0	4.644986E+1	2.009824E-3	1.559950E-8	3.012217E-9	-2.199675E-10	3.224424E-9	1.000000E+0	
1.702764E+4	3.450100E+1	2.971818E+0	3.697610E+0	4.644986E+1	2.009824E-3	-2.011626E-6	1.720011E-9	4.487955E-7	1.870213E-9	1.000000E+0	
1.704712E+4	3.450100E+1	3.962424E+0	3.697610E+0	4.644986E+1	2.009824E-3	-4.804599E-6	3.222540E-9	1.007390E-6	8.897934E-10	1.000000E+0	
1.706662E+4	3.450000E+1	5.943636E+0	3.697610E+0	4.644986E+1	2.009824E-3	-1.642414E-5	4.451209E-9	3.454996E-6	7.312602E-9	1.000000E+0	
1.708606E+4	3.450200E+1	7.924849E+0	3.697610E+0	4.644986E+1	2.009824E-3	-3.913775E-5	6.405733E-9	8.273031E-6	2.023296E-9	1.000000E+0	
1.711466E+4	3.450000E+1	9.906061E-2	3.065240E+0	4.644986E+1	2.009824E-3	3.269140E-9	1.186732E-9	-6.884465E-10	2.068580E-9	1.000000E+0	
1.713698E+4	3.450000E+1	2.971818E+0	3.065240E+0	4.644986E+1	2.009824E-3	-2.073060E-6	2.955638E-9	4.348794E-7	3.085665E-9	1.000000E+0	
1.715926E+4	3.450100E+1	3.962424E+0	3.065240E+0	4.644986E+1	2.009824E-3	-4.922021E-6	2.301923E-9	9.912031E-7	6.893924E-10	1.000000E+0	
1.718157E+4	3.449900E+1	5.943636E+0	3.065240E+0	4.644986E+1	2.009824E-3	-1.684934E-5	9.175204E-10	3.373239E-6	1.417039E-9	1.000000E+0	
1.720385E+4	3.450000E+1	7.924849E+0	3.065240E+0	4.644986E+1	2.009824E-3	-4.010853E-5	3.145486E-9	8.130097E-6	1.984839E-9	1.000000E+0	
1.723722E+4	3.450400E+1	9.906061E-2	2.541020E+0	4.644986E+1	2.009824E-3	1.422181E-8	2.887577E-9	-1.042608E-8	1.527050E-9	1.000000E+0	
1.726295E+4	3.449900E+1	2.971818E+0	2.541020E+0	4.644986E+1	2.009824E-3	-2.120821E-6	4.245178E-10	4.153701E-7	2.518431E-9	1.000000E+0	
1.728862E+4	3.450300E+1	3.962424E+0	2.541020E+0	4.644986E+1	2.009824E-3	-5.029091E-6	6.128500E-10	9.576997E-7	4.614443E-9	1.000000E+0	
1.731426E+4	3.450000E+1	5.943636E+0	2.541020E+0	4.644986E+1	2.009824E-3	-1.725830E-5	4.002839E-9	3.325800E-6	3.305919E-10	1.000000E+0	
1.733997E+4	3.450300E+1	7.924849E+0	2.541020E+0	4.644986E+1	2.009824E-3	-4.107237E-5	3.356991E-9	7.989068E-6	3.704282E-9	1.000000E+0	
1.737892E+4	3.450300E+1	9.906061E-2	2.106450E+0	4.644986E+1	2.009824E-3	2.258131E-8	1.514160E-9	-1.400177E-9	9.992895E-10	1.000000E+0	
1.740868E+4	3.450100E+1	2.971818E+0	2.106450E+0	4.644986E+1	2.009824E-3	-2.143513E-6	2.111773E-9	4.041319E-7	1.241813E-9	1.000000E+0	
1.743839E+4	3.449900E+1	3.962424E+0	2.106450E+0	4.644986E+1	2.009824E-3	-5.213659E-6	2.014648E-8	9.299338E-7	4.626108E-9	1.000000E+0	
1.744502E+4	3.449800E+1	5.943636E+0	2.106450E+0	4.644986E+1	2.009824E-3	-2.061219E-5	2.804085E-6	1.375403E-5	5.380736E-6	1.000000E+0	
1.747746E+4	3.449600E+1	7.924849E+0	2.106450E+0	4.644986E+1	2.009824E-3	-3.667944E-5	6.869410E-7	-4.750972E-6	4.593483E-6	1.000000E+0	
1.754071E+4	3.449900E+1	9.906061E-2	1.746200E+0	4.644986E+1	2.009824E-3	-5.622850E-9	1.322067E-9	2.282774E-9	2.710836E-9	1.000000E+0	
1.757545E+4	3.450100E+1	2.971818E+0	1.746200E+0	4.644986E+1	2.009824E-3	-2.200572E-6	1.539005E-10	3.931383E-7	3.571973E-10	1.000000E+0	
1.761019E+4	3.449700E+1	3.962424E+0	1.746200E+0	4.644986E+1	2.009824E-3	-5.237345E-6	5.374636E-9	8.697223E-7	7.654727E-9	1.000000E+0	
1.761688E+4	3.450000E+1	5.943636E+0	1.746200E+0	4.644986E+1	2.009824E-3	-1.281107E-5	2.997424E-6	-8.687290E-6	3.399112E-6	1.000000E+0	
1.765040E+4	3.449700E+1	7.924849E+0	1.746200E+0	4.644986E+1	2.009824E-3	-4.288082E-5	9.243776E-9	7.674410E-6	1.228129E-9	1.000000E+0	
1.772451E+4	3.449900E+1	9.906061E-2	1.447560E+0	4.644986E+1	2.009824E-3	-2.274900E-8	8.155563E-10	-3.969220E-8	7.914862E-10	1.000000E+0	
1.776522E+4	3.450200E+1	2.971818E+0	1.447560E+0	4.644986E+1	2.009824E-3	-2.258436E-6	1.939373E-10	3.654953E-7	4.124533E-10	1.000000E+0	
1.780597E+4	3.450200E+1	3.962424E+0	1.447560E+0	4.644986E+1	2.009824E-3	-5.327729E-6	1.046967E-8	8.533269E-7	1.300956E-8	1.000000E+0	
1.784668E+4	3.449800E+1	5.943636E+0	1.447560E+0	4.644986E+1	2.009824E-3	-1.842539E-5	3.284728E-9	3.093443E-6	8.578926E-10	1.000000E+0	
1.788734E+4	3.449800E+1	7.924849E+0	1.447560E+0	4.644986E+1	2.009824E-3	-4.388676E-5	5.438500E-9	7.505992E-6	1.743905E-9	1.000000E+0	
1.795024E+4	3.450200E+1	9.906061E-2	1.200000E+0	4.644986E+1	2.009824E-3	1.742218E-8	3.324243E-10	3.501927E-9	1.482712E-9	1.000000E+0	
1.799815E+4	3.449700E+1	2.971818E+0	1.200000E+0	4.644986E+1	2.009824E-3	-2.232345E-6	7.664599E-10	2.962398E-7	2.476468E-9	1.000000E+0	
1.804601E+4	3.450100E+1	3.962424E+0	1.200000E+0	4.644986E+1	2.009824E-3	-5.413356E-6	1.088533E-9	7.090715E-7	7.820383E-9	1.000000E+0	
1.809387E+4	3.450200E+1	5.943636E+0	1.200000E+0	4.644986E+1	2.009824E-3	-1.871679E-5	1.221935E-9	2.898487E-6	2.886059E-9	1.000000E+0	
1.814173E+4	3.449800E+1	7.924849E+0	1.200000E+0	4.644986E+1	2.009824E-3	-4.471184E-5	3.769932E-9	7.166616E-6	1.134858E-9	1.000000E+0	
--- > K and esd K (estimated based on user TCR) : -4.383343E+0	-4.069106E-2	

*** Temperature stable /K : 3.953300000E+1
--- > R0 : 4.704446E+1	4.704276E+1	4.704200E+1	4.704010E+1	4.703889E+1	4.704376E+1	4.704776E+1	4.704558E+1	4.704234E+1	4.703957E+1	4.704161E+1	4.704658E+1	
time /sec  	temp /K    	current /mA	freq /Hz   	R0 /Ohms   	esd R0     	V3X /V_rms 	esd V3X    	V3Y /V_rms 	esd V3Y    	Data_Valid?
1.830257E+4	3.952300E+1	9.906029E-2	2.000000E+1	4.704295E+1	2.785337E-3	1.249467E-8	7.673817E-9	4.452892E-9	4.823981E-9	1.000000E+0	
1.831093E+4	3.952000E+1	2.971809E+0	2.000000E+1	4.704295E+1	2.785337E-3	-1.522600E-6	8.544144E-9	5.505758E-7	6.110243E-9	1.000000E+0	
1.831930E+4	3.951800E+1	3.962412E+0	2.000000E+1	4.704295E+1	2.785337E-3	-3.637006E-6	7.268199E-9	1.295594E-6	5.486275E-9	1.000000E+0	
1.832762E+4	3.951600E+1	5.943617E+0	2.000000E+1	4.704295E+1	2.785337E-3	-1.235902E-5	6.753703E-9	4.475670E-6	6.449172E-9	1.000000E+0	
1.833599E+4	3.951400E+1	7.924823E+0	2.000000E+1	4.704295E+1	2.785337E-3	-2.921787E-5	1.448965E-8	1.068595E-5	8.737679E-9	1.000000E+0	
1.834782E+4	3.950800E+1	9.906029E-2	1.657958E+1	4.704295E+1	2.785337E-3	8.430499E-7	5.808306E-6	-2.766073E-6	4.046645E-6	1.000000E+0	
1.835668E+4	3.950700E+1	2.971809E+0	1.657958E+1	4.704295E+1	2.785337E-3	-8.415988E-7	5.842015E-6	3.115440E-6	4.117910E-6	1.000000E+0	
1.836554E+4	3.950800E+1	3.962412E+0	1.657958E+1	4.704295E+1	2.785337E-3	-4.815748E-6	5.675605E-6	-1.138787E-6	4.361059E-6	1.000000E+0	
1.837231E+4	3.951100E+1	5.943617E+0	1.657958E+1	4.704295E+1	2.785337E-3	-1.530021E-5	4.391859E-6	3.357950E-6	5.621484E-6	1.000000E+0	
1.837996E+4	3.950700E+1	7.924823E+0	1.657958E+1	4.704295E+1	2.785337E-3	-3.090096E-5	5.826846E-6	8.050329E-6	4.112694E-6	1.000000E+0	
1.839709E+4	3.950300E+1	9.906029E-2	1.374412E+1	4.704295E+1	2.785337E-3	5.511116E-9	8.574113E-9	-1.757758E-9	1.473255E-8	1.000000E+0	
1.840659E+4	3.950900E+1	2.971809E+0	1.374412E+1	4.704295E+1	2.785337E-3	-1.656260E-6	8.102032E-9	5.340365E-7	8.068021E-9	1.000000E+0	
1.841610E+4	3.950600E+1	3.962412E+0	1.374412E+1	4.704295E+1	2.785337E-3	-3.944757E-6	5.537919E-9	1.262787E-6	1.083792E-8	1.000000E+0	
1.842558E+4	3.950100E+1	5.943617E+0	1.374412E+1	4.704295E+1	2.785337E-3	-1.345031E-5	8.944278E-9	4.331625E-6	3.204057E-9	1.000000E+0	
1.843509E+4	3.950100E+1	7.924823E+0	1.374412E+1	4.704295E+1	2.785337E-3	-3.181431E-5	5.372971E-9	1.035539E-5	3.805805E-9	1.000000E+0	
1.844835E+4	3.950500E+1	9.906029E-2	1.139358E+1	4.704295E+1	2.785337E-3	3.689616E-9	7.627304E-9	-5.607448E-9	3.705673E-9	1.000000E+0	
1.845861E+4	3.950100E+1	2.971809E+0	1.139358E+1	4.704295E+1	2.785337E-3	-1.723206E-6	4.387954E-9	5.189668E-7	6.221555E-9	1.000000E+0	
1.846888E+4	3.950300E+1	3.962412E+0	1.139358E+1	4.704295E+1	2.785337E-3	-4.109673E-6	5.666370E-9	1.235738E-6	6.989342E-9	1.000000E+0	
1.847913E+4	3.950300E+1	5.943617E+0	1.139358E+1	4.704295E+1	2.785337E-3	-1.396062E-5	6.062052E-9	4.243783E-6	5.664832E-9	1.000000E+0	
1.848939E+4	3.950100E+1	7.924823E+0	1.139358E+1	4.704295E+1	2.785337E-3	-3.306158E-5	1.011952E-8	1.012562E-5	3.959011E-9	1.000000E+0	
1.850357E+4	3.950200E+1	9.906029E-2	9.445040E+0	4.704295E+1	2.785337E-3	3.484769E-9	8.635642E-9	-4.640712E-9	8.009444E-9	1.000000E+0	
1.851477E+4	3.949900E+1	2.971809E+0	9.445040E+0	4.704295E+1	2.785337E-3	-1.779211E-6	8.991352E-9	5.122045E-7	3.789500E-9	1.000000E+0	
1.852595E+4	3.949400E+1	3.962412E+0	9.445040E+0	4.704295E+1	2.785337E-3	-4.240230E-6	4.387102E-9	1.216078E-6	2.992658E-9	1.000000E+0	
1.853716E+4	3.949900E+1	5.943617E+0	9.445040E+0	4.704295E+1	2.785337E-3	-1.447854E-5	7.029858E-9	4.158610E-6	3.057797E-9	1.000000E+0	
1.854843E+4	3.949900E+1	7.924823E+0	9.445040E+0	4.704295E+1	2.785337E-3	-3.426460E-5	5.134483E-9	9.918424E-6	7.212295E-9	1.000000E+0	
1.856368E+4	3.950400E+1	9.906029E-2	7.829740E+0	4.704295E+1	2.785337E-3	2.590878E-9	4.965737E-9	-2.396737E-9	3.374561E-9	1.000000E+0	
1.857596E+4	3.950400E+1	2.971809E+0	7.829740E+0	4.704295E+1	2.785337E-3	-1.833026E-6	2.689726E-9	4.894791E-7	2.225607E-9	1.000000E+0	
1.858821E+4	3.950100E+1	3.962412E+0	7.829740E+0	4.704295E+1	2.785337E-3	-4.394135E-6	2.679597E-9	1.185286E-6	4.555055E-9	1.000000E+0	
1.859491E+4	3.949900E+1	5.943617E+0	7.829740E+0	4.704295E+1	2.785337E-3	-1.629857E-5	1.387630E-6	5.243107E-6	1.311738E-6	1.000000E+0	
1.860601E+4	3.949800E+1	7.924823E+0	7.829740E+0	4.704295E+1	2.785337E-3	-3.543553E-5	4.367137E-9	9.671796E-6	4.114574E-9	1.000000E+0	
1.863057E+4	3.950400E+1	9.906029E-2	6.490680E+0	4.704295E+1	2.785337E-3	8.980165E-10	1.074558E-8	-6.554416E-9	3.332973E-9	1.000000E+0	
1.864413E+4	3.950000E+1	2.971809E+0	6.490680E+0	4.704295E+1	2.785337E-3	-1.893707E-6	1.944476E-9	4.842855E-7	6.959832E-9	1.000000E+0	
1.865775E+4	3.949800E+1	3.962412E+0	6.490680E+0	4.704295E+1	2.785337E-3	-4.512942E-6	2.487696E-9	1.139070E-6	5.376807E-9	1.000000E+0	
1.866449E+4	3.949900E+1	5.943617E+0	6.490680E+0	4.704295E+1	2.785337E-3	-1.275363E-5	2.310340E-6	5.881131E-6	1.166914E-6	1.000000E+0	
1.867689E+4	3.950000E+1	7.924823E+0	6.490680E+0	4.704295E+1	2.785337E-3	-3.654944E-5	4.656373E-9	9.450900E-6	2.565151E-9	1.000000E+0	
1.870441E+4	3.950400E+1	9.906029E-2	5.380640E+0	4.704295E+1	2.785337E-3	4.991673E-9	3.628781E-9	3.550731E-9	1.851010E-9	1.000000E+0	
1.871965E+4	3.950200E+1	2.971809E+0	5.380640E+0	4.704295E+1	2.785337E-3	-1.953633E-6	1.143977E-9	4.650299E-7	2.046515E-9	1.000000E+0	
1.873483E+4	3.950300E+1	3.962412E+0	5.380640E+0	4.704295E+1	2.785337E-3	-4.639242E-6	2.829194E-9	1.126129E-6	1.862565E-9	1.000000E+0	
1.874157E+4	3.949900E+1	5.943617E+0	5.380640E+0	4.704295E+1	2.785337E-3	-3.161626E-5	7.941539E-6	2.655853E-6	2.220300E-6	1.000000E+0	
1.875559E+4	3.950100E+1	7.924823E+0	5.380640E+0	4.704295E+1	2.785337E-3	-3.765903E-5	1.061615E-8	9.235007E-6	4.790417E-9	1.000000E+0	
1.878663E+4	3.950400E+1	9.906029E-2	4.460440E+0	4.704295E+1	2.785337E-3	-1.663353E-10	2.389711E-9	-1.307324E-9	2.487081E-9	1.000000E+0	
1.880380E+4	3.950400E+1	2.971809E+0	4.460440E+0	4.704295E+1	2.785337E-3	-2.002618E-6	5.886863E-9	4.575813E-7	4.848147E-9	1.000000E+0	
1.882092E+4	3.950300E+1	3.962412E+0	4.460440E+0	4.704295E+1	2.785337E-3	-4.785280E-6	2.028710E-9	1.098487E-6	3.500413E-9	1.000000E+0	
1.882760E+4	3.950300E+1	5.943617E+0	4.460440E+0	4.704295E+1	2.785337E-3	1.921304E-5	1.265171E-5	1.352952E-5	2.057141E-6	1.000000E+0	
1.884351E+4	3.950100E+1	7.924823E+0	4.460440E+0	4.704295E+1	2.785337E-3	-3.871034E-5	2.585418E-9	9.027940E-6	4.212835E-9	1.000000E+0	
1.887886E+4	3.949500E+1	9.906029E-2	3.697610E+0	4.704295E+1	2.785337E-3	4.526712E-9	1.470663E-9	-3.147935E-8	5.001255E-9	1.000000E+0	
1.889831E+4	3.949600E+1	2.971809E+0	3.697610E+0	4.704295E+1	2.785337E-3	-2.063044E-6	5.108785E-9	4.621177E-7	3.483917E-9	1.000000E+0	
1.891777E+4	3.949500E+1	3.962412E+0	3.697610E+0	4.704295E+1	2.785337E-3	-4.907933E-6	1.020208E-9	1.073678E-6	2.677408E-9	1.000000E+0	
1.892451E+4	3.949400E+1	5.943617E+0	3.697610E+0	4.704295E+1	2.785337E-3	-3.055417E-5	1.673739E-6	-1.551382E-5	5.601150E-6	1.000000E+0	
1.894279E+4	3.949700E+1	7.924823E+0	3.697610E+0	4.704295E+1	2.785337E-3	-3.977031E-5	3.759898E-9	8.868100E-6	2.274537E-9	1.000000E+0	
1.898320E+4	3.950000E+1	9.906029E-2	3.065240E+0	4.704295E+1	2.785337E-3	9.970428E-9	8.893156E-10	-4.672152E-9	1.552416E-9	1.000000E+0	
1.900544E+4	3.950100E+1	2.971809E+0	3.065240E+0	4.704295E+1	2.785337E-3	-2.125517E-6	2.977889E-9	4.478646E-7	3.336019E-9	1.000000E+0	
1.902774E+4	3.950100E+1	3.962412E+0	3.065240E+0	4.704295E+1	2.785337E-3	-5.031417E-6	2.330310E-9	1.067753E-6	3.989048E-9	1.000000E+0	
1.905002E+4	3.950200E+1	5.943617E+0	3.065240E+0	4.704295E+1	2.785337E-3	-1.721190E-5	1.682437E-9	3.639341E-6	3.589420E-9	1.000000E+0	
1.907231E+4	3.950000E+1	7.924823E+0	3.065240E+0	4.704295E+1	2.785337E-3	-4.080578E-5	1.221308E-9	8.715012E-6	1.379498E-9	1.000000E+0	
1.910599E+4	3.950000E+1	9.906029E-2	2.541020E+0	4.704295E+1	2.785337E-3	5.755759E-9	2.452214E-9	-3.898442E-10	1.021734E-9	1.000000E+0	
1.913172E+4	3.950000E+1	2.971809E+0	2.541020E+0	4.704295E+1	2.785337E-3	-2.168916E-6	1.532644E-9	4.342809E-7	7.743553E-10	1.000000E+0	
1.915740E+4	3.950100E+1	4.953014E+0	2.541020E+0	4.704295E+1	2.785337E-3	-1.008453E-5	1.102048E-9	2.047290E-6	2.869300E-10	1.000000E+0	
1.918314E+4	3.950100E+1	6.438919E+0	2.541020E+0	4.704295E+1	2.785337E-3	-2.243298E-5	5.647259E-10	4.571236E-6	1.705045E-9	1.000000E+0	
1.920886E+4	3.950100E+1	7.924823E+0	2.541020E+0	4.704295E+1	2.785337E-3	-4.183352E-5	4.598355E-9	8.584459E-6	1.766664E-9	1.000000E+0	
1.924812E+4	3.950000E+1	9.906029E-2	2.106450E+0	4.704295E+1	2.785337E-3	1.852367E-8	1.336388E-9	-1.189998E-8	4.013413E-9	1.000000E+0	
1.927795E+4	3.949900E+1	2.971809E+0	2.106450E+0	4.704295E+1	2.785337E-3	-2.187511E-6	1.764919E-9	4.508986E-7	1.262424E-9	1.000000E+0	
1.930779E+4	3.949400E+1	4.953014E+0	2.106450E+0	4.704295E+1	2.785337E-3	-1.034016E-5	3.277258E-10	2.016050E-6	9.889298E-10	1.000000E+0	
1.931447E+4	3.949600E+1	6.438919E+0	2.106450E+0	4.704295E+1	2.785337E-3	-1.943456E-5	1.914224E-6	2.085127E-6	4.935706E-7	1.000000E+0	
1.934308E+4	3.949800E+1	7.924823E+0	2.106450E+0	4.704295E+1	2.785337E-3	-4.282230E-5	2.933510E-9	8.449770E-6	1.797472E-9	1.000000E+0	
1.940634E+4	3.950200E+1	9.906029E-2	1.746200E+0	4.704295E+1	2.785337E-3	-2.654648E-9	8.428103E-10	-1.644290E-8	7.377481E-10	1.000000E+0	
1.944113E+4	3.950000E+1	2.971809E+0	1.746200E+0	4.704295E+1	2.785337E-3	-2.266464E-6	1.988730E-9	4.160229E-7	9.041562E-10	1.000000E+0	
1.947588E+4	3.949900E+1	4.953014E+0	1.746200E+0	4.704295E+1	2.785337E-3	-1.058264E-5	9.127433E-10	1.962457E-6	7.918388E-10	1.000000E+0	
1.948265E+4	3.949800E+1	6.438919E+0	1.746200E+0	4.704295E+1	2.785337E-3	-1.024594E-6	4.776904E-6	5.123430E-6	1.231543E-6	1.000000E+0	
1.951623E+4	3.950000E+1	7.924823E+0	1.746200E+0	4.704295E+1	2.785337E-3	-4.381839E-5	4.209942E-9	8.260656E-6	8.390646E-10	1.000000E+0	
1.959039E+4	3.949900E+1	9.906029E-2	1.447560E+0	4.704295E+1	2.785337E-3	1.953311E-8	2.090522E-9	5.743462E-9	2.114141E-9	1.000000E+0	
1.963112E+4	3.950000E+1	2.971809E+0	1.447560E+0	4.704295E+1	2.785337E-3	-2.317043E-6	3.778636E-10	4.035411E-7	4.050988E-10	1.000000E+0	
1.967188E+4	3.950200E+1	4.953014E+0	1.447560E+0	4.704295E+1	2.785337E-3	-1.080718E-5	1.342468E-9	1.913143E-6	1.067062E-9	1.000000E+0	
1.967857E+4	3.950200E+1	6.438919E+0	1.447560E+0	4.704295E+1	2.785337E-3	-7.188824E-6	1.588320E-6	3.354114E-6	8.752263E-7	1.000000E+0	
1.971811E+4	3.950100E+1	7.924823E+0	1.447560E+0	4.704295E+1	2.785337E-3	-4.485232E-5	3.386200E-9	8.107192E-6	3.794971E-9	1.000000E+0	
1.980537E+4	3.950000E+1	9.906029E-2	1.200000E+0	4.704295E+1	2.785337E-3	1.354002E-8	5.997761E-10	1.339774E-9	1.254241E-10	1.000000E+0	
1.985325E+4	3.949900E+1	2.971809E+0	1.200000E+0	4.704295E+1	2.785337E-3	-2.348220E-6	4.253435E-10	3.553274E-7	1.062170E-9	1.000000E+0	
1.990109E+4	3.949800E+1	4.953014E+0	1.200000E+0	4.704295E+1	2.785337E-3	-1.096212E-5	1.515634E-9	1.690206E-6	4.004975E-9	1.000000E+0	
1.990783E+4	3.949600E+1	6.438919E+0	1.200000E+0	4.704295E+1	2.785337E-3	-1.131176E-5	2.164751E-7	-2.840957E-8	8.755339E-7	1.000000E+0	
1.995447E+4	3.949800E+1	7.924823E+0	1.200000E+0	4.704295E+1	2.785337E-3	-4.569008E-5	3.213246E-9	7.796387E-6	7.754812E-10	1.000000E+0	
--- > K and esd K (estimated based on user TCR) : -4.091033E+0	-3.217449E-2	

*** Temperature stable /K : 4.453300000E+1
--- > R0 : 4.753969E+1	4.754266E+1	4.754248E+1	4.754550E+1	4.754502E+1	4.754514E+1	4.754312E+1	4.754172E+1	4.754124E+1	4.754676E+1	4.754753E+1	4.754595E+1	
time /sec  	temp /K    	current /mA	freq /Hz   	R0 /Ohms   	esd R0     	V3X /V_rms 	esd V3X    	V3Y /V_rms 	esd V3Y    	Data_Valid?
2.013476E+4	4.452300E+1	9.906004E-2	2.000000E+1	4.754390E+1	2.424466E-3	-2.673793E-9	7.877871E-9	8.177049E-9	6.947012E-9	1.000000E+0	
2.014310E+4	4.451600E+1	2.971801E+0	2.000000E+1	4.754390E+1	2.424466E-3	-1.527279E-6	7.525854E-9	5.687475E-7	1.621771E-8	1.000000E+0	
2.015148E+4	4.451200E+1	4.953002E+0	2.000000E+1	4.754390E+1	2.424466E-3	-7.024518E-6	7.069007E-9	2.668419E-6	5.209406E-9	1.000000E+0	
2.015986E+4	4.451000E+1	6.438903E+0	2.000000E+1	4.754390E+1	2.424466E-3	-1.555641E-5	7.968323E-9	5.941038E-6	6.233886E-9	1.000000E+0	
2.016821E+4	4.450700E+1	7.924803E+0	2.000000E+1	4.754390E+1	2.424466E-3	-2.886492E-5	8.267282E-9	1.113029E-5	6.191551E-9	1.000000E+0	
2.018001E+4	4.450400E+1	9.906004E-2	1.657958E+1	4.754390E+1	2.424466E-3	-2.536669E-6	4.866733E-6	2.356556E-6	5.180237E-6	1.000000E+0	
2.018889E+4	4.450300E+1	2.971801E+0	1.657958E+1	4.754390E+1	2.424466E-3	-4.034286E-6	4.991130E-6	-1.928086E-6	5.038649E-6	1.000000E+0	
2.019769E+4	4.450400E+1	4.953002E+0	1.657958E+1	4.754390E+1	2.424466E-3	-5.682441E-6	5.683692E-6	-6.488176E-7	4.141154E-6	1.000000E+0	
2.020582E+4	4.450200E+1	6.438903E+0	1.657958E+1	4.754390E+1	2.424466E-3	-1.382725E-5	5.059628E-6	3.433893E-6	5.011529E-6	1.000000E+0	
2.021349E+4	4.450100E+1	7.924803E+0	1.657958E+1	4.754390E+1	2.424466E-3	-2.900431E-5	5.821947E-6	7.898598E-6	4.203054E-6	1.000000E+0	
2.023050E+4	4.450100E+1	9.906004E-2	1.374412E+1	4.754390E+1	2.424466E-3	-4.636337E-9	7.524674E-9	-4.597639E-9	1.056648E-8	1.000000E+0	
2.023999E+4	4.450100E+1	2.971801E+0	1.374412E+1	4.754390E+1	2.424466E-3	-1.638745E-6	7.715592E-9	5.574482E-7	4.927095E-9	1.000000E+0	
2.024952E+4	4.450000E+1	4.953002E+0	1.374412E+1	4.754390E+1	2.424466E-3	-7.658761E-6	6.070092E-9	2.586920E-6	6.178438E-9	1.000000E+0	
2.025908E+4	4.450100E+1	6.438903E+0	1.374412E+1	4.754390E+1	2.424466E-3	-1.694675E-5	1.509565E-9	5.765873E-6	3.229746E-9	1.000000E+0	
2.026863E+4	4.450100E+1	7.924803E+0	1.374412E+1	4.754390E+1	2.424466E-3	-3.151074E-5	9.549924E-9	1.079483E-5	5.032105E-9	1.000000E+0	
2.028188E+4	4.449700E+1	9.906004E-2	1.139358E+1	4.754390E+1	2.424466E-3	2.438418E-9	3.000698E-9	3.941880E-9	8.320327E-9	1.000000E+0	
2.029212E+4	4.449700E+1	2.971801E+0	1.139358E+1	4.754390E+1	2.424466E-3	-1.705206E-6	3.728497E-9	5.451006E-7	6.491125E-9	1.000000E+0	
2.030243E+4	4.449700E+1	4.953002E+0	1.139358E+1	4.754390E+1	2.424466E-3	-7.969390E-6	7.853116E-9	2.536528E-6	4.991106E-9	1.000000E+0	
2.031058E+4	4.449500E+1	6.438903E+0	1.139358E+1	4.754390E+1	2.424466E-3	-1.744234E-5	3.420144E-7	5.763103E-6	2.063759E-7	1.000000E+0	
2.032350E+4	4.449600E+1	7.924803E+0	1.139358E+1	4.754390E+1	2.424466E-3	-3.295649E-5	2.944333E-7	1.059438E-5	9.802521E-9	1.000000E+0	
2.034361E+4	4.450000E+1	9.906004E-2	9.445040E+0	4.754390E+1	2.424466E-3	-4.059787E-9	4.273994E-9	-8.678549E-9	2.799400E-9	1.000000E+0	
2.035476E+4	4.450100E+1	2.971801E+0	9.445040E+0	4.754390E+1	2.424466E-3	-1.775751E-6	3.283774E-9	5.267386E-7	5.809061E-9	1.000000E+0	
2.036594E+4	4.450400E+1	4.953002E+0	9.445040E+0	4.754390E+1	2.424466E-3	-8.253317E-6	2.162378E-9	2.489372E-6	3.951281E-9	1.000000E+0	
2.037267E+4	4.450300E+1	6.438903E+0	9.445040E+0	4.754390E+1	2.424466E-3	-1.818559E-5	2.194033E-7	5.982033E-6	6.106523E-7	1.000000E+0	
2.038268E+4	4.450300E+1	7.924803E+0	9.445040E+0	4.754390E+1	2.424466E-3	-3.406023E-5	9.048354E-9	1.035864E-5	3.942790E-9	1.000000E+0	
2.040484E+4	4.450000E+1	9.906004E-2	7.829740E+0	4.754390E+1	2.424466E-3	-5.369057E-10	5.905454E-9	-8.901297E-10	7.086026E-9	1.000000E+0	
2.041714E+4	4.450000E+1	2.971801E+0	7.829740E+0	4.754390E+1	2.424466E-3	-1.849871E-6	2.299374E-9	5.148517E-7	7.237198E-9	1.000000E+0	
2.042941E+4	4.449900E+1	4.953002E+0	7.829740E+0	4.754390E+1	2.424466E-3	-8.548152E-6	5.277242E-9	2.427111E-6	1.077654E-8	1.000000E+0	
2.043605E+4	4.449700E+1	6.438903E+0	7.829740E+0	4.754390E+1	2.424466E-3	-2.089677E-5	2.040167E-6	5.594877E-6	1.819420E-7	1.000000E+0	
2.045098E+4	4.449400E+1	7.924803E+0	7.829740E+0	4.754390E+1	2.424466E-3	-3.775544E-5	2.409394E-6	7.441097E-6	2.918840E-6	1.000000E+0	
2.047556E+4	4.449000E+1	9.906004E-2	6.490680E+0	4.754390E+1	2.424466E-3	-2.666888E-9	2.743152E-9	1.619812E-9	1.211905E-9	1.000000E+0	
2.048918E+4	4.449200E+1	2.971801E+0	6.490680E+0	4.754390E+1	2.424466E-3	-1.895784E-6	3.542702E-9	5.110354E-7	6.998186E-9	1.000000E+0	
2.050282E+4	4.448900E+1	4.953002E+0	6.490680E+0	4.754390E+1	2.424466E-3	-8.818061E-6	4.489092E-9	2.384124E-6	4.504036E-9	1.000000E+0	
2.050958E+4	4.448900E+1	6.438903E+0	6.490680E+0	4.754390E+1	2.424466E-3	-2.609164E-5	4.899505E-6	1.099085E-5	4.331128E-6	1.000000E+0	
2.052440E+4	4.449100E+1	7.924803E+0	6.490680E+0	4.754390E+1	2.424466E-3	-2.563857E-5	6.462846E-6	3.771849E-5	2.162466E-5	1.000000E+0	
2.055233E+4	4.449200E+1	9.906004E-2	5.380640E+0	4.754390E+1	2.424466E-3	5.753122E-9	3.171548E-9	3.620056E-9	6.064003E-10	1.000000E+0	
2.056751E+4	4.449300E+1	2.971801E+0	5.380640E+0	4.754390E+1	2.424466E-3	-1.960499E-6	2.798836E-9	4.950643E-7	4.348967E-9	1.000000E+0	
2.058278E+4	4.449200E+1	4.953002E+0	5.380640E+0	4.754390E+1	2.424466E-3	-9.106163E-6	2.790638E-9	2.323766E-6	5.951858E-9	1.000000E+0	
2.059801E+4	4.449300E+1	6.438903E+0	5.380640E+0	4.754390E+1	2.424466E-3	-2.020517E-5	4.538282E-9	5.190663E-6	3.187570E-9	1.000000E+0	
2.061323E+4	4.449400E+1	7.924803E+0	5.380640E+0	4.754390E+1	2.424466E-3	-3.757857E-5	6.688147E-9	9.703448E-6	5.735441E-9	1.000000E+0	
2.063398E+4	4.449400E+1	9.906004E-2	4.460440E+0	4.754390E+1	2.424466E-3	2.616008E-9	3.510250E-10	4.915117E-9	4.055353E-9	1.000000E+0	
2.065106E+4	4.449700E+1	2.971801E+0	4.460440E+0	4.754390E+1	2.424466E-3	-2.012496E-6	4.206253E-10	4.826654E-7	3.128046E-9	1.000000E+0	
2.065775E+4	4.449900E+1	4.953002E+0	4.460440E+0	4.754390E+1	2.424466E-3	-1.048520E-5	7.324947E-7	1.432071E-5	2.738667E-6	1.000000E+0	
2.067759E+4	4.450200E+1	6.438903E+0	4.460440E+0	4.754390E+1	2.424466E-3	-2.169256E-5	3.249657E-6	1.107094E-5	5.262082E-6	1.000000E+0	
2.069588E+4	4.450200E+1	7.924803E+0	4.460440E+0	4.754390E+1	2.424466E-3	-2.247172E-5	1.400826E-5	4.034049E-5	8.314465E-6	1.000000E+0	
2.073164E+4	4.450200E+1	9.906004E-2	3.697610E+0	4.754390E+1	2.424466E-3	-8.940571E-9	2.981626E-10	9.853638E-9	2.481340E-9	1.000000E+0	
2.075106E+4	4.450400E+1	2.971801E+0	3.697610E+0	4.754390E+1	2.424466E-3	-2.074680E-6	3.870520E-9	4.686812E-7	1.376461E-9	1.000000E+0	
2.077091E+4	4.450100E+1	4.953002E+0	3.697610E+0	4.754390E+1	2.424466E-3	-9.660866E-6	4.048133E-9	2.248223E-6	1.159571E-8	1.000000E+0	
2.079076E+4	4.450100E+1	6.438903E+0	3.697610E+0	4.754390E+1	2.424466E-3	-2.139633E-5	4.420621E-9	4.999688E-6	2.484885E-9	1.000000E+0	
2.081020E+4	4.450100E+1	7.924803E+0	3.697610E+0	4.754390E+1	2.424466E-3	-3.981727E-5	5.566786E-9	9.325947E-6	4.012377E-9	1.000000E+0	
2.083912E+4	4.450000E+1	9.906004E-2	3.065240E+0	4.754390E+1	2.424466E-3	1.099585E-8	4.874119E-9	-1.747528E-8	2.524912E-9	1.000000E+0	
2.086142E+4	4.449800E+1	2.971801E+0	3.065240E+0	4.754390E+1	2.424466E-3	-2.124492E-6	8.807913E-10	4.718445E-7	1.171382E-9	1.000000E+0	
2.088373E+4	4.449600E+1	4.953002E+0	3.065240E+0	4.754390E+1	2.424466E-3	-9.909322E-6	5.047563E-10	2.211475E-6	4.771771E-9	1.000000E+0	
2.089188E+4	4.449700E+1	6.438903E+0	3.065240E+0	4.754390E+1	2.424466E-3	1.313152E-5	3.919331E-6	-5.270951E-7	1.630731E-6	1.000000E+0	
2.091544E+4	4.449700E+1	7.924803E+0	3.065240E+0	4.754390E+1	2.424466E-3	-1.118234E-4	1.459793E-5	9.941221E-5	1.955362E-5	1.000000E+0	
2.096261E+4	4.449900E+1	9.906004E-2	2.541020E+0	4.754390E+1	2.424466E-3	5.784419E-9	1.334289E-9	5.185044E-9	2.892537E-9	1.000000E+0	
2.098836E+4	4.450000E+1	2.971801E+0	2.541020E+0	4.754390E+1	2.424466E-3	-2.179231E-6	1.866198E-9	4.645240E-7	2.481092E-10	1.000000E+0	
2.101407E+4	4.448200E+1	4.953002E+0	2.541020E+0	4.754390E+1	2.424466E-3	-1.017363E-5	3.140246E-9	2.164279E-6	4.118535E-9	1.000000E+0	
2.103976E+4	4.447400E+1	6.438903E+0	2.541020E+0	4.754390E+1	2.424466E-3	-2.252265E-5	2.061601E-9	4.813315E-6	2.863066E-9	1.000000E+0	
2.106539E+4	4.447900E+1	7.924803E+0	2.541020E+0	4.754390E+1	2.424466E-3	-4.194502E-5	8.446708E-10	9.001235E-6	2.909160E-9	1.000000E+0	
2.110474E+4	4.449600E+1	9.906004E-2	2.106450E+0	4.754390E+1	2.424466E-3	-2.255742E-9	2.667540E-9	-4.306899E-9	1.685542E-9	1.000000E+0	
2.113455E+4	4.449800E+1	2.971801E+0	2.106450E+0	4.754390E+1	2.424466E-3	-2.217615E-6	2.111679E-9	4.593862E-7	7.936461E-10	1.000000E+0	
2.116430E+4	4.450400E+1	4.953002E+0	2.106450E+0	4.754390E+1	2.424466E-3	-1.041768E-5	2.639962E-9	2.126206E-6	8.771052E-10	1.000000E+0	
2.117247E+4	4.450300E+1	6.438903E+0	2.106450E+0	4.754390E+1	2.424466E-3	-1.348007E-5	1.701446E-6	-3.536577E-6	4.452113E-7	1.000000E+0	
2.120102E+4	4.450300E+1	7.924803E+0	2.106450E+0	4.754390E+1	2.424466E-3	-4.296501E-5	7.621447E-9	8.883540E-6	9.577199E-9	1.000000E+0	
2.126428E+4	4.449400E+1	9.906004E-2	1.746200E+0	4.754390E+1	2.424466E-3	4.843022E-8	7.376456E-9	-5.856777E-8	9.369149E-9	1.000000E+0	
2.129905E+4	4.449700E+1	2.971801E+0	1.746200E+0	4.754390E+1	2.424466E-3	-2.269952E-6	9.693818E-10	4.509983E-7	1.429811E-9	1.000000E+0	
2.130577E+4	4.449900E+1	4.953002E+0	1.746200E+0	4.754390E+1	2.424466E-3	6.424470E-6	3.512391E-6	-8.366768E-6	3.559779E-6	1.000000E+0	
2.133934E+4	4.449500E+1	6.438903E+0	1.746200E+0	4.754390E+1	2.424466E-3	-2.364570E-5	1.339340E-9	4.649395E-6	1.497581E-9	1.000000E+0	
2.137518E+4	4.449700E+1	7.924803E+0	1.746200E+0	4.754390E+1	2.424466E-3	-1.278102E-4	1.417016E-5	3.695883E-5	5.488433E-6	1.000000E+0	
2.144983E+4	4.450600E+1	9.906004E-2	1.447560E+0	4.754390E+1	2.424466E-3	1.337358E-8	8.302145E-10	-9.752346E-9	4.467884E-10	1.000000E+0	
2.149060E+4	4.450700E+1	2.971801E+0	1.447560E+0	4.754390E+1	2.424466E-3	-2.353525E-6	4.294185E-9	4.180290E-7	2.088095E-9	1.000000E+0	
2.153131E+4	4.450300E+1	4.953002E+0	1.447560E+0	4.754390E+1	2.424466E-3	-1.089801E-5	1.351568E-9	2.021709E-6	2.953633E-10	1.000000E+0	
2.153949E+4	4.449800E+1	6.438903E+0	1.447560E+0	4.754390E+1	2.424466E-3	-1.098617E-5	1.601305E-7	1.452232E-5	4.747551E-6	1.000000E+0	
2.158140E+4	4.449600E+1	7.924803E+0	1.447560E+0	4.754390E+1	2.424466E-3	-1.513625E-4	7.052606E-7	2.506494E-5	2.677756E-6	1.000000E+0	
2.166906E+4	4.449400E+1	9.906004E-2	1.200000E+0	4.754390E+1	2.424466E-3	-6.203984E-9	1.295673E-9	-2.290127E-8	1.153615E-9	1.000000E+0	
2.171694E+4	4.450100E+1	2.971801E+0	1.200000E+0	4.754390E+1	2.424466E-3	-2.358921E-6	1.534857E-9	3.728007E-7	8.597438E-10	1.000000E+0	
2.176479E+4	4.450200E+1	4.953002E+0	1.200000E+0	4.754390E+1	2.424466E-3	-1.108345E-5	1.519374E-9	1.901888E-6	1.000157E-9	1.000000E+0	
2.177301E+4	4.450500E+1	6.438903E+0	1.200000E+0	4.754390E+1	2.424466E-3	-8.211888E-6	8.987738E-7	5.494293E-6	8.364402E-7	1.000000E+0	
2.182204E+4	4.452100E+1	7.924803E+0	1.200000E+0	4.754390E+1	2.424466E-3	-1.552122E-4	1.609278E-6	2.769427E-5	1.910850E-7	1.000000E+0	
--- > K and esd K (estimated based on user TCR) : -3.913649E+0	-4.265735E-2	

*** Temperature stable /K : 4.952700000E+1
--- > R0 : 4.804885E+1	4.804548E+1	4.805363E+1	4.805552E+1	4.805327E+1	4.804955E+1	4.804872E+1	4.805077E+1	4.805338E+1	4.805620E+1	4.805529E+1	4.805368E+1	
time /sec  	temp /K    	current /mA	freq /Hz   	R0 /Ohms   	esd R0     	V3X /V_rms 	esd V3X    	V3Y /V_rms 	esd V3Y    	Data_Valid?
2.201695E+4	4.951900E+1	9.905979E-2	2.000000E+1	4.805203E+1	3.311024E-3	1.120134E-8	4.420161E-9	8.665222E-10	5.716415E-9	1.000000E+0	
2.202531E+4	4.951300E+1	2.971794E+0	2.000000E+1	4.805203E+1	3.311024E-3	-1.480416E-6	8.608692E-9	5.949543E-7	1.657356E-8	1.000000E+0	
2.203368E+4	4.951200E+1	4.952990E+0	2.000000E+1	4.805203E+1	3.311024E-3	-6.881274E-6	6.636694E-9	2.743293E-6	2.523462E-9	1.000000E+0	
2.204041E+4	4.950900E+1	6.438886E+0	2.000000E+1	4.805203E+1	3.311024E-3	-1.522197E-5	6.884917E-9	6.084269E-6	1.133880E-8	1.000000E+0	
2.204762E+4	4.950600E+1	7.924783E+0	2.000000E+1	4.805203E+1	3.311024E-3	-2.825512E-5	4.376696E-9	1.136337E-5	5.813079E-9	1.000000E+0	
2.206349E+4	4.950300E+1	9.905979E-2	1.657958E+1	4.805203E+1	3.311024E-3	5.392923E-7	5.986881E-6	-2.784570E-6	3.970721E-6	1.000000E+0	
2.207236E+4	4.950200E+1	2.971794E+0	1.657958E+1	4.805203E+1	3.311024E-3	-2.669477E-8	5.624761E-6	3.309189E-6	4.499597E-6	1.000000E+0	
2.208119E+4	4.950300E+1	4.952990E+0	1.657958E+1	4.805203E+1	3.311024E-3	-1.008327E-5	4.110342E-6	1.755890E-6	5.906229E-6	1.000000E+0	
2.208788E+4	4.950200E+1	6.438886E+0	1.657958E+1	4.805203E+1	3.311024E-3	-1.801812E-5	5.062486E-6	7.854648E-6	5.207402E-6	1.000000E+0	
2.209938E+4	4.950000E+1	7.924783E+0	1.657958E+1	4.805203E+1	3.311024E-3	-3.220729E-5	4.194367E-6	1.040821E-5	5.954894E-6	1.000000E+0	
2.211646E+4	4.949900E+1	9.905979E-2	1.374412E+1	4.805203E+1	3.311024E-3	1.385010E-8	4.998698E-9	-5.914254E-9	8.291799E-9	1.000000E+0	
2.212594E+4	4.949800E+1	2.971794E+0	1.374412E+1	4.805203E+1	3.311024E-3	-1.606916E-6	4.168849E-9	5.725734E-7	6.216222E-9	1.000000E+0	
2.213826E+4	4.949700E+1	4.952990E+0	1.374412E+1	4.805203E+1	3.311024E-3	-7.517143E-6	1.102070E-8	2.667209E-6	4.920228E-9	1.000000E+0	
2.214643E+4	4.949700E+1	6.438886E+0	1.374412E+1	4.805203E+1	3.311024E-3	-1.660331E-5	7.807422E-8	5.943355E-6	4.721396E-8	1.000000E+0	
2.216139E+4	4.949500E+1	7.924783E+0	1.374412E+1	4.805203E+1	3.311024E-3	-3.093547E-5	6.206563E-8	1.108763E-5	3.705029E-8	1.000000E+0	
2.218054E+4	4.949800E+1	9.905979E-2	1.139358E+1	4.805203E+1	3.311024E-3	-1.837050E-6	1.925540E-6	-1.388566E-6	1.445803E-6	1.000000E+0	
2.219288E+4	4.950200E+1	2.971794E+0	1.139358E+1	4.805203E+1	3.311024E-3	-1.675348E-6	1.181701E-9	5.651086E-7	1.460815E-9	1.000000E+0	
2.220519E+4	4.950000E+1	4.952990E+0	1.139358E+1	4.805203E+1	3.311024E-3	-7.827899E-6	1.261188E-9	2.615772E-6	1.251201E-9	1.000000E+0	
2.221755E+4	4.950000E+1	6.438886E+0	1.139358E+1	4.805203E+1	3.311024E-3	-1.733094E-5	3.649469E-9	5.818782E-6	9.401703E-9	1.000000E+0	
2.222985E+4	4.949900E+1	7.924783E+0	1.139358E+1	4.805203E+1	3.311024E-3	-3.220872E-5	5.496523E-9	1.086677E-5	1.988464E-9	1.000000E+0	
2.225694E+4	4.949500E+1	9.905979E-2	9.445040E+0	4.805203E+1	3.311024E-3	8.674281E-9	1.261786E-9	9.548144E-9	3.859065E-9	1.000000E+0	
2.227184E+4	4.949400E+1	2.971794E+0	9.445040E+0	4.805203E+1	3.311024E-3	-1.749759E-6	6.804713E-9	5.536469E-7	4.388724E-9	1.000000E+0	
2.228667E+4	4.949500E+1	4.952990E+0	9.445040E+0	4.805203E+1	3.311024E-3	-8.146941E-6	1.867923E-9	2.549981E-6	8.197133E-9	1.000000E+0	
2.229483E+4	4.949500E+1	6.438886E+0	9.445040E+0	4.805203E+1	3.311024E-3	-1.946515E-5	7.140531E-7	4.728516E-6	1.039934E-6	1.000000E+0	
2.231230E+4	4.949600E+1	7.924783E+0	9.445040E+0	4.805203E+1	3.311024E-3	-3.135713E-5	2.065564E-6	1.451726E-5	3.066172E-6	1.000000E+0	
2.234445E+4	4.949900E+1	9.905979E-2	7.829740E+0	4.805203E+1	3.311024E-3	4.014865E-9	3.497761E-9	-1.547455E-9	2.139051E-9	1.000000E+0	
2.236295E+4	4.950000E+1	2.971794E+0	7.829740E+0	4.805203E+1	3.311024E-3	-1.806988E-6	9.398464E-10	5.408768E-7	5.436649E-9	1.000000E+0	
2.238149E+4	4.950000E+1	4.952990E+0	7.829740E+0	4.805203E+1	3.311024E-3	-8.441834E-6	3.020773E-9	2.495495E-6	1.983114E-9	1.000000E+0	
2.238821E+4	4.950000E+1	6.438886E+0	7.829740E+0	4.805203E+1	3.311024E-3	-1.651587E-5	1.622781E-6	8.238622E-6	1.289277E-6	1.000000E+0	
2.240792E+4	4.949500E+1	7.924783E+0	7.829740E+0	4.805203E+1	3.311024E-3	-5.805590E-5	1.544652E-5	2.750239E-5	8.469425E-6	1.000000E+0	
2.244567E+4	4.949500E+1	9.905979E-2	6.490680E+0	4.805203E+1	3.311024E-3	2.293246E-9	1.298014E-8	-2.645698E-8	1.618428E-8	1.000000E+0	
2.246616E+4	4.950100E+1	2.971794E+0	6.490680E+0	4.805203E+1	3.311024E-3	-1.913519E-6	1.414122E-8	5.224907E-7	8.269605E-9	1.000000E+0	
2.248670E+4	4.950400E+1	4.952990E+0	6.490680E+0	4.805203E+1	3.311024E-3	-8.742902E-6	4.372866E-9	2.475271E-6	1.567441E-8	1.000000E+0	
2.250727E+4	4.950400E+1	6.438886E+0	6.490680E+0	4.805203E+1	3.311024E-3	-1.936540E-5	3.588144E-9	5.493770E-6	5.519336E-9	1.000000E+0	
2.252777E+4	4.950100E+1	7.924783E+0	6.490680E+0	4.805203E+1	3.311024E-3	-3.600585E-5	1.532572E-8	1.024261E-5	3.839957E-9	1.000000E+0	
2.255416E+4	4.950000E+1	9.905979E-2	5.380640E+0	4.805203E+1	3.311024E-3	-1.072554E-7	7.344240E-8	4.188206E-8	3.554524E-8	1.000000E+0	
2.257712E+4	4.949900E+1	2.971794E+0	5.380640E+0	4.805203E+1	3.311024E-3	-1.938724E-6	1.486334E-9	5.163679E-7	6.229472E-10	1.000000E+0	
2.260005E+4	4.949300E+1	4.952990E+0	5.380640E+0	4.805203E+1	3.311024E-3	-9.030477E-6	5.177219E-10	2.411640E-6	2.838914E-9	1.000000E+0	
2.262299E+4	4.949000E+1	6.438886E+0	5.380640E+0	4.805203E+1	3.311024E-3	-1.997722E-5	2.065630E-9	5.372340E-6	1.246781E-9	1.000000E+0	
2.264592E+4	4.949100E+1	7.924783E+0	5.380640E+0	4.805203E+1	3.311024E-3	-3.716481E-5	9.772293E-10	1.002078E-5	7.045488E-10	1.000000E+0	
2.267554E+4	4.949100E+1	9.905979E-2	4.460440E+0	4.805203E+1	3.311024E-3	3.635101E-5	5.203471E-6	-2.239744E-5	3.330121E-6	1.000000E+0	
2.270134E+4	4.949500E+1	2.971794E+0	4.460440E+0	4.805203E+1	3.311024E-3	-2.015053E-6	2.540052E-9	4.975382E-7	3.673313E-9	1.000000E+0	
2.271872E+4	4.949500E+1	4.952990E+0	4.460440E+0	4.805203E+1	3.311024E-3	-9.295831E-6	4.479168E-9	2.343407E-6	4.097563E-9	1.000000E+0	
2.273606E+4	4.949800E+1	6.438886E+0	4.460440E+0	4.805203E+1	3.311024E-3	-2.062715E-5	4.937061E-9	5.218877E-6	1.238554E-8	1.000000E+0	
2.275346E+4	4.949900E+1	7.924783E+0	4.460440E+0	4.805203E+1	3.311024E-3	-3.836744E-5	4.047163E-9	9.810356E-6	6.881013E-9	1.000000E+0	
2.277981E+4	4.950000E+1	9.905979E-2	3.697610E+0	4.805203E+1	3.311024E-3	1.776144E-8	2.010818E-8	1.272648E-8	6.817807E-9	1.000000E+0	
2.279957E+4	4.950100E+1	2.971794E+0	3.697610E+0	4.805203E+1	3.311024E-3	-2.147353E-6	8.735549E-9	5.900046E-7	2.304240E-8	1.000000E+0	
2.281930E+4	4.950200E+1	4.952990E+0	3.697610E+0	4.805203E+1	3.311024E-3	-9.556535E-6	6.577500E-9	2.323733E-6	1.326908E-8	1.000000E+0	
2.283906E+4	4.950300E+1	6.438886E+0	3.697610E+0	4.805203E+1	3.311024E-3	-2.124282E-5	2.965876E-8	5.223462E-6	1.560957E-8	1.000000E+0	
2.285880E+4	4.950100E+1	7.924783E+0	3.697610E+0	4.805203E+1	3.311024E-3	-3.950054E-5	4.065558E-9	9.613697E-6	7.187350E-9	1.000000E+0	
2.288801E+4	4.949900E+1	9.905979E-2	3.065240E+0	4.805203E+1	3.311024E-3	1.906619E-8	5.102815E-9	6.923190E-9	7.288619E-9	1.000000E+0	
2.291065E+4	4.949800E+1	2.971794E+0	3.065240E+0	4.805203E+1	3.311024E-3	-2.120031E-6	2.660839E-9	5.033985E-7	5.881533E-9	1.000000E+0	
2.293324E+4	4.949900E+1	4.952990E+0	3.065240E+0	4.805203E+1	3.311024E-3	-9.861977E-6	6.951888E-9	2.260922E-6	6.745942E-9	1.000000E+0	
2.295586E+4	4.950000E+1	6.438886E+0	3.065240E+0	4.805203E+1	3.311024E-3	-2.179069E-5	2.956932E-9	5.084320E-6	1.933320E-8	1.000000E+0	
2.297841E+4	4.949900E+1	7.924783E+0	3.065240E+0	4.805203E+1	3.311024E-3	-4.060573E-5	4.012250E-9	9.438078E-6	1.764652E-8	1.000000E+0	
2.301241E+4	4.949600E+1	9.905979E-2	2.541020E+0	4.805203E+1	3.311024E-3	2.183489E-8	9.921959E-9	-1.920095E-8	4.057491E-9	1.000000E+0	
2.303837E+4	4.949500E+1	2.971794E+0	2.541020E+0	4.805203E+1	3.311024E-3	-2.178443E-6	8.792476E-9	4.678517E-7	1.446065E-9	1.000000E+0	
2.306442E+4	4.949200E+1	4.952990E+0	2.541020E+0	4.805203E+1	3.311024E-3	-1.013614E-5	5.137375E-9	2.257455E-6	2.406607E-10	1.000000E+0	
2.309037E+4	4.949300E+1	6.438886E+0	2.541020E+0	4.805203E+1	3.311024E-3	-2.249007E-5	5.924056E-9	5.062949E-6	1.714576E-9	1.000000E+0	
2.311636E+4	4.949400E+1	7.924783E+0	2.541020E+0	4.805203E+1	3.311024E-3	-4.170869E-5	4.802566E-9	9.294473E-6	5.184295E-9	1.000000E+0	
2.315586E+4	4.949700E+1	9.905979E-2	2.106450E+0	4.805203E+1	3.311024E-3	2.793293E-9	1.984837E-9	1.121851E-9	9.301278E-10	1.000000E+0	
2.318608E+4	4.949600E+1	2.971794E+0	2.106450E+0	4.805203E+1	3.311024E-3	-2.272727E-6	5.411450E-9	4.782496E-7	4.524504E-9	1.000000E+0	
2.321629E+4	4.949700E+1	4.952990E+0	2.106450E+0	4.805203E+1	3.311024E-3	-1.036247E-5	9.511537E-9	2.304389E-6	2.161128E-8	1.000000E+0	
2.324649E+4	4.949500E+1	6.438886E+0	2.106450E+0	4.805203E+1	3.311024E-3	-2.308666E-5	3.685750E-8	4.822749E-6	1.526496E-8	1.000000E+0	
2.327678E+4	4.949700E+1	7.924783E+0	2.106450E+0	4.805203E+1	3.311024E-3	-4.277340E-5	1.049935E-8	9.197102E-6	1.105215E-9	1.000000E+0	
2.332317E+4	4.949800E+1	9.905979E-2	1.746200E+0	4.805203E+1	3.311024E-3	-4.639082E-10	5.571172E-9	7.986052E-8	9.601018E-9	1.000000E+0	
2.335847E+4	4.949900E+1	2.971794E+0	1.746200E+0	4.805203E+1	3.311024E-3	-2.229633E-6	9.794102E-9	4.680304E-7	1.828563E-9	1.000000E+0	
2.339373E+4	4.949900E+1	4.952990E+0	1.746200E+0	4.805203E+1	3.311024E-3	-1.064454E-5	2.712689E-9	2.145365E-6	8.338634E-10	1.000000E+0	
2.342892E+4	4.950000E+1	6.438886E+0	1.746200E+0	4.805203E+1	3.311024E-3	-2.358792E-5	5.972857E-10	4.836505E-6	2.940046E-9	1.000000E+0	
2.346417E+4	4.950000E+1	7.924783E+0	1.746200E+0	4.805203E+1	3.311024E-3	-4.385398E-5	1.251156E-9	9.070780E-6	1.134233E-8	1.000000E+0	
2.351865E+4	4.949800E+1	9.905979E-2	1.447560E+0	4.805203E+1	3.311024E-3	-2.709879E-8	1.290280E-8	7.314886E-10	4.490706E-9	1.000000E+0	
2.356000E+4	4.950000E+1	2.971794E+0	1.447560E+0	4.805203E+1	3.311024E-3	-2.097215E-6	3.774286E-8	5.380029E-7	1.477642E-8	1.000000E+0	
2.360139E+4	4.950000E+1	4.952990E+0	1.447560E+0	4.805203E+1	3.311024E-3	-1.090142E-5	1.841392E-9	2.111102E-6	1.378652E-9	1.000000E+0	
2.364275E+4	4.949900E+1	6.438886E+0	1.447560E+0	4.805203E+1	3.311024E-3	-2.393550E-5	2.290297E-8	4.666832E-6	4.367992E-9	1.000000E+0	
2.368410E+4	4.950000E+1	7.924783E+0	1.447560E+0	4.805203E+1	3.311024E-3	-4.492499E-5	3.227926E-9	8.789780E-6	2.804742E-9	1.000000E+0	
2.374778E+4	4.950100E+1	9.905979E-2	1.200000E+0	4.805203E+1	3.311024E-3	-2.736549E-8	3.994546E-9	-1.806137E-7	8.420642E-9	1.000000E+0	
2.379641E+4	4.950000E+1	2.971794E+0	1.200000E+0	4.805203E+1	3.311024E-3	-2.363648E-6	1.108241E-8	4.245141E-7	2.956791E-8	1.000000E+0	
2.384511E+4	4.949900E+1	4.952990E+0	1.200000E+0	4.805203E+1	3.311024E-3	-1.113293E-5	1.038372E-8	1.897510E-6	5.660581E-9	1.000000E+0	
2.389377E+4	4.949900E+1	6.438886E+0	1.200000E+0	4.805203E+1	3.311024E-3	-2.458652E-5	7.208438E-9	4.485693E-6	1.110956E-8	1.000000E+0	
2.394250E+4	4.950000E+1	7.924783E+0	1.200000E+0	4.805203E+1	3.311024E-3	-4.569956E-5	1.826711E-8	8.568315E-6	1.432242E-9	1.000000E+0	
--- > K and esd K (estimated based on user TCR) : -3.864448E+0	-2.211342E-2	

*** Temperature stable /K : 5.452400000E+1
--- > R0 : 4.856499E+1	4.856624E+1	4.857175E+1	4.856878E+1	4.856750E+1	4.856447E+1	4.856669E+1	4.856921E+1	4.856987E+1	4.857096E+1	4.857001E+1	4.856622E+1	
time /sec  	temp /K    	current /mA	freq /Hz   	R0 /Ohms   	esd R0     	V3X /V_rms 	esd V3X    	V3Y /V_rms 	esd V3Y    	Data_Valid?
2.414298E+4	5.451500E+1	9.905950E-2	2.000000E+1	4.856806E+1	2.377970E-3	3.946524E-9	1.144559E-8	5.615022E-9	2.437297E-8	1.000000E+0	
2.415134E+4	5.451200E+1	2.971785E+0	2.000000E+1	4.856806E+1	2.377970E-3	-1.414110E-6	4.086586E-8	6.071907E-7	1.563957E-8	1.000000E+0	
2.415971E+4	5.450900E+1	4.952975E+0	2.000000E+1	4.856806E+1	2.377970E-3	-6.704070E-6	2.480766E-8	2.754497E-6	1.708919E-8	1.000000E+0	
2.416807E+4	5.450800E+1	6.438868E+0	2.000000E+1	4.856806E+1	2.377970E-3	-1.484823E-5	1.759843E-8	6.174134E-6	2.152854E-8	1.000000E+0	
2.417649E+4	5.450800E+1	7.924760E+0	2.000000E+1	4.856806E+1	2.377970E-3	-2.751980E-5	6.079824E-9	1.150205E-5	1.288019E-8	1.000000E+0	
2.418843E+4	5.450400E+1	9.905950E-2	1.657958E+1	4.856806E+1	2.377970E-3	-1.455841E-6	5.130928E-6	-1.949149E-6	4.395525E-6	1.000000E+0	
2.419734E+4	5.450400E+1	2.971785E+0	1.657958E+1	4.856806E+1	2.377970E-3	-9.292382E-7	5.465538E-6	3.018612E-6	3.930529E-6	1.000000E+0	
2.420626E+4	5.450300E+1	4.952975E+0	1.657958E+1	4.856806E+1	2.377970E-3	-6.646884E-6	5.499128E-6	5.903674E-7	3.834391E-6	1.000000E+0	
2.421522E+4	5.450300E+1	6.438868E+0	1.657958E+1	4.856806E+1	2.377970E-3	-1.704121E-5	4.735731E-6	7.448629E-6	4.871870E-6	1.000000E+0	
2.422416E+4	5.450200E+1	7.924760E+0	1.657958E+1	4.856806E+1	2.377970E-3	-2.664852E-5	3.915212E-6	1.129180E-5	5.526445E-6	1.000000E+0	
2.423672E+4	5.450100E+1	9.905950E-2	1.374412E+1	4.856806E+1	2.377970E-3	-3.306645E-9	1.168975E-8	-3.121524E-9	3.148359E-8	1.000000E+0	
2.424627E+4	5.450100E+1	2.971785E+0	1.374412E+1	4.856806E+1	2.377970E-3	-1.592934E-6	1.067905E-8	5.994239E-7	1.953568E-8	1.000000E+0	
2.425584E+4	5.450100E+1	4.952975E+0	1.374412E+1	4.856806E+1	2.377970E-3	-7.396831E-6	7.078262E-9	2.685248E-6	1.938965E-8	1.000000E+0	
2.426539E+4	5.450100E+1	6.438868E+0	1.374412E+1	4.856806E+1	2.377970E-3	-1.625227E-5	3.040037E-8	5.995300E-6	2.218930E-8	1.000000E+0	
2.427495E+4	5.450100E+1	7.924760E+0	1.374412E+1	4.856806E+1	2.377970E-3	-3.022686E-5	1.659790E-8	1.122905E-5	6.187099E-9	1.000000E+0	
2.428828E+4	5.450100E+1	9.905950E-2	1.139358E+1	4.856806E+1	2.377970E-3	8.795052E-10	1.679623E-8	2.697311E-9	2.688575E-8	1.000000E+0	
2.429870E+4	5.450100E+1	2.971785E+0	1.139358E+1	4.856806E+1	2.377970E-3	-1.645715E-6	1.956205E-8	5.583201E-7	4.202687E-8	1.000000E+0	
2.430903E+4	5.449900E+1	4.952975E+0	1.139358E+1	4.856806E+1	2.377970E-3	-7.649233E-6	1.197022E-8	2.645522E-6	3.288916E-8	1.000000E+0	
2.431939E+4	5.450000E+1	6.438868E+0	1.139358E+1	4.856806E+1	2.377970E-3	-1.699567E-5	1.481316E-8	5.940888E-6	2.295575E-8	1.000000E+0	
2.432977E+4	5.449900E+1	7.924760E+0	1.139358E+1	4.856806E+1	2.377970E-3	-3.151915E-5	1.003489E-8	1.104883E-5	6.784991E-9	1.000000E+0	
2.434405E+4	5.450100E+1	9.905950E-2	9.445040E+0	4.856806E+1	2.377970E-3	2.119896E-8	1.732971E-8	-2.486535E-10	3.388013E-9	1.000000E+0	
2.435532E+4	5.450100E+1	2.971785E+0	9.445040E+0	4.856806E+1	2.377970E-3	-1.727433E-6	7.349693E-9	5.581538E-7	1.488384E-8	1.000000E+0	
2.436657E+4	5.450000E+1	4.952975E+0	9.445040E+0	4.856806E+1	2.377970E-3	-8.008979E-6	1.443006E-8	2.611508E-6	1.801308E-8	1.000000E+0	
2.437776E+4	5.449800E+1	6.438868E+0	9.445040E+0	4.856806E+1	2.377970E-3	-1.765141E-5	1.721451E-8	5.825755E-6	8.541306E-9	1.000000E+0	
2.438902E+4	5.449800E+1	7.924760E+0	9.445040E+0	4.856806E+1	2.377970E-3	-3.286092E-5	6.374684E-9	1.083618E-5	9.156028E-9	1.000000E+0	
2.440437E+4	5.449600E+1	9.905950E-2	7.829740E+0	4.856806E+1	2.377970E-3	4.783509E-8	1.139208E-8	-1.822034E-8	1.882552E-8	1.000000E+0	
2.441669E+4	5.449700E+1	2.971785E+0	7.829740E+0	4.856806E+1	2.377970E-3	-1.735457E-6	5.533687E-9	5.480034E-7	7.163507E-9	1.000000E+0	
2.442908E+4	5.449900E+1	4.952975E+0	7.829740E+0	4.856806E+1	2.377970E-3	-8.220260E-6	3.532072E-8	2.570034E-6	1.917278E-8	1.000000E+0	
2.444147E+4	5.450000E+1	6.438868E+0	7.829740E+0	4.856806E+1	2.377970E-3	-1.835953E-5	1.331216E-8	5.675536E-6	3.040402E-9	1.000000E+0	
2.445385E+4	5.449900E+1	7.924760E+0	7.829740E+0	4.856806E+1	2.377970E-3	-3.406493E-5	4.991633E-8	1.060341E-5	1.790731E-8	1.000000E+0	
2.447105E+4	5.449900E+1	9.905950E-2	6.490680E+0	4.856806E+1	2.377970E-3	3.268200E-8	1.171593E-8	2.594406E-9	6.690609E-9	1.000000E+0	
2.448477E+4	5.450000E+1	2.971785E+0	6.490680E+0	4.856806E+1	2.377970E-3	-1.856248E-6	7.578517E-9	5.159512E-7	1.082241E-8	1.000000E+0	
2.449853E+4	5.449900E+1	4.952975E+0	6.490680E+0	4.856806E+1	2.377970E-3	-8.557892E-6	1.092408E-8	2.505753E-6	8.148858E-9	1.000000E+0	
2.451225E+4	5.450000E+1	6.438868E+0	6.490680E+0	4.856806E+1	2.377970E-3	-1.900578E-5	1.623597E-8	5.570706E-6	1.207081E-8	1.000000E+0	
2.452600E+4	5.450200E+1	7.924760E+0	6.490680E+0	4.856806E+1	2.377970E-3	-3.530549E-5	7.064225E-9	1.039974E-5	1.179616E-8	1.000000E+0	
2.454480E+4	5.450000E+1	9.905950E-2	5.380640E+0	4.856806E+1	2.377970E-3	4.296130E-8	3.638090E-8	1.729196E-8	4.578460E-8	1.000000E+0	
2.456021E+4	5.450100E+1	2.971785E+0	5.380640E+0	4.856806E+1	2.377970E-3	-1.916531E-6	1.920107E-8	5.105977E-7	2.647719E-8	1.000000E+0	
2.457561E+4	5.450000E+1	4.952975E+0	5.380640E+0	4.856806E+1	2.377970E-3	-8.887176E-6	7.198345E-9	2.454513E-6	7.859179E-9	1.000000E+0	
2.459099E+4	5.450100E+1	6.438868E+0	5.380640E+0	4.856806E+1	2.377970E-3	-1.965781E-5	1.981664E-8	5.460045E-6	1.672290E-9	1.000000E+0	
2.460636E+4	5.450200E+1	7.924760E+0	5.380640E+0	4.856806E+1	2.377970E-3	-3.656631E-5	4.037168E-9	1.018288E-5	1.452236E-8	1.000000E+0	
2.462740E+4	5.450100E+1	9.905950E-2	4.460440E+0	4.856806E+1	2.377970E-3	6.465340E-9	3.301807E-9	-2.372317E-8	7.264363E-9	1.000000E+0	
2.464473E+4	5.450000E+1	2.971785E+0	4.460440E+0	4.856806E+1	2.377970E-3	-1.946505E-6	5.249775E-9	5.207975E-7	1.268404E-8	1.000000E+0	
2.466213E+4	5.450000E+1	4.952975E+0	4.460440E+0	4.856806E+1	2.377970E-3	-9.133494E-6	1.699731E-8	2.461995E-6	6.016873E-9	1.000000E+0	
2.467952E+4	5.450100E+1	6.438868E+0	4.460440E+0	4.856806E+1	2.377970E-3	-2.029879E-5	3.110853E-9	5.403540E-6	4.375902E-9	1.000000E+0	
2.469683E+4	5.450200E+1	7.924760E+0	4.460440E+0	4.856806E+1	2.377970E-3	-3.772872E-5	4.747428E-8	1.000385E-5	2.762534E-8	1.000000E+0	
2.472260E+4	5.450000E+1	9.905950E-2	3.697610E+0	4.856806E+1	2.377970E-3	-2.435443E-8	3.974867E-9	-1.292482E-8	3.412661E-9	1.000000E+0	
2.474231E+4	5.450100E+1	2.971785E+0	3.697610E+0	4.856806E+1	2.377970E-3	-2.034157E-6	6.734867E-9	5.026181E-7	8.357153E-9	1.000000E+0	
2.476206E+4	5.450100E+1	4.952975E+0	3.697610E+0	4.856806E+1	2.377970E-3	-9.422278E-6	1.668333E-8	2.414100E-6	2.074247E-8	1.000000E+0	
2.478187E+4	5.450200E+1	6.438868E+0	3.697610E+0	4.856806E+1	2.377970E-3	-2.092664E-5	2.969963E-9	5.287469E-6	4.598177E-9	1.000000E+0	
2.480163E+4	5.450000E+1	7.924760E+0	3.697610E+0	4.856806E+1	2.377970E-3	-3.886265E-5	4.533809E-9	9.841107E-6	3.266890E-9	1.000000E+0	
2.483093E+4	5.450000E+1	9.905950E-2	3.065240E+0	4.856806E+1	2.377970E-3	6.397506E-8	4.176986E-8	4.993407E-8	6.208147E-8	1.000000E+0	
2.485351E+4	5.450000E+1	2.971785E+0	3.065240E+0	4.856806E+1	2.377970E-3	-2.145197E-6	2.046920E-9	5.067665E-7	2.206827E-9	1.000000E+0	
2.487608E+4	5.450000E+1	4.952975E+0	3.065240E+0	4.856806E+1	2.377970E-3	-9.755430E-6	7.051447E-9	2.357340E-6	5.533726E-9	1.000000E+0	
2.489867E+4	5.450000E+1	6.438868E+0	3.065240E+0	4.856806E+1	2.377970E-3	-2.152989E-5	4.173911E-9	5.194816E-6	9.779462E-9	1.000000E+0	
2.492125E+4	5.449800E+1	7.924760E+0	3.065240E+0	4.856806E+1	2.377970E-3	-3.997462E-5	8.845092E-9	9.671336E-6	1.366456E-9	1.000000E+0	
2.495485E+4	5.449800E+1	9.905950E-2	2.541020E+0	4.856806E+1	2.377970E-3	3.229447E-8	3.606651E-9	3.698390E-8	5.396394E-9	1.000000E+0	
2.498088E+4	5.450000E+1	2.971785E+0	2.541020E+0	4.856806E+1	2.377970E-3	-2.105838E-6	7.429247E-10	4.766417E-7	7.242486E-9	1.000000E+0	
2.500696E+4	5.450000E+1	4.952975E+0	2.541020E+0	4.856806E+1	2.377970E-3	-9.975217E-6	1.538610E-9	2.287234E-6	1.370666E-9	1.000000E+0	
2.503293E+4	5.449900E+1	6.438868E+0	2.541020E+0	4.856806E+1	2.377970E-3	-2.210926E-5	4.260349E-9	5.095736E-6	5.743226E-9	1.000000E+0	
2.505898E+4	5.450000E+1	7.924760E+0	2.541020E+0	4.856806E+1	2.377970E-3	-4.116465E-5	1.157989E-8	9.564075E-6	2.511708E-9	1.000000E+0	
2.509856E+4	5.450000E+1	9.905950E-2	2.106450E+0	4.856806E+1	2.377970E-3	-6.127443E-9	4.456437E-10	-2.322835E-8	1.910741E-9	1.000000E+0	
2.512884E+4	5.450000E+1	2.971785E+0	2.106450E+0	4.856806E+1	2.377970E-3	-2.152335E-6	8.290197E-9	5.526397E-7	1.971913E-8	1.000000E+0	
2.515904E+4	5.450000E+1	4.952975E+0	2.106450E+0	4.856806E+1	2.377970E-3	-1.026777E-5	4.584371E-9	2.248188E-6	2.519580E-9	1.000000E+0	
2.518925E+4	5.450000E+1	6.438868E+0	2.106450E+0	4.856806E+1	2.377970E-3	-2.271032E-5	1.905252E-9	5.015578E-6	6.867678E-10	1.000000E+0	
2.521947E+4	5.450000E+1	7.924760E+0	2.106450E+0	4.856806E+1	2.377970E-3	-4.225723E-5	2.052860E-8	9.117616E-6	4.159834E-8	1.000000E+0	
2.526569E+4	5.449900E+1	9.905950E-2	1.746200E+0	4.856806E+1	2.377970E-3	-1.411543E-8	1.149047E-9	-4.968325E-8	6.041083E-9	1.000000E+0	
2.530096E+4	5.450000E+1	2.971785E+0	1.746200E+0	4.856806E+1	2.377970E-3	-2.269326E-6	2.429088E-9	4.740556E-7	1.062351E-8	1.000000E+0	
2.533622E+4	5.450000E+1	4.952975E+0	1.746200E+0	4.856806E+1	2.377970E-3	-1.057828E-5	5.423678E-9	2.205138E-6	2.061868E-10	1.000000E+0	
2.537148E+4	5.450100E+1	6.438868E+0	1.746200E+0	4.856806E+1	2.377970E-3	-2.332957E-5	5.182199E-9	4.987862E-6	3.241732E-9	1.000000E+0	
2.540673E+4	5.450000E+1	7.924760E+0	1.746200E+0	4.856806E+1	2.377970E-3	-4.332617E-5	5.796031E-9	9.031402E-6	2.819913E-8	1.000000E+0	
2.546135E+4	5.450100E+1	9.905950E-2	1.447560E+0	4.856806E+1	2.377970E-3	-1.705560E-9	7.728473E-10	-4.545762E-9	1.426749E-9	1.000000E+0	
2.550271E+4	5.450100E+1	2.971785E+0	1.447560E+0	4.856806E+1	2.377970E-3	-2.255801E-6	1.282057E-9	3.878890E-7	1.226502E-9	1.000000E+0	
2.554406E+4	5.450100E+1	4.952975E+0	1.447560E+0	4.856806E+1	2.377970E-3	-1.051511E-5	1.775274E-8	1.789905E-6	2.592277E-9	1.000000E+0	
2.558545E+4	5.450100E+1	6.438868E+0	1.447560E+0	4.856806E+1	2.377970E-3	-2.397136E-5	1.726929E-8	4.810037E-6	1.001192E-8	1.000000E+0	
2.562686E+4	5.450000E+1	7.924760E+0	1.447560E+0	4.856806E+1	2.377970E-3	-4.442161E-5	5.725553E-9	9.077088E-6	3.012179E-9	1.000000E+0	
2.568939E+4	5.449900E+1	9.905950E-2	1.200000E+0	4.856806E+1	2.377970E-3	-3.869702E-9	3.153656E-9	2.591142E-8	2.696929E-9	1.000000E+0	
2.573803E+4	5.449900E+1	2.971785E+0	1.200000E+0	4.856806E+1	2.377970E-3	-2.252320E-6	1.412086E-8	2.989085E-7	1.147864E-8	1.000000E+0	
2.578669E+4	5.449900E+1	4.952975E+0	1.200000E+0	4.856806E+1	2.377970E-3	-1.100702E-5	5.261283E-9	1.999402E-6	2.307612E-9	1.000000E+0	
2.583541E+4	5.450100E+1	6.438868E+0	1.200000E+0	4.856806E+1	2.377970E-3	-2.420260E-5	1.475026E-8	4.495997E-6	3.316925E-9	1.000000E+0	
2.588410E+4	5.449900E+1	7.924760E+0	1.200000E+0	4.856806E+1	2.377970E-3	-4.532197E-5	3.742225E-9	8.839283E-6	5.010560E-9	1.000000E+0	
--- > K and esd K (estimated based on user TCR) : -3.904213E+0	-2.807084E-2	

*** Temperature stable /K : 5.951800000E+1
--- > R0 : 4.908732E+1	4.909182E+1	4.908919E+1	4.908753E+1	4.908406E+1	4.908639E+1	4.908724E+1	4.909097E+1	4.909107E+1	4.908950E+1	4.908385E+1	4.908368E+1	
time /sec  	temp /K    	current /mA	freq /Hz   	R0 /Ohms   	esd R0     	V3X /V_rms 	esd V3X    	V3Y /V_rms 	esd V3Y    	Data_Valid?
2.609311E+4	5.950800E+1	9.905925E-2	2.000000E+1	4.908772E+1	2.874789E-3	1.600516E-8	2.428332E-8	-5.691656E-9	1.233410E-8	1.000000E+0	
2.610155E+4	5.950400E+1	2.971777E+0	2.000000E+1	4.908772E+1	2.874789E-3	-1.416932E-6	1.166427E-8	5.758343E-7	2.022666E-8	1.000000E+0	
2.610985E+4	5.950300E+1	4.952962E+0	2.000000E+1	4.908772E+1	2.874789E-3	-6.503229E-6	1.399457E-8	2.773160E-6	2.305765E-8	1.000000E+0	
2.611829E+4	5.950200E+1	6.438851E+0	2.000000E+1	4.908772E+1	2.874789E-3	-1.440139E-5	1.292804E-8	6.207250E-6	1.416229E-8	1.000000E+0	
2.612669E+4	5.950000E+1	7.924739E+0	2.000000E+1	4.908772E+1	2.874789E-3	-2.670902E-5	8.398128E-9	1.151439E-5	1.678675E-8	1.000000E+0	
2.613863E+4	5.949800E+1	9.905925E-2	1.657958E+1	4.908772E+1	2.874789E-3	1.118545E-6	4.680270E-6	-8.267897E-7	4.880390E-6	1.000000E+0	
2.614756E+4	5.949800E+1	2.971777E+0	1.657958E+1	4.908772E+1	2.874789E-3	-2.285238E-6	5.125512E-6	-9.007591E-7	4.313089E-6	1.000000E+0	
2.615645E+4	5.949800E+1	4.952962E+0	1.657958E+1	4.908772E+1	2.874789E-3	-8.560452E-6	3.971111E-6	2.823669E-6	5.341326E-6	1.000000E+0	
2.616538E+4	5.949900E+1	6.438851E+0	1.657958E+1	4.908772E+1	2.874789E-3	-1.588434E-5	4.999655E-6	7.376655E-6	4.478276E-6	1.000000E+0	
2.617436E+4	5.949900E+1	7.924739E+0	1.657958E+1	4.908772E+1	2.874789E-3	-2.769381E-5	5.131024E-6	1.262754E-5	4.345902E-6	1.000000E+0	
2.618691E+4	5.949900E+1	9.905925E-2	1.374412E+1	4.908772E+1	2.874789E-3	2.410649E-8	1.280013E-8	-6.683498E-9	3.116944E-8	1.000000E+0	
2.619645E+4	5.949900E+1	2.971777E+0	1.374412E+1	4.908772E+1	2.874789E-3	-1.542005E-6	4.435454E-9	6.056272E-7	1.697125E-8	1.000000E+0	
2.620601E+4	5.949900E+1	4.952962E+0	1.374412E+1	4.908772E+1	2.874789E-3	-7.152034E-6	2.067516E-8	2.738679E-6	3.269139E-8	1.000000E+0	
2.621560E+4	5.949900E+1	6.438851E+0	1.374412E+1	4.908772E+1	2.874789E-3	-1.583483E-5	1.213753E-8	6.054461E-6	1.310730E-8	1.000000E+0	
2.622518E+4	5.950000E+1	7.924739E+0	1.374412E+1	4.908772E+1	2.874789E-3	-2.940096E-5	1.077901E-8	1.129092E-5	2.202021E-8	1.000000E+0	
2.623850E+4	5.950000E+1	9.905925E-2	1.139358E+1	4.908772E+1	2.874789E-3	2.081882E-8	1.420317E-8	4.999882E-9	4.211842E-8	1.000000E+0	
2.624888E+4	5.950200E+1	2.971777E+0	1.139358E+1	4.908772E+1	2.874789E-3	-1.631916E-6	1.468725E-8	5.211925E-7	6.880696E-9	1.000000E+0	
2.625922E+4	5.950000E+1	4.952962E+0	1.139358E+1	4.908772E+1	2.874789E-3	-7.496474E-6	5.535115E-9	2.666565E-6	2.678193E-8	1.000000E+0	
2.626958E+4	5.950100E+1	6.438851E+0	1.139358E+1	4.908772E+1	2.874789E-3	-1.656017E-5	2.456386E-8	5.967543E-6	1.897384E-8	1.000000E+0	
2.627996E+4	5.949900E+1	7.924739E+0	1.139358E+1	4.908772E+1	2.874789E-3	-3.070784E-5	2.198436E-8	1.109481E-5	1.518064E-8	1.000000E+0	
2.629421E+4	5.950100E+1	9.905925E-2	9.445040E+0	4.908772E+1	2.874789E-3	2.099291E-8	1.622420E-8	-2.217854E-8	9.542378E-9	1.000000E+0	
2.630547E+4	5.950100E+1	2.971777E+0	9.445040E+0	4.908772E+1	2.874789E-3	-1.656551E-6	3.442339E-8	5.865578E-7	2.570640E-8	1.000000E+0	
2.631672E+4	5.950000E+1	4.952962E+0	9.445040E+0	4.908772E+1	2.874789E-3	-7.802363E-6	1.303867E-8	2.594027E-6	1.112142E-8	1.000000E+0	
2.632802E+4	5.950000E+1	6.438851E+0	9.445040E+0	4.908772E+1	2.874789E-3	-1.726255E-5	9.133307E-9	5.857105E-6	1.284984E-8	1.000000E+0	
2.633927E+4	5.950100E+1	7.924739E+0	9.445040E+0	4.908772E+1	2.874789E-3	-3.205867E-5	1.085817E-8	1.092510E-5	1.846499E-8	1.000000E+0	
2.635461E+4	5.950100E+1	9.905925E-2	7.829740E+0	4.908772E+1	2.874789E-3	-2.511232E-8	2.389412E-8	-1.538395E-8	1.368507E-8	1.000000E+0	
2.636695E+4	5.950100E+1	2.971777E+0	7.829740E+0	4.908772E+1	2.874789E-3	-1.729598E-6	3.125149E-9	5.681813E-7	4.692182E-9	1.000000E+0	
2.637933E+4	5.950000E+1	4.952962E+0	7.829740E+0	4.908772E+1	2.874789E-3	-8.125086E-6	9.233871E-9	2.607237E-6	1.167111E-8	1.000000E+0	
2.639174E+4	5.950000E+1	6.438851E+0	7.829740E+0	4.908772E+1	2.874789E-3	-1.793027E-5	4.975456E-8	5.720168E-6	8.227612E-9	1.000000E+0	
2.640413E+4	5.950000E+1	7.924739E+0	7.829740E+0	4.908772E+1	2.874789E-3	-3.330609E-5	6.957583E-9	1.075146E-5	1.149216E-8	1.000000E+0	
2.642132E+4	5.950100E+1	9.905925E-2	6.490680E+0	4.908772E+1	2.874789E-3	-3.989999E-8	1.393591E-8	3.057836E-8	6.619673E-9	1.000000E+0	
2.643497E+4	5.950000E+1	2.971777E+0	6.490680E+0	4.908772E+1	2.874789E-3	-1.813620E-6	2.058680E-9	5.282955E-7	6.729987E-9	1.000000E+0	
2.644871E+4	5.949900E+1	4.952962E+0	6.490680E+0	4.908772E+1	2.874789E-3	-8.388477E-6	2.053087E-8	2.563477E-6	9.787474E-9	1.000000E+0	
2.646248E+4	5.950000E+1	6.438851E+0	6.490680E+0	4.908772E+1	2.874789E-3	-1.859610E-5	4.888846E-9	5.630162E-6	1.222399E-8	1.000000E+0	
2.647621E+4	5.949800E+1	7.924739E+0	6.490680E+0	4.908772E+1	2.874789E-3	-3.455508E-5	1.021470E-8	1.054497E-5	1.238005E-8	1.000000E+0	
2.649507E+4	5.949800E+1	9.905925E-2	5.380640E+0	4.908772E+1	2.874789E-3	2.049870E-9	6.514496E-9	-2.574673E-8	1.062727E-8	1.000000E+0	
2.651046E+4	5.949900E+1	2.971777E+0	5.380640E+0	4.908772E+1	2.874789E-3	-1.858941E-6	1.336666E-8	5.117592E-7	1.688247E-8	1.000000E+0	
2.652587E+4	5.950100E+1	4.952962E+0	5.380640E+0	4.908772E+1	2.874789E-3	-8.712492E-6	8.385020E-9	2.520271E-6	7.838055E-9	1.000000E+0	
2.654124E+4	5.950100E+1	6.438851E+0	5.380640E+0	4.908772E+1	2.874789E-3	-1.925292E-5	6.199493E-9	5.512609E-6	7.442579E-9	1.000000E+0	
2.655670E+4	5.950100E+1	7.924739E+0	5.380640E+0	4.908772E+1	2.874789E-3	-3.580546E-5	8.519480E-9	1.034558E-5	5.773294E-9	1.000000E+0	
2.657767E+4	5.949900E+1	9.905925E-2	4.460440E+0	4.908772E+1	2.874789E-3	-1.361143E-8	1.063230E-8	-8.207508E-9	3.068358E-9	1.000000E+0	
2.659504E+4	5.949900E+1	2.971777E+0	4.460440E+0	4.908772E+1	2.874789E-3	-1.915282E-6	1.104542E-8	5.661620E-7	1.321447E-8	1.000000E+0	
2.661237E+4	5.949800E+1	4.952962E+0	4.460440E+0	4.908772E+1	2.874789E-3	-8.951864E-6	5.847012E-9	2.464749E-6	3.987744E-9	1.000000E+0	
2.662972E+4	5.949800E+1	6.438851E+0	4.460440E+0	4.908772E+1	2.874789E-3	-1.994061E-5	1.109881E-9	5.432513E-6	1.601663E-8	1.000000E+0	
2.664709E+4	5.949900E+1	7.924739E+0	4.460440E+0	4.908772E+1	2.874789E-3	-3.701290E-5	1.273804E-8	1.017090E-5	2.017269E-8	1.000000E+0	
2.667305E+4	5.949700E+1	9.905925E-2	3.697610E+0	4.908772E+1	2.874789E-3	7.597016E-8	4.306831E-8	1.258259E-7	4.597878E-8	1.000000E+0	
2.669280E+4	5.949900E+1	2.971777E+0	3.697610E+0	4.908772E+1	2.874789E-3	-2.005353E-6	1.984377E-8	5.629325E-7	6.666871E-9	1.000000E+0	
2.671250E+4	5.949900E+1	4.952962E+0	3.697610E+0	4.908772E+1	2.874789E-3	-9.355678E-6	4.092215E-8	2.450785E-6	1.617325E-8	1.000000E+0	
2.673223E+4	5.949800E+1	6.438851E+0	3.697610E+0	4.908772E+1	2.874789E-3	-2.056331E-5	2.355297E-9	5.354927E-6	1.016688E-8	1.000000E+0	
2.675197E+4	5.950000E+1	7.924739E+0	3.697610E+0	4.908772E+1	2.874789E-3	-3.814285E-5	1.231353E-8	1.001885E-5	2.060148E-8	1.000000E+0	
2.678102E+4	5.949900E+1	9.905925E-2	3.065240E+0	4.908772E+1	2.874789E-3	2.052412E-8	1.373873E-8	5.806127E-9	1.781958E-9	1.000000E+0	
2.680360E+4	5.950000E+1	2.971777E+0	3.065240E+0	4.908772E+1	2.874789E-3	-2.023405E-6	1.585106E-8	5.219340E-7	4.085219E-9	1.000000E+0	
2.682618E+4	5.949900E+1	4.952962E+0	3.065240E+0	4.908772E+1	2.874789E-3	-9.545695E-6	2.602886E-9	2.338196E-6	2.257785E-9	1.000000E+0	
2.684878E+4	5.949900E+1	6.438851E+0	3.065240E+0	4.908772E+1	2.874789E-3	-2.113061E-5	8.495364E-9	5.240227E-6	5.389456E-9	1.000000E+0	
2.687133E+4	5.950000E+1	7.924739E+0	3.065240E+0	4.908772E+1	2.874789E-3	-3.932693E-5	1.102242E-8	9.854415E-6	1.079485E-8	1.000000E+0	
2.690515E+4	5.950100E+1	9.905925E-2	2.541020E+0	4.908772E+1	2.874789E-3	2.133111E-8	7.727515E-9	2.021196E-8	2.465087E-9	1.000000E+0	
2.693123E+4	5.949900E+1	2.971777E+0	2.541020E+0	4.908772E+1	2.874789E-3	-1.925079E-6	3.135542E-8	4.145698E-7	2.476236E-8	1.000000E+0	
2.695726E+4	5.949900E+1	4.952962E+0	2.541020E+0	4.908772E+1	2.874789E-3	-9.826440E-6	2.716302E-9	2.356903E-6	1.710386E-8	1.000000E+0	
2.698321E+4	5.949900E+1	6.438851E+0	2.541020E+0	4.908772E+1	2.874789E-3	-2.177672E-5	1.453140E-8	5.232179E-6	1.513791E-9	1.000000E+0	
2.700925E+4	5.950100E+1	7.924739E+0	2.541020E+0	4.908772E+1	2.874789E-3	-4.041249E-5	1.079996E-8	9.724681E-6	6.410855E-9	1.000000E+0	
2.704881E+4	5.950100E+1	9.905925E-2	2.106450E+0	4.908772E+1	2.874789E-3	-3.675966E-8	1.188067E-9	-2.097876E-8	3.172504E-9	1.000000E+0	
2.707904E+4	5.949900E+1	2.971777E+0	2.106450E+0	4.908772E+1	2.874789E-3	-2.159431E-6	6.685726E-9	4.622893E-7	6.131097E-9	1.000000E+0	
2.710933E+4	5.949900E+1	4.952962E+0	2.106450E+0	4.908772E+1	2.874789E-3	-1.000660E-5	3.540553E-9	2.269502E-6	4.449368E-10	1.000000E+0	
2.713952E+4	5.950200E+1	6.438851E+0	2.106450E+0	4.908772E+1	2.874789E-3	-2.260091E-5	4.309729E-9	5.148753E-6	1.211673E-8	1.000000E+0	
2.716979E+4	5.949800E+1	7.924739E+0	2.106450E+0	4.908772E+1	2.874789E-3	-4.151743E-5	3.543672E-9	9.613397E-6	4.803739E-8	1.000000E+0	
2.721685E+4	5.950000E+1	9.905925E-2	1.746200E+0	4.908772E+1	2.874789E-3	-6.342386E-9	1.372480E-9	-7.590910E-9	5.808959E-10	1.000000E+0	
2.725212E+4	5.949900E+1	2.971777E+0	1.746200E+0	4.908772E+1	2.874789E-3	-2.267187E-6	9.419156E-9	4.517320E-7	6.503301E-9	1.000000E+0	
2.728739E+4	5.949900E+1	4.952962E+0	1.746200E+0	4.908772E+1	2.874789E-3	-1.038525E-5	5.246447E-9	1.930751E-6	2.963904E-8	1.000000E+0	
2.732262E+4	5.950100E+1	6.438851E+0	1.746200E+0	4.908772E+1	2.874789E-3	-2.299652E-5	7.707974E-9	5.049777E-6	1.600131E-9	1.000000E+0	
2.735789E+4	5.949900E+1	7.924739E+0	1.746200E+0	4.908772E+1	2.874789E-3	-4.269718E-5	7.981557E-9	9.410131E-6	2.383579E-8	1.000000E+0	
2.741254E+4	5.950100E+1	9.905925E-2	1.447560E+0	4.908772E+1	2.874789E-3	4.161184E-7	2.000997E-8	-2.628946E-7	7.955988E-9	1.000000E+0	
2.745386E+4	5.949900E+1	2.971777E+0	1.447560E+0	4.908772E+1	2.874789E-3	-2.273610E-6	9.722720E-9	4.739196E-7	2.328422E-9	1.000000E+0	
2.749522E+4	5.950000E+1	4.952962E+0	1.447560E+0	4.908772E+1	2.874789E-3	-1.061565E-5	9.932901E-10	2.185189E-6	1.920810E-9	1.000000E+0	
2.753660E+4	5.950000E+1	6.438851E+0	1.447560E+0	4.908772E+1	2.874789E-3	-2.360687E-5	2.217465E-9	5.079156E-6	2.447683E-8	1.000000E+0	
2.757795E+4	5.950000E+1	7.924739E+0	1.447560E+0	4.908772E+1	2.874789E-3	-4.367259E-5	7.502670E-9	9.189884E-6	9.168500E-9	1.000000E+0	
2.764097E+4	5.950000E+1	9.905925E-2	1.200000E+0	4.908772E+1	2.874789E-3	5.539120E-8	3.944514E-8	2.223929E-8	8.405852E-9	1.000000E+0	
2.768966E+4	5.950100E+1	2.971777E+0	1.200000E+0	4.908772E+1	2.874789E-3	-2.374185E-6	6.146245E-9	1.785003E-7	3.081653E-8	1.000000E+0	
2.773839E+4	5.950000E+1	4.952962E+0	1.200000E+0	4.908772E+1	2.874789E-3	-1.084943E-5	8.068488E-10	2.065756E-6	5.486831E-9	1.000000E+0	
2.778706E+4	5.950100E+1	6.438851E+0	1.200000E+0	4.908772E+1	2.874789E-3	-2.405784E-5	4.643986E-9	4.719088E-6	5.350212E-9	1.000000E+0	
2.783573E+4	5.950000E+1	7.924739E+0	1.200000E+0	4.908772E+1	2.874789E-3	-4.460157E-5	1.645636E-8	9.012384E-6	8.343055E-9	1.000000E+0	
--- > K and esd K (estimated based on user TCR) : -3.988887E+0	-2.916944E-2	

*** Temperature stable /K : 6.451600000E+1
--- > R0 : 4.961247E+1	4.961806E+1	4.961701E+1	4.962216E+1	4.962188E+1	4.961817E+1	4.961537E+1	4.961621E+1	4.962234E+1	4.962250E+1	4.962142E+1	4.961932E+1	
time /sec  	temp /K    	current /mA	freq /Hz   	R0 /Ohms   	esd R0     	V3X /V_rms 	esd V3X    	V3Y /V_rms 	esd V3Y    	Data_Valid?
2.805277E+4	6.450400E+1	9.905898E-2	2.000000E+1	4.961891E+1	3.256586E-3	-1.835270E-8	2.965592E-8	-3.156740E-10	2.244282E-8	1.000000E+0	
2.806125E+4	6.450000E+1	2.971769E+0	2.000000E+1	4.961891E+1	3.256586E-3	-1.372560E-6	3.536552E-8	6.075093E-7	1.925149E-8	1.000000E+0	
2.806962E+4	6.449900E+1	4.952949E+0	2.000000E+1	4.961891E+1	3.256586E-3	-6.308225E-6	1.624539E-8	2.787056E-6	2.201301E-8	1.000000E+0	
2.807802E+4	6.449800E+1	6.438834E+0	2.000000E+1	4.961891E+1	3.256586E-3	-1.396028E-5	1.927283E-8	6.190218E-6	1.565075E-8	1.000000E+0	
2.808642E+4	6.449700E+1	7.924718E+0	2.000000E+1	4.961891E+1	3.256586E-3	-2.591538E-5	1.557716E-8	1.151184E-5	1.968350E-8	1.000000E+0	
2.809837E+4	6.449700E+1	9.905898E-2	1.657958E+1	4.961891E+1	3.256586E-3	-2.347447E-6	3.919918E-6	3.295746E-7	5.525314E-6	1.000000E+0	
2.810731E+4	6.449600E+1	2.971769E+0	1.657958E+1	4.961891E+1	3.256586E-3	8.211265E-7	4.002015E-6	1.269967E-6	5.496655E-6	1.000000E+0	
2.811628E+4	6.449600E+1	4.952949E+0	1.657958E+1	4.961891E+1	3.256586E-3	-8.816706E-6	4.333863E-6	1.583363E-6	5.264161E-6	1.000000E+0	
2.812526E+4	6.449700E+1	6.438834E+0	1.657958E+1	4.961891E+1	3.256586E-3	-1.305412E-5	4.860145E-6	7.746587E-6	4.774476E-6	1.000000E+0	
2.813422E+4	6.449800E+1	7.924718E+0	1.657958E+1	4.961891E+1	3.256586E-3	-2.833037E-5	5.353863E-6	9.317107E-6	4.260824E-6	1.000000E+0	
2.814680E+4	6.449900E+1	9.905898E-2	1.374412E+1	4.961891E+1	3.256586E-3	2.716238E-8	1.425288E-8	6.915698E-9	2.090300E-8	1.000000E+0	
2.815638E+4	6.450000E+1	2.971769E+0	1.374412E+1	4.961891E+1	3.256586E-3	-1.522934E-6	2.295032E-8	5.731962E-7	2.575366E-8	1.000000E+0	
2.816593E+4	6.450100E+1	4.952949E+0	1.374412E+1	4.961891E+1	3.256586E-3	-6.977530E-6	9.814443E-9	2.694804E-6	1.695754E-8	1.000000E+0	
2.817553E+4	6.450300E+1	6.438834E+0	1.374412E+1	4.961891E+1	3.256586E-3	-1.541059E-5	1.030920E-8	6.045214E-6	1.513171E-8	1.000000E+0	
2.818513E+4	6.450200E+1	7.924718E+0	1.374412E+1	4.961891E+1	3.256586E-3	-2.861136E-5	1.326769E-8	1.129595E-5	2.179010E-8	1.000000E+0	
2.819847E+4	6.450500E+1	9.905898E-2	1.139358E+1	4.961891E+1	3.256586E-3	-1.013002E-8	1.315733E-8	8.114804E-9	6.996243E-9	1.000000E+0	
2.820880E+4	6.450500E+1	2.971769E+0	1.139358E+1	4.961891E+1	3.256586E-3	-1.561152E-6	2.182168E-8	5.586818E-7	1.448784E-8	1.000000E+0	
2.821917E+4	6.450400E+1	4.952949E+0	1.139358E+1	4.961891E+1	3.256586E-3	-7.303568E-6	1.960160E-8	2.721552E-6	1.673063E-8	1.000000E+0	
2.822952E+4	6.450400E+1	6.438834E+0	1.139358E+1	4.961891E+1	3.256586E-3	-1.611058E-5	7.081550E-9	5.953834E-6	5.696045E-9	1.000000E+0	
2.823991E+4	6.450400E+1	7.924718E+0	1.139358E+1	4.961891E+1	3.256586E-3	-2.997181E-5	1.010464E-8	1.112158E-5	8.913287E-9	1.000000E+0	
2.825418E+4	6.450200E+1	9.905898E-2	9.445040E+0	4.961891E+1	3.256586E-3	-7.868551E-9	1.277847E-8	1.949816E-8	1.454877E-8	1.000000E+0	
2.826547E+4	6.450100E+1	2.971769E+0	9.445040E+0	4.961891E+1	3.256586E-3	-1.640867E-6	2.384125E-8	5.734711E-7	1.985292E-8	1.000000E+0	
2.827673E+4	6.450200E+1	4.952949E+0	9.445040E+0	4.961891E+1	3.256586E-3	-7.628626E-6	1.724997E-8	2.638137E-6	5.466569E-9	1.000000E+0	
2.828799E+4	6.450300E+1	6.438834E+0	9.445040E+0	4.961891E+1	3.256586E-3	-1.682234E-5	3.552391E-9	5.884830E-6	1.234560E-8	1.000000E+0	
2.829925E+4	6.450500E+1	7.924718E+0	9.445040E+0	4.961891E+1	3.256586E-3	-3.124385E-5	1.666938E-8	1.093678E-5	1.288735E-8	1.000000E+0	
2.831468E+4	6.450700E+1	9.905898E-2	7.829740E+0	4.961891E+1	3.256586E-3	-3.316964E-9	1.062565E-8	-1.826310E-8	1.177933E-8	1.000000E+0	
2.832703E+4	6.450900E+1	2.971769E+0	7.829740E+0	4.961891E+1	3.256586E-3	-1.732933E-6	1.516390E-8	5.641324E-7	2.099654E-8	1.000000E+0	
2.833940E+4	6.451000E+1	4.952949E+0	7.829740E+0	4.961891E+1	3.256586E-3	-7.891384E-6	3.918054E-9	2.686290E-6	6.083666E-8	1.000000E+0	
2.835177E+4	6.451400E+1	6.438834E+0	7.829740E+0	4.961891E+1	3.256586E-3	-1.739806E-5	5.086037E-8	5.824897E-6	1.605882E-8	1.000000E+0	
2.836416E+4	6.451700E+1	7.924718E+0	7.829740E+0	4.961891E+1	3.256586E-3	-3.255541E-5	9.912929E-9	1.074732E-5	6.936141E-9	1.000000E+0	
2.838125E+4	6.451500E+1	9.905898E-2	6.490680E+0	4.961891E+1	3.256586E-3	-1.520865E-8	5.956783E-9	-2.379091E-9	1.951176E-8	1.000000E+0	
2.839496E+4	6.451700E+1	2.971769E+0	6.490680E+0	4.961891E+1	3.256586E-3	-1.768108E-6	1.882385E-8	5.859982E-7	2.563845E-8	1.000000E+0	
2.840871E+4	6.451500E+1	4.952949E+0	6.490680E+0	4.961891E+1	3.256586E-3	-8.222339E-6	5.724595E-9	2.564641E-6	8.372348E-9	1.000000E+0	
2.842247E+4	6.451200E+1	6.438834E+0	6.490680E+0	4.961891E+1	3.256586E-3	-1.815600E-5	1.313821E-8	5.683617E-6	1.484108E-8	1.000000E+0	
2.843619E+4	6.451600E+1	7.924718E+0	6.490680E+0	4.961891E+1	3.256586E-3	-3.376267E-5	1.417297E-8	1.056700E-5	1.736224E-9	1.000000E+0	
2.845519E+4	6.451100E+1	9.905898E-2	5.380640E+0	4.961891E+1	3.256586E-3	-1.006886E-8	2.904408E-9	2.904615E-8	3.079062E-8	1.000000E+0	
2.847062E+4	6.450000E+1	2.971769E+0	5.380640E+0	4.961891E+1	3.256586E-3	-1.802980E-6	1.158847E-8	3.591861E-7	4.607702E-8	1.000000E+0	
2.848603E+4	6.449500E+1	4.952949E+0	5.380640E+0	4.961891E+1	3.256586E-3	-8.494799E-6	7.967977E-9	2.505682E-6	8.600312E-9	1.000000E+0	
2.850144E+4	6.448900E+1	6.438834E+0	5.380640E+0	4.961891E+1	3.256586E-3	-1.885731E-5	1.035233E-8	5.661812E-6	1.110081E-8	1.000000E+0	
2.851687E+4	6.448700E+1	7.924718E+0	5.380640E+0	4.961891E+1	3.256586E-3	-3.504332E-5	9.894054E-9	1.040930E-5	5.735819E-9	1.000000E+0	
2.853806E+4	6.448900E+1	9.905898E-2	4.460440E+0	4.961891E+1	3.256586E-3	-7.206247E-8	3.853732E-8	-1.866050E-8	1.170955E-8	1.000000E+0	
2.855543E+4	6.448900E+1	2.971769E+0	4.460440E+0	4.961891E+1	3.256586E-3	-1.894779E-6	4.415306E-9	5.243259E-7	1.232016E-8	1.000000E+0	
2.857282E+4	6.448900E+1	4.952949E+0	4.460440E+0	4.961891E+1	3.256586E-3	-8.794822E-6	1.329754E-8	2.459864E-6	4.365300E-9	1.000000E+0	
2.859022E+4	6.449100E+1	6.438834E+0	4.460440E+0	4.961891E+1	3.256586E-3	-1.946995E-5	1.544668E-9	5.500770E-6	5.665082E-9	1.000000E+0	
2.860761E+4	6.449300E+1	7.924718E+0	4.460440E+0	4.961891E+1	3.256586E-3	-3.624591E-5	1.786657E-8	1.021762E-5	5.786439E-9	1.000000E+0	
2.863386E+4	6.449700E+1	9.905898E-2	3.697610E+0	4.961891E+1	3.256586E-3	-1.098744E-7	1.439094E-8	7.347732E-9	1.138225E-8	1.000000E+0	
2.865358E+4	6.449700E+1	2.971769E+0	3.697610E+0	4.961891E+1	3.256586E-3	-1.925783E-6	1.851408E-9	5.189756E-7	7.274716E-9	1.000000E+0	
2.867329E+4	6.449400E+1	4.952949E+0	3.697610E+0	4.961891E+1	3.256586E-3	-9.065887E-6	4.763123E-9	2.427407E-6	2.969560E-9	1.000000E+0	
2.869306E+4	6.449500E+1	6.438834E+0	3.697610E+0	4.961891E+1	3.256586E-3	-2.023066E-5	4.342702E-8	5.445405E-6	3.129610E-8	1.000000E+0	
2.871273E+4	6.449700E+1	7.924718E+0	3.697610E+0	4.961891E+1	3.256586E-3	-3.738655E-5	6.576381E-9	1.008572E-5	4.014164E-9	1.000000E+0	
2.874193E+4	6.449800E+1	9.905898E-2	3.065240E+0	4.961891E+1	3.256586E-3	6.269068E-9	8.453018E-9	1.007577E-8	3.102508E-9	1.000000E+0	
2.876451E+4	6.449700E+1	2.971769E+0	3.065240E+0	4.961891E+1	3.256586E-3	-1.990264E-6	6.140205E-9	4.546985E-7	4.251849E-9	1.000000E+0	
2.878721E+4	6.449700E+1	4.952949E+0	3.065240E+0	4.961891E+1	3.256586E-3	-9.379187E-6	8.310272E-9	2.347057E-6	2.814645E-9	1.000000E+0	
2.880985E+4	6.449700E+1	6.438834E+0	3.065240E+0	4.961891E+1	3.256586E-3	-2.076396E-5	9.781422E-9	5.285412E-6	7.390200E-10	1.000000E+0	
2.883249E+4	6.449800E+1	7.924718E+0	3.065240E+0	4.961891E+1	3.256586E-3	-3.854023E-5	1.410468E-8	9.901740E-6	9.297113E-9	1.000000E+0	
2.886637E+4	6.450200E+1	9.905898E-2	2.541020E+0	4.961891E+1	3.256586E-3	-2.163228E-7	5.811167E-8	4.939818E-8	1.757382E-8	1.000000E+0	
2.889242E+4	6.450000E+1	2.971769E+0	2.541020E+0	4.961891E+1	3.256586E-3	-2.042433E-6	6.104512E-9	4.886293E-7	1.254994E-8	1.000000E+0	
2.891848E+4	6.450000E+1	4.952949E+0	2.541020E+0	4.961891E+1	3.256586E-3	-9.640523E-6	6.385370E-9	2.384158E-6	3.137836E-9	1.000000E+0	
2.894452E+4	6.450000E+1	6.438834E+0	2.541020E+0	4.961891E+1	3.256586E-3	-2.134848E-5	6.188655E-9	5.197121E-6	1.485736E-8	1.000000E+0	
2.897059E+4	6.450000E+1	7.924718E+0	2.541020E+0	4.961891E+1	3.256586E-3	-3.972071E-5	6.189208E-9	9.794975E-6	1.428244E-9	1.000000E+0	
2.901017E+4	6.450000E+1	9.905898E-2	2.106450E+0	4.961891E+1	3.256586E-3	1.733108E-7	6.421568E-9	-1.157138E-8	6.846281E-9	1.000000E+0	
2.904039E+4	6.449800E+1	2.971769E+0	2.106450E+0	4.961891E+1	3.256586E-3	-2.148941E-6	1.003691E-9	4.953607E-7	6.789843E-9	1.000000E+0	
2.907063E+4	6.449900E+1	4.952949E+0	2.106450E+0	4.961891E+1	3.256586E-3	-9.916877E-6	8.002414E-9	2.324604E-6	3.514402E-9	1.000000E+0	
2.910090E+4	6.449900E+1	6.438834E+0	2.106450E+0	4.961891E+1	3.256586E-3	-2.191564E-5	1.285690E-8	5.075302E-6	1.373768E-8	1.000000E+0	
2.913115E+4	6.449900E+1	7.924718E+0	2.106450E+0	4.961891E+1	3.256586E-3	-4.078729E-5	9.717392E-9	9.587519E-6	2.193149E-9	1.000000E+0	
2.917775E+4	6.449900E+1	9.905898E-2	1.746200E+0	4.961891E+1	3.256586E-3	4.718334E-7	6.427551E-8	-3.683276E-7	5.816394E-8	1.000000E+0	
2.921304E+4	6.449900E+1	2.971769E+0	1.746200E+0	4.961891E+1	3.256586E-3	-2.186350E-6	3.615597E-9	4.675548E-7	4.704194E-9	1.000000E+0	
2.924835E+4	6.450000E+1	4.952949E+0	1.746200E+0	4.961891E+1	3.256586E-3	-1.020789E-5	1.184330E-9	2.299598E-6	1.540518E-9	1.000000E+0	
2.928357E+4	6.450000E+1	6.438834E+0	1.746200E+0	4.961891E+1	3.256586E-3	-2.257626E-5	5.410886E-9	5.059133E-6	2.460219E-9	1.000000E+0	
2.931882E+4	6.449900E+1	7.924718E+0	1.746200E+0	4.961891E+1	3.256586E-3	-4.211576E-5	3.312125E-8	9.536509E-6	3.232987E-8	1.000000E+0	
2.937347E+4	6.450000E+1	9.905898E-2	1.447560E+0	4.961891E+1	3.256586E-3	-8.897970E-9	8.237402E-10	9.066753E-9	7.246550E-10	1.000000E+0	
2.941483E+4	6.450000E+1	2.971769E+0	1.447560E+0	4.961891E+1	3.256586E-3	-2.266932E-6	4.088710E-10	4.626773E-7	1.410112E-9	1.000000E+0	
2.945625E+4	6.450000E+1	4.952949E+0	1.447560E+0	4.961891E+1	3.256586E-3	-1.045708E-5	5.170877E-9	2.221231E-6	5.277144E-9	1.000000E+0	
2.949759E+4	6.450000E+1	6.438834E+0	1.447560E+0	4.961891E+1	3.256586E-3	-2.314505E-5	4.819424E-10	5.021253E-6	1.099291E-9	1.000000E+0	
2.953898E+4	6.450000E+1	7.924718E+0	1.447560E+0	4.961891E+1	3.256586E-3	-4.320238E-5	2.408407E-8	9.297703E-6	1.970064E-9	1.000000E+0	
2.960180E+4	6.450000E+1	9.905898E-2	1.200000E+0	4.961891E+1	3.256586E-3	-3.880458E-8	5.279615E-9	-4.448622E-8	2.763663E-9	1.000000E+0	
2.965046E+4	6.449800E+1	2.971769E+0	1.200000E+0	4.961891E+1	3.256586E-3	-2.253015E-6	1.566371E-9	4.139936E-7	9.504838E-9	1.000000E+0	
2.969915E+4	6.450100E+1	4.952949E+0	1.200000E+0	4.961891E+1	3.256586E-3	-1.059277E-5	1.927837E-9	2.047131E-6	4.396930E-9	1.000000E+0	
2.974780E+4	6.450000E+1	6.438834E+0	1.200000E+0	4.961891E+1	3.256586E-3	-2.340751E-5	2.945606E-8	4.399937E-6	4.072707E-8	1.000000E+0	
2.979644E+4	6.450000E+1	7.924718E+0	1.200000E+0	4.961891E+1	3.256586E-3	-4.397915E-5	5.928342E-9	9.021469E-6	6.171081E-9	1.000000E+0	
--- > K and esd K (estimated based on user TCR) : -4.035976E+0	-2.543829E-2	

*** Temperature stable /K : 6.951200000E+1
--- > R0 : 5.015196E+1	5.015114E+1	5.015078E+1	5.014527E+1	5.014370E+1	5.014720E+1	5.015034E+1	5.014923E+1	5.015200E+1	5.014513E+1	5.014581E+1	5.014791E+1	
time /sec  	temp /K    	current /mA	freq /Hz   	R0 /Ohms   	esd R0     	V3X /V_rms 	esd V3X    	V3Y /V_rms 	esd V3Y    	Data_Valid?
3.001896E+4	6.950000E+1	9.905873E-2	2.000000E+1	5.014837E+1	2.927277E-3	-7.074693E-9	1.575500E-8	3.099956E-8	1.983531E-8	1.000000E+0	
3.002734E+4	6.949700E+1	2.971762E+0	2.000000E+1	5.014837E+1	2.927277E-3	-1.329941E-6	1.220538E-8	6.325420E-7	2.460796E-8	1.000000E+0	
3.003572E+4	6.949500E+1	4.952937E+0	2.000000E+1	5.014837E+1	2.927277E-3	-6.127915E-6	8.592501E-9	2.754253E-6	2.156752E-8	1.000000E+0	
3.004410E+4	6.949400E+1	6.438818E+0	2.000000E+1	5.014837E+1	2.927277E-3	-1.351745E-5	2.588588E-8	6.123376E-6	2.004992E-8	1.000000E+0	
3.005251E+4	6.949400E+1	7.924699E+0	2.000000E+1	5.014837E+1	2.927277E-3	-2.514619E-5	2.743164E-8	1.144855E-5	1.186803E-8	1.000000E+0	
3.006446E+4	6.949400E+1	9.905873E-2	1.657958E+1	5.014837E+1	2.927277E-3	2.023571E-6	5.139148E-6	3.038874E-6	4.214030E-6	1.000000E+0	
3.007338E+4	6.949400E+1	2.971762E+0	1.657958E+1	5.014837E+1	2.927277E-3	-3.110773E-6	5.428903E-6	3.976782E-6	3.732112E-6	1.000000E+0	
3.008235E+4	6.949400E+1	4.952937E+0	1.657958E+1	5.014837E+1	2.927277E-3	-9.808104E-6	3.924451E-6	4.673164E-6	5.325078E-6	1.000000E+0	
3.009132E+4	6.949500E+1	6.438818E+0	1.657958E+1	5.014837E+1	2.927277E-3	-1.825809E-5	3.183231E-6	6.878064E-6	5.729068E-6	1.000000E+0	
3.010027E+4	6.949600E+1	7.924699E+0	1.657958E+1	5.014837E+1	2.927277E-3	-3.072339E-5	3.132589E-6	1.231470E-5	5.657518E-6	1.000000E+0	
3.011285E+4	6.949600E+1	9.905873E-2	1.374412E+1	5.014837E+1	2.927277E-3	-5.322978E-9	9.573141E-9	8.453848E-9	7.737357E-9	1.000000E+0	
3.012241E+4	6.949700E+1	2.971762E+0	1.374412E+1	5.014837E+1	2.927277E-3	-1.463359E-6	2.111284E-8	6.195650E-7	1.723557E-8	1.000000E+0	
3.013194E+4	6.949800E+1	4.952937E+0	1.374412E+1	5.014837E+1	2.927277E-3	-6.766154E-6	9.144784E-9	2.742066E-6	8.314846E-9	1.000000E+0	
3.014152E+4	6.949700E+1	6.438818E+0	1.374412E+1	5.014837E+1	2.927277E-3	-1.496858E-5	1.017158E-8	6.006169E-6	1.777368E-8	1.000000E+0	
3.015109E+4	6.949900E+1	7.924699E+0	1.374412E+1	5.014837E+1	2.927277E-3	-2.784316E-5	1.598694E-8	1.126151E-5	1.242430E-8	1.000000E+0	
3.016447E+4	6.950100E+1	9.905873E-2	1.139358E+1	5.014837E+1	2.927277E-3	1.618849E-8	4.948261E-9	3.310343E-8	5.520152E-9	1.000000E+0	
3.017480E+4	6.950100E+1	2.971762E+0	1.139358E+1	5.014837E+1	2.927277E-3	-1.564458E-6	1.499641E-8	5.748265E-7	8.832293E-9	1.000000E+0	
3.018514E+4	6.950100E+1	4.952937E+0	1.139358E+1	5.014837E+1	2.927277E-3	-7.118858E-6	1.373340E-8	2.678180E-6	1.374775E-8	1.000000E+0	
3.019550E+4	6.950300E+1	6.438818E+0	1.139358E+1	5.014837E+1	2.927277E-3	-1.571706E-5	2.842988E-8	5.991340E-6	1.790301E-8	1.000000E+0	
3.020587E+4	6.950700E+1	7.924699E+0	1.139358E+1	5.014837E+1	2.927277E-3	-2.918683E-5	6.860643E-9	1.110646E-5	5.901029E-9	1.000000E+0	
3.022009E+4	6.951200E+1	9.905873E-2	9.445040E+0	5.014837E+1	2.927277E-3	1.964055E-8	2.078832E-8	-4.504420E-9	2.491803E-8	1.000000E+0	
3.023137E+4	6.951500E+1	2.971762E+0	9.445040E+0	5.014837E+1	2.927277E-3	-1.584762E-6	2.141153E-8	5.899871E-7	4.039043E-8	1.000000E+0	
3.024260E+4	6.951700E+1	4.952937E+0	9.445040E+0	5.014837E+1	2.927277E-3	-7.428296E-6	1.028176E-8	2.657651E-6	7.268449E-9	1.000000E+0	
3.025385E+4	6.951900E+1	6.438818E+0	9.445040E+0	5.014837E+1	2.927277E-3	-1.637831E-5	1.137358E-8	5.859199E-6	1.853802E-8	1.000000E+0	
3.026515E+4	6.952100E+1	7.924699E+0	9.445040E+0	5.014837E+1	2.927277E-3	-3.049204E-5	1.043429E-8	1.097459E-5	2.657151E-8	1.000000E+0	
3.028051E+4	6.952300E+1	9.905873E-2	7.829740E+0	5.014837E+1	2.927277E-3	-2.280386E-8	2.019310E-8	-1.918667E-8	2.345310E-8	1.000000E+0	
3.029282E+4	6.952300E+1	2.971762E+0	7.829740E+0	5.014837E+1	2.927277E-3	-1.613436E-6	1.078661E-8	5.332755E-7	1.702567E-8	1.000000E+0	
3.030513E+4	6.952300E+1	4.952937E+0	7.829740E+0	5.014837E+1	2.927277E-3	-7.707024E-6	3.062665E-9	2.599070E-6	5.516565E-9	1.000000E+0	
3.031754E+4	6.952100E+1	6.438818E+0	7.829740E+0	5.014837E+1	2.927277E-3	-1.710259E-5	1.437303E-8	5.778503E-6	1.172588E-8	1.000000E+0	
3.032994E+4	6.952400E+1	7.924699E+0	7.829740E+0	5.014837E+1	2.927277E-3	-3.178724E-5	2.831341E-9	1.080935E-5	1.143817E-8	1.000000E+0	
3.034716E+4	6.952800E+1	9.905873E-2	6.490680E+0	5.014837E+1	2.927277E-3	-1.180599E-9	1.659617E-8	1.396326E-9	5.820625E-9	1.000000E+0	
3.036093E+4	6.952800E+1	2.971762E+0	6.490680E+0	5.014837E+1	2.927277E-3	-1.720912E-6	2.479839E-8	5.042122E-7	2.605218E-8	1.000000E+0	
3.037472E+4	6.952700E+1	4.952937E+0	6.490680E+0	5.014837E+1	2.927277E-3	-8.004797E-6	8.290542E-9	2.589191E-6	2.009086E-8	1.000000E+0	
3.038846E+4	6.952400E+1	6.438818E+0	6.490680E+0	5.014837E+1	2.927277E-3	-1.778362E-5	1.756319E-8	5.659661E-6	6.033169E-8	1.000000E+0	
3.040221E+4	6.952300E+1	7.924699E+0	6.490680E+0	5.014837E+1	2.927277E-3	-3.302396E-5	4.842847E-9	1.058171E-5	1.146137E-8	1.000000E+0	
3.042102E+4	6.952000E+1	9.905873E-2	5.380640E+0	5.014837E+1	2.927277E-3	1.010970E-8	8.794236E-9	-4.274810E-9	7.877358E-9	1.000000E+0	
3.043645E+4	6.951800E+1	2.971762E+0	5.380640E+0	5.014837E+1	2.927277E-3	-1.801250E-6	7.744094E-9	5.660486E-7	8.295285E-9	1.000000E+0	
3.045191E+4	6.951500E+1	4.952937E+0	5.380640E+0	5.014837E+1	2.927277E-3	-8.301545E-6	9.446248E-9	2.508523E-6	7.745553E-9	1.000000E+0	
3.046732E+4	6.951300E+1	6.438818E+0	5.380640E+0	5.014837E+1	2.927277E-3	-1.843140E-5	1.103692E-8	5.714950E-6	4.365742E-8	1.000000E+0	
3.048274E+4	6.951000E+1	7.924699E+0	5.380640E+0	5.014837E+1	2.927277E-3	-3.428874E-5	5.597736E-9	1.043259E-5	3.811586E-9	1.000000E+0	
3.050379E+4	6.950600E+1	9.905873E-2	4.460440E+0	5.014837E+1	2.927277E-3	8.234113E-8	2.499695E-8	-3.177401E-8	8.993460E-9	1.000000E+0	
3.052120E+4	6.950400E+1	2.971762E+0	4.460440E+0	5.014837E+1	2.927277E-3	-1.803698E-6	4.105171E-9	5.540211E-7	1.786770E-8	1.000000E+0	
3.053862E+4	6.950500E+1	4.952937E+0	4.460440E+0	5.014837E+1	2.927277E-3	-8.608856E-6	8.495069E-9	2.440347E-6	6.589392E-9	1.000000E+0	
3.055598E+4	6.950800E+1	6.438818E+0	4.460440E+0	5.014837E+1	2.927277E-3	-1.905444E-5	8.126733E-9	5.507191E-6	2.595191E-9	1.000000E+0	
3.057337E+4	6.950400E+1	7.924699E+0	4.460440E+0	5.014837E+1	2.927277E-3	-3.545061E-5	1.102083E-8	1.029482E-5	4.370981E-9	1.000000E+0	
3.059965E+4	6.950200E+1	9.905873E-2	3.697610E+0	5.014837E+1	2.927277E-3	2.683009E-9	9.503301E-9	2.579221E-8	1.085270E-8	1.000000E+0	
3.061936E+4	6.950200E+1	2.971762E+0	3.697610E+0	5.014837E+1	2.927277E-3	-1.910430E-6	1.987914E-9	5.111720E-7	9.234562E-9	1.000000E+0	
3.063908E+4	6.950300E+1	4.952937E+0	3.697610E+0	5.014837E+1	2.927277E-3	-8.913493E-6	3.582213E-9	2.446614E-6	1.124653E-8	1.000000E+0	
3.065877E+4	6.950400E+1	6.438818E+0	3.697610E+0	5.014837E+1	2.927277E-3	-1.973744E-5	2.966310E-9	5.402676E-6	3.663167E-9	1.000000E+0	
3.067850E+4	6.950500E+1	7.924699E+0	3.697610E+0	5.014837E+1	2.927277E-3	-3.664722E-5	8.238961E-9	1.010417E-5	1.188534E-8	1.000000E+0	
3.070749E+4	6.951000E+1	9.905873E-2	3.065240E+0	5.014837E+1	2.927277E-3	2.216687E-8	5.780395E-9	-3.352803E-8	1.995483E-9	1.000000E+0	
3.073011E+4	6.951200E+1	2.971762E+0	3.065240E+0	5.014837E+1	2.927277E-3	-1.927073E-6	4.030661E-9	5.475267E-7	6.103028E-9	1.000000E+0	
3.075272E+4	6.951100E+1	4.952937E+0	3.065240E+0	5.014837E+1	2.927277E-3	-9.171321E-6	3.419645E-9	2.398709E-6	7.414878E-9	1.000000E+0	
3.077529E+4	6.950900E+1	6.438818E+0	3.065240E+0	5.014837E+1	2.927277E-3	-2.035466E-5	8.364847E-9	5.345360E-6	2.381116E-9	1.000000E+0	
3.079790E+4	6.950700E+1	7.924699E+0	3.065240E+0	5.014837E+1	2.927277E-3	-3.784866E-5	2.530284E-9	9.942960E-6	2.802606E-9	1.000000E+0	
3.083147E+4	6.950200E+1	9.905873E-2	2.541020E+0	5.014837E+1	2.927277E-3	2.226521E-8	5.867772E-9	-3.024280E-8	1.782159E-9	1.000000E+0	
3.085749E+4	6.950100E+1	2.971762E+0	2.541020E+0	5.014837E+1	2.927277E-3	-2.007181E-6	3.147605E-9	5.238828E-7	4.815074E-9	1.000000E+0	
3.088351E+4	6.950200E+1	4.952937E+0	2.541020E+0	5.014837E+1	2.927277E-3	-9.461474E-6	1.116753E-8	2.394306E-6	9.494642E-9	1.000000E+0	
3.090961E+4	6.950000E+1	6.438818E+0	2.541020E+0	5.014837E+1	2.927277E-3	-2.085628E-5	4.221787E-8	5.267803E-6	4.511284E-9	1.000000E+0	
3.093561E+4	6.949900E+1	7.924699E+0	2.541020E+0	5.014837E+1	2.927277E-3	-3.887832E-5	1.247232E-8	9.584290E-6	1.906219E-8	1.000000E+0	
3.097513E+4	6.950100E+1	9.905873E-2	2.106450E+0	5.014837E+1	2.927277E-3	-1.983258E-8	1.100257E-8	-1.854671E-8	3.686388E-9	1.000000E+0	
3.100532E+4	6.950300E+1	2.971762E+0	2.106450E+0	5.014837E+1	2.927277E-3	-2.106725E-6	5.858035E-9	5.266588E-7	1.017588E-8	1.000000E+0	
3.103554E+4	6.950200E+1	4.952937E+0	2.106450E+0	5.014837E+1	2.927277E-3	-9.870193E-6	9.410717E-9	2.086363E-6	2.879077E-8	1.000000E+0	
3.106579E+4	6.950100E+1	6.438818E+0	2.106450E+0	5.014837E+1	2.927277E-3	-2.164911E-5	1.820085E-8	5.260338E-6	3.509269E-8	1.000000E+0	
3.109602E+4	6.950000E+1	7.924699E+0	2.106450E+0	5.014837E+1	2.927277E-3	-4.016141E-5	2.943457E-9	9.673056E-6	1.833737E-10	1.000000E+0	
3.114228E+4	6.949900E+1	9.905873E-2	1.746200E+0	5.014837E+1	2.927277E-3	-1.731267E-7	6.647419E-8	-9.004875E-8	5.150078E-8	1.000000E+0	
3.117754E+4	6.949900E+1	2.971762E+0	1.746200E+0	5.014837E+1	2.927277E-3	-2.031437E-6	5.179301E-8	4.212605E-7	2.642532E-8	1.000000E+0	
3.121283E+4	6.949900E+1	4.952937E+0	1.746200E+0	5.014837E+1	2.927277E-3	-1.001356E-5	6.955043E-9	2.279418E-6	4.281573E-9	1.000000E+0	
3.124805E+4	6.950000E+1	6.438818E+0	1.746200E+0	5.014837E+1	2.927277E-3	-2.218158E-5	3.642520E-9	5.159908E-6	5.930465E-9	1.000000E+0	
3.128331E+4	6.950000E+1	7.924699E+0	1.746200E+0	5.014837E+1	2.927277E-3	-4.121152E-5	1.915463E-9	9.307677E-6	4.391831E-8	1.000000E+0	
3.133789E+4	6.949900E+1	9.905873E-2	1.447560E+0	5.014837E+1	2.927277E-3	1.219232E-8	6.846544E-9	-7.850338E-9	2.608056E-9	1.000000E+0	
3.137926E+4	6.949900E+1	2.971762E+0	1.447560E+0	5.014837E+1	2.927277E-3	-2.351852E-6	8.109231E-9	4.254287E-7	9.383665E-9	1.000000E+0	
3.142060E+4	6.949900E+1	4.952937E+0	1.447560E+0	5.014837E+1	2.927277E-3	-1.027152E-5	2.768607E-8	2.227951E-6	9.779643E-9	1.000000E+0	
3.146193E+4	6.949700E+1	6.438818E+0	1.447560E+0	5.014837E+1	2.927277E-3	-2.282020E-5	2.223953E-9	5.042775E-6	2.682028E-9	1.000000E+0	
3.150331E+4	6.949800E+1	7.924699E+0	1.447560E+0	5.014837E+1	2.927277E-3	-4.238856E-5	9.776558E-9	9.373766E-6	2.934297E-9	1.000000E+0	
3.156651E+4	6.950100E+1	9.905873E-2	1.200000E+0	5.014837E+1	2.927277E-3	-5.098632E-8	3.465230E-9	3.853292E-8	4.328457E-9	1.000000E+0	
3.161521E+4	6.946600E+1	2.971762E+0	1.200000E+0	5.014837E+1	2.927277E-3	-2.118253E-6	3.865182E-8	3.161051E-7	2.485662E-8	1.000000E+0	
3.166390E+4	6.948100E+1	4.952937E+0	1.200000E+0	5.014837E+1	2.927277E-3	-1.051942E-5	4.205618E-9	2.080725E-6	2.131292E-9	1.000000E+0	
3.171262E+4	6.950000E+1	6.438818E+0	1.200000E+0	5.014837E+1	2.927277E-3	-2.331221E-5	4.858490E-10	4.836402E-6	3.503004E-10	1.000000E+0	
3.176129E+4	6.950700E+1	7.924699E+0	1.200000E+0	5.014837E+1	2.927277E-3	-4.335143E-5	9.441330E-9	9.105049E-6	1.498978E-9	1.000000E+0	
--- > K and esd K (estimated based on user TCR) : -4.138670E+0	-1.796569E-2	

*** Temperature stable /K : 7.450700000E+1
--- > R0 : 5.068182E+1	5.068817E+1	5.068891E+1	5.068775E+1	5.068619E+1	5.068208E+1	5.068288E+1	5.068666E+1	5.069106E+1	5.068924E+1	5.068637E+1	5.068325E+1	
time /sec  	temp /K    	current /mA	freq /Hz   	R0 /Ohms   	esd R0     	V3X /V_rms 	esd V3X    	V3Y /V_rms 	esd V3Y    	Data_Valid?
3.199117E+4	7.449500E+1	9.905843E-2	2.000000E+1	5.068620E+1	3.053430E-3	9.510374E-11	1.453279E-8	-1.215202E-8	1.132952E-8	1.000000E+0	
3.199955E+4	7.449000E+1	2.971753E+0	2.000000E+1	5.068620E+1	3.053430E-3	-1.284739E-6	2.356185E-8	5.828465E-7	1.717488E-8	1.000000E+0	
3.200789E+4	7.449000E+1	4.952922E+0	2.000000E+1	5.068620E+1	3.053430E-3	-5.965991E-6	1.699324E-8	2.731009E-6	1.321205E-8	1.000000E+0	
3.201630E+4	7.448900E+1	6.438798E+0	2.000000E+1	5.068620E+1	3.053430E-3	-1.314883E-5	1.462586E-8	6.084019E-6	1.359842E-8	1.000000E+0	
3.202467E+4	7.448900E+1	7.924675E+0	2.000000E+1	5.068620E+1	3.053430E-3	-2.442250E-5	3.073094E-8	1.133778E-5	1.764357E-8	1.000000E+0	
3.203667E+4	7.449100E+1	9.905843E-2	1.657958E+1	5.068620E+1	3.053430E-3	-2.321201E-6	4.443142E-6	1.561394E-6	5.268451E-6	1.000000E+0	
3.204566E+4	7.449300E+1	2.971753E+0	1.657958E+1	5.068620E+1	3.053430E-3	-1.162175E-7	5.362630E-6	-1.700088E-6	4.366982E-6	1.000000E+0	
3.205463E+4	7.449500E+1	4.952922E+0	1.657958E+1	5.068620E+1	3.053430E-3	-6.728756E-6	5.730296E-6	5.443344E-6	3.786502E-6	1.000000E+0	
3.206363E+4	7.449800E+1	6.438798E+0	1.657958E+1	5.068620E+1	3.053430E-3	-1.530978E-5	5.335940E-6	3.554164E-6	4.327185E-6	1.000000E+0	
3.207259E+4	7.449900E+1	7.924675E+0	1.657958E+1	5.068620E+1	3.053430E-3	-2.297062E-5	3.887442E-6	1.197316E-5	5.710287E-6	1.000000E+0	
3.208517E+4	7.450100E+1	9.905843E-2	1.374412E+1	5.068620E+1	3.053430E-3	-3.925455E-9	1.989896E-8	-4.248842E-9	1.806119E-8	1.000000E+0	
3.209473E+4	7.450200E+1	2.971753E+0	1.374412E+1	5.068620E+1	3.053430E-3	-1.421402E-6	2.472541E-8	5.788640E-7	1.195360E-8	1.000000E+0	
3.210431E+4	7.450300E+1	4.952922E+0	1.374412E+1	5.068620E+1	3.053430E-3	-6.622565E-6	2.226910E-8	2.695642E-6	1.528434E-8	1.000000E+0	
3.211389E+4	7.450400E+1	6.438798E+0	1.374412E+1	5.068620E+1	3.053430E-3	-1.461865E-5	8.340584E-9	5.993094E-6	1.986027E-8	1.000000E+0	
3.212346E+4	7.450400E+1	7.924675E+0	1.374412E+1	5.068620E+1	3.053430E-3	-2.713880E-5	1.932573E-8	1.119966E-5	1.089228E-8	1.000000E+0	
3.213679E+4	7.450300E+1	9.905843E-2	1.139358E+1	5.068620E+1	3.053430E-3	-4.806207E-9	1.835918E-8	4.586502E-8	1.870593E-8	1.000000E+0	
3.214715E+4	7.450500E+1	2.971753E+0	1.139358E+1	5.068620E+1	3.053430E-3	-1.507517E-6	9.739670E-9	5.850878E-7	1.085170E-8	1.000000E+0	
3.215751E+4	7.450300E+1	4.952922E+0	1.139358E+1	5.068620E+1	3.053430E-3	-6.942385E-6	2.487409E-8	2.687061E-6	2.308021E-8	1.000000E+0	
3.216789E+4	7.450400E+1	6.438798E+0	1.139358E+1	5.068620E+1	3.053430E-3	-1.531645E-5	7.624427E-9	5.964370E-6	2.846341E-8	1.000000E+0	
3.217828E+4	7.450300E+1	7.924675E+0	1.139358E+1	5.068620E+1	3.053430E-3	-2.851729E-5	2.040542E-8	1.108294E-5	1.757265E-8	1.000000E+0	
3.219253E+4	7.450300E+1	9.905843E-2	9.445040E+0	5.068620E+1	3.053430E-3	-1.058235E-9	9.611110E-9	2.004646E-8	1.068540E-8	1.000000E+0	
3.220378E+4	7.450200E+1	2.971753E+0	9.445040E+0	5.068620E+1	3.053430E-3	-1.565815E-6	7.459149E-9	5.713992E-7	1.233755E-8	1.000000E+0	
3.221497E+4	7.450200E+1	4.952922E+0	9.445040E+0	5.068620E+1	3.053430E-3	-7.233360E-6	7.819640E-9	2.643434E-6	2.196153E-8	1.000000E+0	
3.222625E+4	7.450200E+1	6.438798E+0	9.445040E+0	5.068620E+1	3.053430E-3	-1.604456E-5	4.897469E-9	5.868760E-6	1.111828E-8	1.000000E+0	
3.223752E+4	7.450000E+1	7.924675E+0	9.445040E+0	5.068620E+1	3.053430E-3	-2.981177E-5	1.872665E-8	1.092615E-5	8.391863E-9	1.000000E+0	
3.225286E+4	7.449900E+1	9.905843E-2	7.829740E+0	5.068620E+1	3.053430E-3	4.054894E-8	6.051302E-9	2.951689E-8	1.722569E-8	1.000000E+0	
3.226519E+4	7.450000E+1	2.971753E+0	7.829740E+0	5.068620E+1	3.053430E-3	-1.574954E-6	1.444008E-8	5.517982E-7	6.621480E-9	1.000000E+0	
3.227757E+4	7.449900E+1	4.952922E+0	7.829740E+0	5.068620E+1	3.053430E-3	-7.580634E-6	3.185086E-8	2.598988E-6	4.800258E-9	1.000000E+0	
3.228997E+4	7.449900E+1	6.438798E+0	7.829740E+0	5.068620E+1	3.053430E-3	-1.675163E-5	1.619649E-8	5.791180E-6	1.338044E-9	1.000000E+0	
3.230233E+4	7.449900E+1	7.924675E+0	7.829740E+0	5.068620E+1	3.053430E-3	-3.106082E-5	1.469010E-8	1.076353E-5	1.696950E-8	1.000000E+0	
3.232093E+4	7.449900E+1	9.905843E-2	6.490680E+0	5.068620E+1	3.053430E-3	3.247913E-9	8.809960E-9	1.934676E-8	2.385769E-8	1.000000E+0	
3.233470E+4	7.449900E+1	2.971753E+0	6.490680E+0	5.068620E+1	3.053430E-3	-1.716039E-6	2.093046E-8	5.460536E-7	8.587589E-9	1.000000E+0	
3.234845E+4	7.450200E+1	4.952922E+0	6.490680E+0	5.068620E+1	3.053430E-3	-7.869224E-6	1.128591E-8	2.558264E-6	1.581424E-8	1.000000E+0	
3.236220E+4	7.450200E+1	6.438798E+0	6.490680E+0	5.068620E+1	3.053430E-3	-1.739156E-5	1.215839E-8	5.687612E-6	4.913895E-9	1.000000E+0	
3.237598E+4	7.450100E+1	7.924675E+0	6.490680E+0	5.068620E+1	3.053430E-3	-3.231626E-5	3.308761E-8	1.062998E-5	3.010135E-8	1.000000E+0	
3.239510E+4	7.450200E+1	9.905843E-2	5.380640E+0	5.068620E+1	3.053430E-3	1.464464E-8	2.718141E-8	-3.318102E-8	9.892151E-9	1.000000E+0	
3.241045E+4	7.450200E+1	2.971753E+0	5.380640E+0	5.068620E+1	3.053430E-3	-1.785538E-6	1.986971E-8	5.516599E-7	2.829161E-9	1.000000E+0	
3.242586E+4	7.450100E+1	4.952922E+0	5.380640E+0	5.068620E+1	3.053430E-3	-8.172633E-6	1.343955E-8	2.491867E-6	4.848395E-9	1.000000E+0	
3.244129E+4	7.450000E+1	6.438798E+0	5.380640E+0	5.068620E+1	3.053430E-3	-1.806357E-5	1.274007E-8	5.615821E-6	1.036960E-8	1.000000E+0	
3.245668E+4	7.449800E+1	7.924675E+0	5.380640E+0	5.068620E+1	3.053430E-3	-3.358995E-5	7.847523E-9	1.039631E-5	2.128285E-8	1.000000E+0	
3.247782E+4	7.449600E+1	9.905843E-2	4.460440E+0	5.068620E+1	3.053430E-3	-6.272463E-9	7.294906E-9	-1.688960E-8	3.433782E-9	1.000000E+0	
3.249518E+4	7.449600E+1	2.971753E+0	4.460440E+0	5.068620E+1	3.053430E-3	-1.790031E-6	4.172319E-9	5.654014E-7	3.574286E-9	1.000000E+0	
3.251257E+4	7.449500E+1	4.952922E+0	4.460440E+0	5.068620E+1	3.053430E-3	-8.469034E-6	1.287875E-8	2.440194E-6	1.054313E-8	1.000000E+0	
3.252995E+4	7.449500E+1	6.438798E+0	4.460440E+0	5.068620E+1	3.053430E-3	-1.873684E-5	9.511498E-9	5.573970E-6	3.232224E-8	1.000000E+0	
3.254731E+4	7.449400E+1	7.924675E+0	4.460440E+0	5.068620E+1	3.053430E-3	-3.480552E-5	2.040665E-8	1.025921E-5	6.250512E-9	1.000000E+0	
3.257296E+4	7.447900E+1	9.905843E-2	3.697610E+0	5.068620E+1	3.053430E-3	6.436574E-8	1.775108E-9	-9.265076E-9	3.403243E-9	1.000000E+0	
3.259274E+4	7.447200E+1	2.971753E+0	3.697610E+0	5.068620E+1	3.053430E-3	-1.887848E-6	5.580190E-9	5.303777E-7	4.192950E-9	1.000000E+0	
3.261250E+4	7.447400E+1	4.952922E+0	3.697610E+0	5.068620E+1	3.053430E-3	-8.731320E-6	8.558776E-9	2.443868E-6	1.970233E-8	1.000000E+0	
3.263223E+4	7.448000E+1	6.438798E+0	3.697610E+0	5.068620E+1	3.053430E-3	-1.923639E-5	4.392659E-8	5.395884E-6	2.360884E-8	1.000000E+0	
3.265196E+4	7.448600E+1	7.924675E+0	3.697610E+0	5.068620E+1	3.053430E-3	-3.599396E-5	3.125579E-9	1.010187E-5	6.742349E-9	1.000000E+0	
3.268092E+4	7.449300E+1	9.905843E-2	3.065240E+0	5.068620E+1	3.053430E-3	6.422292E-8	3.554229E-8	-1.244641E-8	1.820599E-8	1.000000E+0	
3.270357E+4	7.449900E+1	2.971753E+0	3.065240E+0	5.068620E+1	3.053430E-3	-1.904342E-6	1.437125E-8	5.032649E-7	1.331875E-8	1.000000E+0	
3.272625E+4	7.450000E+1	4.952922E+0	3.065240E+0	5.068620E+1	3.053430E-3	-9.014590E-6	6.905926E-10	2.387737E-6	5.450774E-9	1.000000E+0	
3.274887E+4	7.450200E+1	6.438798E+0	3.065240E+0	5.068620E+1	3.053430E-3	-2.004709E-5	1.305654E-8	5.471683E-6	3.869631E-8	1.000000E+0	
3.277152E+4	7.450200E+1	7.924675E+0	3.065240E+0	5.068620E+1	3.053430E-3	-3.716785E-5	5.631434E-9	9.888387E-6	4.718703E-8	1.000000E+0	
3.280570E+4	7.450200E+1	9.905843E-2	2.541020E+0	5.068620E+1	3.053430E-3	-3.914164E-9	6.401736E-9	-3.811625E-8	5.509486E-9	1.000000E+0	
3.283169E+4	7.450100E+1	2.971753E+0	2.541020E+0	5.068620E+1	3.053430E-3	-2.004012E-6	1.300551E-9	5.061571E-7	9.937622E-9	1.000000E+0	
3.285768E+4	7.450000E+1	4.952922E+0	2.541020E+0	5.068620E+1	3.053430E-3	-9.305839E-6	4.794660E-9	2.408073E-6	8.576635E-9	1.000000E+0	
3.288377E+4	7.450100E+1	6.438798E+0	2.541020E+0	5.068620E+1	3.053430E-3	-2.072637E-5	5.962493E-9	5.282167E-6	4.961865E-9	1.000000E+0	
3.290981E+4	7.450300E+1	7.924675E+0	2.541020E+0	5.068620E+1	3.053430E-3	-3.831610E-5	1.858118E-9	9.877048E-6	5.366038E-10	1.000000E+0	
3.294934E+4	7.450300E+1	9.905843E-2	2.106450E+0	5.068620E+1	3.053430E-3	1.181709E-8	8.772647E-9	3.446346E-8	9.048043E-9	1.000000E+0	
3.297957E+4	7.450300E+1	2.971753E+0	2.106450E+0	5.068620E+1	3.053430E-3	-2.123684E-6	2.284813E-8	5.105766E-7	3.695878E-9	1.000000E+0	
3.300975E+4	7.450200E+1	4.952922E+0	2.106450E+0	5.068620E+1	3.053430E-3	-9.597198E-6	3.067351E-9	2.353374E-6	6.090582E-9	1.000000E+0	
3.303998E+4	7.450200E+1	6.438798E+0	2.106450E+0	5.068620E+1	3.053430E-3	-2.120987E-5	6.393953E-9	5.259584E-6	1.324505E-8	1.000000E+0	
3.307020E+4	7.450000E+1	7.924675E+0	2.106450E+0	5.068620E+1	3.053430E-3	-3.945019E-5	6.697050E-9	9.748435E-6	6.993062E-9	1.000000E+0	
3.311681E+4	7.450400E+1	9.905843E-2	1.746200E+0	5.068620E+1	3.053430E-3	2.019897E-8	2.839717E-9	5.128501E-10	2.501013E-9	1.000000E+0	
3.315201E+4	7.450800E+1	2.971753E+0	1.746200E+0	5.068620E+1	3.053430E-3	-2.109794E-6	4.406736E-9	4.842880E-7	1.772177E-9	1.000000E+0	
3.318731E+4	7.450500E+1	4.952922E+0	1.746200E+0	5.068620E+1	3.053430E-3	-9.871109E-6	3.964653E-9	2.350166E-6	5.096375E-9	1.000000E+0	
3.322262E+4	7.449800E+1	6.438798E+0	1.746200E+0	5.068620E+1	3.053430E-3	-2.191916E-5	3.239467E-8	5.108679E-6	2.323490E-8	1.000000E+0	
3.325796E+4	7.449700E+1	7.924675E+0	1.746200E+0	5.068620E+1	3.053430E-3	-4.061444E-5	5.482250E-9	9.549439E-6	1.333838E-8	1.000000E+0	
3.331316E+4	7.450600E+1	9.905843E-2	1.447560E+0	5.068620E+1	3.053430E-3	-2.803872E-8	4.030230E-9	3.107089E-9	1.028834E-9	1.000000E+0	
3.335457E+4	7.450700E+1	2.971753E+0	1.447560E+0	5.068620E+1	3.053430E-3	-2.191232E-6	7.977646E-9	5.078037E-7	6.167187E-9	1.000000E+0	
3.339595E+4	7.450400E+1	4.952922E+0	1.447560E+0	5.068620E+1	3.053430E-3	-1.015711E-5	9.810360E-9	2.018836E-6	1.468103E-8	1.000000E+0	
3.343738E+4	7.450100E+1	6.438798E+0	1.447560E+0	5.068620E+1	3.053430E-3	-2.246463E-5	1.439242E-10	5.101977E-6	3.500915E-9	1.000000E+0	
3.347881E+4	7.449600E+1	7.924675E+0	1.447560E+0	5.068620E+1	3.053430E-3	-4.169026E-5	3.238206E-9	9.408815E-6	3.452305E-9	1.000000E+0	
3.354155E+4	7.449500E+1	9.905843E-2	1.200000E+0	5.068620E+1	3.053430E-3	1.428005E-8	3.673579E-9	3.863806E-8	2.413007E-9	1.000000E+0	
3.359025E+4	7.449900E+1	2.971753E+0	1.200000E+0	5.068620E+1	3.053430E-3	-2.177730E-6	1.590885E-9	4.140429E-7	5.168734E-9	1.000000E+0	
3.363899E+4	7.450100E+1	4.952922E+0	1.200000E+0	5.068620E+1	3.053430E-3	-1.085998E-5	3.513574E-8	2.233229E-6	2.473674E-9	1.000000E+0	
3.368768E+4	7.450300E+1	6.438798E+0	1.200000E+0	5.068620E+1	3.053430E-3	-2.296157E-5	9.450993E-9	4.760930E-6	1.212394E-8	1.000000E+0	
3.373637E+4	7.449900E+1	7.924675E+0	1.200000E+0	5.068620E+1	3.053430E-3	-4.263981E-5	1.266156E-9	9.104861E-6	8.118420E-9	1.000000E+0	
--- > K and esd K (estimated based on user TCR) : -4.194024E+0	-3.031517E-2	

*** Temperature stable /K : 7.950000000E+1
--- > R0 : 5.122621E+1	5.122907E+1	5.123061E+1	5.122671E+1	5.122226E+1	5.122586E+1	5.122795E+1	5.123161E+1	5.122915E+1	5.122824E+1	5.122493E+1	5.122622E+1	
time /sec  	temp /K    	current /mA	freq /Hz   	R0 /Ohms   	esd R0     	V3X /V_rms 	esd V3X    	V3Y /V_rms 	esd V3Y    	Data_Valid?
3.396843E+4	7.948500E+1	9.905820E-2	2.000000E+1	5.122740E+1	2.578137E-3	-3.128233E-8	3.869932E-8	-1.753549E-9	1.494417E-8	1.000000E+0	
3.397685E+4	7.948100E+1	2.971746E+0	2.000000E+1	5.122740E+1	2.578137E-3	-1.242915E-6	2.543474E-8	5.816570E-7	1.329504E-8	1.000000E+0	
3.398525E+4	7.948000E+1	4.952910E+0	2.000000E+1	5.122740E+1	2.578137E-3	-5.789612E-6	2.682714E-8	2.722251E-6	1.697873E-8	1.000000E+0	
3.399367E+4	7.947900E+1	6.438783E+0	2.000000E+1	5.122740E+1	2.578137E-3	-1.277457E-5	2.386576E-8	6.025875E-6	2.481764E-8	1.000000E+0	
3.400209E+4	7.948200E+1	7.924656E+0	2.000000E+1	5.122740E+1	2.578137E-3	-2.377028E-5	8.585018E-9	1.125374E-5	2.146690E-8	1.000000E+0	
3.401407E+4	7.948200E+1	9.905820E-2	1.657958E+1	5.122740E+1	2.578137E-3	1.506805E-7	5.974270E-6	-3.639472E-6	3.324059E-6	1.000000E+0	
3.402302E+4	7.948400E+1	2.971746E+0	1.657958E+1	5.122740E+1	2.578137E-3	1.900350E-6	3.934510E-6	-1.144770E-6	5.481314E-6	1.000000E+0	
3.403202E+4	7.948600E+1	4.952910E+0	1.657958E+1	5.122740E+1	2.578137E-3	-3.933697E-6	5.027271E-6	5.403931E-6	4.542964E-6	1.000000E+0	
3.404100E+4	7.948800E+1	6.438783E+0	1.657958E+1	5.122740E+1	2.578137E-3	-1.552914E-5	5.213109E-6	8.849694E-6	4.378152E-6	1.000000E+0	
3.404997E+4	7.949000E+1	7.924656E+0	1.657958E+1	5.122740E+1	2.578137E-3	-2.831328E-5	3.884782E-6	1.006913E-5	5.648246E-6	1.000000E+0	
3.406254E+4	7.949400E+1	9.905820E-2	1.374412E+1	5.122740E+1	2.578137E-3	2.256699E-9	2.698405E-8	-4.227317E-9	1.817032E-8	1.000000E+0	
3.407207E+4	7.949400E+1	2.971746E+0	1.374412E+1	5.122740E+1	2.578137E-3	-1.366696E-6	3.693579E-8	5.826120E-7	1.878477E-8	1.000000E+0	
3.408164E+4	7.949700E+1	4.952910E+0	1.374412E+1	5.122740E+1	2.578137E-3	-6.470544E-6	1.358409E-8	2.699460E-6	1.268609E-8	1.000000E+0	
3.409119E+4	7.949800E+1	6.438783E+0	1.374412E+1	5.122740E+1	2.578137E-3	-1.426638E-5	3.035047E-8	5.979230E-6	1.552042E-8	1.000000E+0	
3.410075E+4	7.949900E+1	7.924656E+0	1.374412E+1	5.122740E+1	2.578137E-3	-2.649880E-5	1.663535E-8	1.113725E-5	1.998544E-8	1.000000E+0	
3.411408E+4	7.949900E+1	9.905820E-2	1.139358E+1	5.122740E+1	2.578137E-3	-2.410881E-8	1.862518E-8	-4.954402E-8	7.480028E-9	1.000000E+0	
3.412445E+4	7.949700E+1	2.971746E+0	1.139358E+1	5.122740E+1	2.578137E-3	-1.445557E-6	2.396892E-8	5.616378E-7	2.667600E-8	1.000000E+0	
3.413480E+4	7.949900E+1	4.952910E+0	1.139358E+1	5.122740E+1	2.578137E-3	-6.742522E-6	1.716231E-8	2.664797E-6	9.349595E-9	1.000000E+0	
3.414517E+4	7.950000E+1	6.438783E+0	1.139358E+1	5.122740E+1	2.578137E-3	-1.499101E-5	1.872525E-8	5.948531E-6	1.048044E-8	1.000000E+0	
3.415555E+4	7.950000E+1	7.924656E+0	1.139358E+1	5.122740E+1	2.578137E-3	-2.782931E-5	1.754868E-8	1.104069E-5	1.284578E-8	1.000000E+0	
3.416981E+4	7.950100E+1	9.905820E-2	9.445040E+0	5.122740E+1	2.578137E-3	3.737933E-8	1.598188E-8	-2.540184E-8	2.161865E-8	1.000000E+0	
3.418102E+4	7.950200E+1	2.971746E+0	9.445040E+0	5.122740E+1	2.578137E-3	-1.499740E-6	1.841310E-8	5.484055E-7	1.358650E-8	1.000000E+0	
3.419227E+4	7.950200E+1	4.952910E+0	9.445040E+0	5.122740E+1	2.578137E-3	-7.124489E-6	1.521362E-8	2.622129E-6	9.464506E-9	1.000000E+0	
3.420355E+4	7.950200E+1	6.438783E+0	9.445040E+0	5.122740E+1	2.578137E-3	-1.571623E-5	3.555535E-9	5.824610E-6	1.101916E-8	1.000000E+0	
3.421489E+4	7.950200E+1	7.924656E+0	9.445040E+0	5.122740E+1	2.578137E-3	-2.915775E-5	2.394754E-8	1.091650E-5	9.823543E-9	1.000000E+0	
3.423017E+4	7.950100E+1	9.905820E-2	7.829740E+0	5.122740E+1	2.578137E-3	-1.905831E-8	2.498261E-8	2.579346E-8	1.830174E-8	1.000000E+0	
3.424249E+4	7.950100E+1	2.971746E+0	7.829740E+0	5.122740E+1	2.578137E-3	-1.589290E-6	2.924254E-9	5.407177E-7	3.274002E-9	1.000000E+0	
3.425489E+4	7.950000E+1	4.952910E+0	7.829740E+0	5.122740E+1	2.578137E-3	-7.384664E-6	4.462667E-9	2.613311E-6	3.312191E-9	1.000000E+0	
3.426729E+4	7.949900E+1	6.438783E+0	7.829740E+0	5.122740E+1	2.578137E-3	-1.640222E-5	2.559071E-8	5.763085E-6	7.210493E-9	1.000000E+0	
3.427971E+4	7.949900E+1	7.924656E+0	7.829740E+0	5.122740E+1	2.578137E-3	-3.036173E-5	2.334805E-8	1.068264E-5	1.547121E-8	1.000000E+0	
3.429706E+4	7.949800E+1	9.905820E-2	6.490680E+0	5.122740E+1	2.578137E-3	3.334363E-8	2.651694E-8	6.003626E-9	1.439048E-8	1.000000E+0	
3.431079E+4	7.949800E+1	2.971746E+0	6.490680E+0	5.122740E+1	2.578137E-3	-1.675272E-6	9.651187E-9	5.257374E-7	9.537425E-9	1.000000E+0	
3.432453E+4	7.949900E+1	4.952910E+0	6.490680E+0	5.122740E+1	2.578137E-3	-7.688842E-6	9.134340E-9	2.569048E-6	6.587119E-9	1.000000E+0	
3.433827E+4	7.949800E+1	6.438783E+0	6.490680E+0	5.122740E+1	2.578137E-3	-1.702273E-5	3.315279E-9	5.705957E-6	1.138302E-8	1.000000E+0	
3.435203E+4	7.949900E+1	7.924656E+0	6.490680E+0	5.122740E+1	2.578137E-3	-3.172453E-5	2.871643E-8	1.060549E-5	1.060959E-8	1.000000E+0	
3.437095E+4	7.950000E+1	9.905820E-2	5.380640E+0	5.122740E+1	2.578137E-3	1.198796E-8	9.293095E-9	-2.371300E-8	1.054343E-8	1.000000E+0	
3.438641E+4	7.949900E+1	2.971746E+0	5.380640E+0	5.122740E+1	2.578137E-3	-1.682460E-6	1.334415E-9	5.382042E-7	6.852742E-9	1.000000E+0	
3.440180E+4	7.949900E+1	4.952910E+0	5.380640E+0	5.122740E+1	2.578137E-3	-8.005165E-6	1.421309E-8	2.523338E-6	1.374942E-8	1.000000E+0	
3.441726E+4	7.949900E+1	6.438783E+0	5.380640E+0	5.122740E+1	2.578137E-3	-1.767620E-5	1.892049E-8	5.613855E-6	7.187849E-9	1.000000E+0	
3.443269E+4	7.950000E+1	7.924656E+0	5.380640E+0	5.122740E+1	2.578137E-3	-3.289038E-5	4.238643E-9	1.037815E-5	9.382973E-9	1.000000E+0	
3.445373E+4	7.950100E+1	9.905820E-2	4.460440E+0	5.122740E+1	2.578137E-3	6.225905E-8	2.494247E-8	-9.107433E-8	3.586620E-8	1.000000E+0	
3.447109E+4	7.950200E+1	2.971746E+0	4.460440E+0	5.122740E+1	2.578137E-3	-1.779170E-6	3.040725E-9	5.417459E-7	1.385813E-8	1.000000E+0	
3.448845E+4	7.950100E+1	4.952910E+0	4.460440E+0	5.122740E+1	2.578137E-3	-8.292453E-6	3.186219E-8	2.457671E-6	2.167806E-8	1.000000E+0	
3.450579E+4	7.950200E+1	6.438783E+0	4.460440E+0	5.122740E+1	2.578137E-3	-1.839267E-5	1.095603E-8	5.569889E-6	2.254571E-8	1.000000E+0	
3.452317E+4	7.950100E+1	7.924656E+0	4.460440E+0	5.122740E+1	2.578137E-3	-3.412024E-5	1.111313E-8	1.025801E-5	1.359944E-8	1.000000E+0	
3.454927E+4	7.950000E+1	9.905820E-2	3.697610E+0	5.122740E+1	2.578137E-3	-1.646424E-8	4.001378E-9	7.432788E-10	1.848975E-8	1.000000E+0	
3.456900E+4	7.949800E+1	2.971746E+0	3.697610E+0	5.122740E+1	2.578137E-3	-1.806894E-6	3.888939E-9	4.985937E-7	7.486093E-9	1.000000E+0	
3.458877E+4	7.949900E+1	4.952910E+0	3.697610E+0	5.122740E+1	2.578137E-3	-8.551667E-6	7.528833E-9	2.459115E-6	1.896131E-9	1.000000E+0	
3.460850E+4	7.949800E+1	6.438783E+0	3.697610E+0	5.122740E+1	2.578137E-3	-1.897497E-5	3.782284E-9	5.425891E-6	1.916171E-9	1.000000E+0	
3.462828E+4	7.949900E+1	7.924656E+0	3.697610E+0	5.122740E+1	2.578137E-3	-3.530043E-5	3.234470E-9	1.010430E-5	9.043418E-9	1.000000E+0	
3.465764E+4	7.950000E+1	9.905820E-2	3.065240E+0	5.122740E+1	2.578137E-3	-1.204475E-8	5.133363E-9	-2.156391E-8	5.414313E-9	1.000000E+0	
3.468030E+4	7.950100E+1	2.971746E+0	3.065240E+0	5.122740E+1	2.578137E-3	-1.909869E-6	3.654923E-9	5.581172E-7	3.576653E-9	1.000000E+0	
3.470294E+4	7.950000E+1	4.952910E+0	3.065240E+0	5.122740E+1	2.578137E-3	-8.844848E-6	4.227714E-9	2.414732E-6	3.432653E-9	1.000000E+0	
3.472558E+4	7.950000E+1	6.438783E+0	3.065240E+0	5.122740E+1	2.578137E-3	-1.963888E-5	1.087854E-8	5.406138E-6	2.994103E-8	1.000000E+0	
3.474821E+4	7.949900E+1	7.924656E+0	3.065240E+0	5.122740E+1	2.578137E-3	-3.644516E-5	2.115375E-9	1.000685E-5	5.636924E-9	1.000000E+0	
3.478206E+4	7.949900E+1	9.905820E-2	2.541020E+0	5.122740E+1	2.578137E-3	-3.836311E-8	1.798459E-8	-3.609215E-8	3.582444E-8	1.000000E+0	
3.480799E+4	7.950000E+1	2.971746E+0	2.541020E+0	5.122740E+1	2.578137E-3	-1.980902E-6	1.927228E-9	4.779309E-7	2.370422E-9	1.000000E+0	
3.483407E+4	7.950000E+1	4.952910E+0	2.541020E+0	5.122740E+1	2.578137E-3	-9.101940E-6	1.099780E-8	2.383472E-6	4.435351E-9	1.000000E+0	
3.486013E+4	7.949900E+1	6.438783E+0	2.541020E+0	5.122740E+1	2.578137E-3	-2.029182E-5	9.599038E-9	5.107389E-6	1.739214E-8	1.000000E+0	
3.488621E+4	7.949900E+1	7.924656E+0	2.541020E+0	5.122740E+1	2.578137E-3	-3.765642E-5	7.548384E-9	9.829724E-6	2.410566E-9	1.000000E+0	
3.492584E+4	7.950000E+1	9.905820E-2	2.106450E+0	5.122740E+1	2.578137E-3	1.515347E-8	3.236058E-9	-2.243001E-8	3.852457E-9	1.000000E+0	
3.495604E+4	7.950200E+1	2.971746E+0	2.106450E+0	5.122740E+1	2.578137E-3	-2.028357E-6	5.813860E-9	5.314826E-7	1.133782E-8	1.000000E+0	
3.498630E+4	7.950100E+1	4.952910E+0	2.106450E+0	5.122740E+1	2.578137E-3	-9.540949E-6	1.796078E-8	2.428277E-6	8.853000E-9	1.000000E+0	
3.501653E+4	7.950000E+1	6.438783E+0	2.106450E+0	5.122740E+1	2.578137E-3	-2.087575E-5	3.593407E-9	5.265247E-6	1.844999E-9	1.000000E+0	
3.504678E+4	7.950100E+1	7.924656E+0	2.106450E+0	5.122740E+1	2.578137E-3	-3.878175E-5	2.223667E-9	9.750506E-6	1.307753E-8	1.000000E+0	
3.509329E+4	7.949900E+1	9.905820E-2	1.746200E+0	5.122740E+1	2.578137E-3	-6.849678E-9	5.689822E-9	-7.425008E-10	1.142088E-9	1.000000E+0	
3.512861E+4	7.949700E+1	2.971746E+0	1.746200E+0	5.122740E+1	2.578137E-3	-2.092251E-6	2.636511E-9	5.106516E-7	5.080266E-9	1.000000E+0	
3.516389E+4	7.949800E+1	4.952910E+0	1.746200E+0	5.122740E+1	2.578137E-3	-9.609917E-6	1.021091E-8	2.412925E-6	1.409965E-8	1.000000E+0	
3.519916E+4	7.949800E+1	6.438783E+0	1.746200E+0	5.122740E+1	2.578137E-3	-2.144777E-5	2.919940E-9	5.168865E-6	2.838648E-9	1.000000E+0	
3.523443E+4	7.949900E+1	7.924656E+0	1.746200E+0	5.122740E+1	2.578137E-3	-3.991637E-5	5.462442E-9	9.620383E-6	2.498904E-9	1.000000E+0	
3.529008E+4	7.950000E+1	9.905820E-2	1.447560E+0	5.122740E+1	2.578137E-3	-3.794717E-8	2.576889E-9	-1.701353E-8	5.024999E-9	1.000000E+0	
3.533141E+4	7.949700E+1	2.971746E+0	1.447560E+0	5.122740E+1	2.578137E-3	-2.083646E-6	1.152391E-9	3.527139E-7	2.477096E-9	1.000000E+0	
3.537279E+4	7.949900E+1	4.952910E+0	1.447560E+0	5.122740E+1	2.578137E-3	-1.004202E-5	4.327894E-9	2.281010E-6	6.429064E-9	1.000000E+0	
3.541420E+4	7.949900E+1	6.438783E+0	1.447560E+0	5.122740E+1	2.578137E-3	-2.205744E-5	7.316932E-9	5.089064E-6	2.292644E-9	1.000000E+0	
3.545560E+4	7.949500E+1	7.924656E+0	1.447560E+0	5.122740E+1	2.578137E-3	-4.102081E-5	3.352952E-9	9.450610E-6	3.910280E-9	1.000000E+0	
3.551850E+4	7.949900E+1	9.905820E-2	1.200000E+0	5.122740E+1	2.578137E-3	1.131463E-8	5.470139E-9	-2.685857E-8	2.402595E-9	1.000000E+0	
3.556716E+4	7.950800E+1	2.971746E+0	1.200000E+0	5.122740E+1	2.578137E-3	-2.162782E-6	4.029040E-9	4.049516E-7	4.782491E-9	1.000000E+0	
3.561582E+4	7.949600E+1	4.952910E+0	1.200000E+0	5.122740E+1	2.578137E-3	-1.020127E-5	9.407877E-9	2.126322E-6	1.421803E-9	1.000000E+0	
3.566449E+4	7.949500E+1	6.438783E+0	1.200000E+0	5.122740E+1	2.578137E-3	-2.230869E-5	2.487586E-8	5.045791E-6	1.720037E-8	1.000000E+0	
3.571324E+4	7.949400E+1	7.924656E+0	1.200000E+0	5.122740E+1	2.578137E-3	-4.192449E-5	2.409146E-8	9.524668E-6	8.075620E-8	1.000000E+0	
--- > K and esd K (estimated based on user TCR) : -4.362584E+0	-2.374833E-2	

*** Temperature stable /K : 8.449400000E+1
--- > R0 : 5.176470E+1	5.176353E+1	5.176260E+1	5.176120E+1	5.176138E+1	5.176081E+1	5.176436E+1	5.176644E+1	5.176308E+1	5.175932E+1	5.176147E+1	5.176367E+1	
time /sec  	temp /K    	current /mA	freq /Hz   	R0 /Ohms   	esd R0     	V3X /V_rms 	esd V3X    	V3Y /V_rms 	esd V3Y    	Data_Valid?
3.594914E+4	8.447700E+1	9.905795E-2	2.000000E+1	5.176271E+1	1.978114E-3	-4.956367E-9	2.188831E-8	2.505550E-8	1.956838E-8	1.000000E+0	
3.595756E+4	8.447300E+1	2.971739E+0	2.000000E+1	5.176271E+1	1.978114E-3	-1.196125E-6	1.601314E-8	5.951907E-7	1.604498E-8	1.000000E+0	
3.596600E+4	8.447100E+1	4.952898E+0	2.000000E+1	5.176271E+1	1.978114E-3	-5.627829E-6	9.516627E-9	2.717048E-6	1.871399E-8	1.000000E+0	
3.597442E+4	8.447100E+1	6.438767E+0	2.000000E+1	5.176271E+1	1.978114E-3	-1.246103E-5	9.515200E-9	6.009088E-6	1.402670E-8	1.000000E+0	
3.598280E+4	8.447200E+1	7.924636E+0	2.000000E+1	5.176271E+1	1.978114E-3	-2.309600E-5	2.968015E-8	1.117859E-5	1.956583E-8	1.000000E+0	
3.599474E+4	8.447400E+1	9.905795E-2	1.657958E+1	5.176271E+1	1.978114E-3	-1.844272E-6	5.021175E-6	2.005297E-6	4.678503E-6	1.000000E+0	
3.600373E+4	8.447600E+1	2.971739E+0	1.657958E+1	5.176271E+1	1.978114E-3	-6.648043E-7	5.697633E-6	-2.185285E-6	3.821302E-6	1.000000E+0	
3.601272E+4	8.448000E+1	4.952898E+0	1.657958E+1	5.176271E+1	1.978114E-3	-5.005400E-6	5.535104E-6	5.233391E-6	4.092888E-6	1.000000E+0	
3.602166E+4	8.448300E+1	6.438767E+0	1.657958E+1	5.176271E+1	1.978114E-3	-1.517237E-5	4.834221E-6	3.996757E-6	4.841206E-6	1.000000E+0	
3.603063E+4	8.448500E+1	7.924636E+0	1.657958E+1	5.176271E+1	1.978114E-3	-2.201782E-5	4.267594E-6	1.235600E-5	5.372989E-6	1.000000E+0	
3.604314E+4	8.448700E+1	9.905795E-2	1.374412E+1	5.176271E+1	1.978114E-3	-6.149512E-9	1.177251E-8	1.657473E-8	2.454254E-8	1.000000E+0	
3.605270E+4	8.449000E+1	2.971739E+0	1.374412E+1	5.176271E+1	1.978114E-3	-1.334600E-6	9.995967E-9	5.661480E-7	1.603100E-8	1.000000E+0	
3.606221E+4	8.448900E+1	4.952898E+0	1.374412E+1	5.176271E+1	1.978114E-3	-6.278412E-6	1.138891E-8	2.676512E-6	1.008047E-8	1.000000E+0	
3.607182E+4	8.449000E+1	6.438767E+0	1.374412E+1	5.176271E+1	1.978114E-3	-1.387774E-5	1.695657E-8	5.937289E-6	1.890975E-8	1.000000E+0	
3.608135E+4	8.449100E+1	7.924636E+0	1.374412E+1	5.176271E+1	1.978114E-3	-2.581910E-5	1.076169E-8	1.105333E-5	6.656216E-9	1.000000E+0	
3.609476E+4	8.449000E+1	9.905795E-2	1.139358E+1	5.176271E+1	1.978114E-3	-2.578000E-8	1.267263E-8	-9.889589E-9	1.479977E-8	1.000000E+0	
3.610509E+4	8.449200E+1	2.971739E+0	1.139358E+1	5.176271E+1	1.978114E-3	-1.429064E-6	8.369403E-9	5.610868E-7	1.463377E-8	1.000000E+0	
3.611543E+4	8.449400E+1	4.952898E+0	1.139358E+1	5.176271E+1	1.978114E-3	-6.610147E-6	2.310730E-8	2.637060E-6	2.586383E-8	1.000000E+0	
3.612578E+4	8.449500E+1	6.438767E+0	1.139358E+1	5.176271E+1	1.978114E-3	-1.457762E-5	1.664851E-8	5.876125E-6	9.769750E-9	1.000000E+0	
3.613612E+4	8.449800E+1	7.924636E+0	1.139358E+1	5.176271E+1	1.978114E-3	-2.713650E-5	6.843540E-8	1.098742E-5	2.290932E-8	1.000000E+0	
3.615035E+4	8.450300E+1	9.905795E-2	9.445040E+0	5.176271E+1	1.978114E-3	3.386912E-10	1.612781E-8	-6.728100E-9	4.996379E-9	1.000000E+0	
3.616163E+4	8.450400E+1	2.971739E+0	9.445040E+0	5.176271E+1	1.978114E-3	-1.499082E-6	1.028556E-8	5.831320E-7	1.619630E-8	1.000000E+0	
3.617284E+4	8.450400E+1	4.952898E+0	9.445040E+0	5.176271E+1	1.978114E-3	-6.908103E-6	1.735166E-8	2.613696E-6	1.192784E-8	1.000000E+0	
3.618407E+4	8.450400E+1	6.438767E+0	9.445040E+0	5.176271E+1	1.978114E-3	-1.531777E-5	1.716638E-8	5.837867E-6	1.955226E-8	1.000000E+0	
3.619537E+4	8.450400E+1	7.924636E+0	9.445040E+0	5.176271E+1	1.978114E-3	-2.846285E-5	6.887404E-9	1.083068E-5	1.222312E-8	1.000000E+0	
3.621071E+4	8.450400E+1	9.905795E-2	7.829740E+0	5.176271E+1	1.978114E-3	1.649761E-8	1.187205E-8	-1.428937E-8	1.138937E-8	1.000000E+0	
3.622305E+4	8.450300E+1	2.971739E+0	7.829740E+0	5.176271E+1	1.978114E-3	-1.525389E-6	2.295963E-9	5.536529E-7	2.319767E-8	1.000000E+0	
3.623542E+4	8.450200E+1	4.952898E+0	7.829740E+0	5.176271E+1	1.978114E-3	-7.222213E-6	1.903941E-8	2.558962E-6	6.065298E-9	1.000000E+0	
3.624784E+4	8.450000E+1	6.438767E+0	7.829740E+0	5.176271E+1	1.978114E-3	-1.597966E-5	1.005148E-8	5.743480E-6	1.236153E-8	1.000000E+0	
3.626020E+4	8.450000E+1	7.924636E+0	7.829740E+0	5.176271E+1	1.978114E-3	-2.971584E-5	4.516997E-9	1.067098E-5	1.971581E-8	1.000000E+0	
3.627754E+4	8.449800E+1	9.905795E-2	6.490680E+0	5.176271E+1	1.978114E-3	2.495152E-8	8.023817E-9	1.801425E-8	2.093545E-9	1.000000E+0	
3.629123E+4	8.449700E+1	2.971739E+0	6.490680E+0	5.176271E+1	1.978114E-3	-1.639231E-6	6.017906E-9	5.314889E-7	1.110950E-8	1.000000E+0	
3.630499E+4	8.449700E+1	4.952898E+0	6.490680E+0	5.176271E+1	1.978114E-3	-7.522166E-6	3.106163E-9	2.573239E-6	1.044506E-8	1.000000E+0	
3.631871E+4	8.449700E+1	6.438767E+0	6.490680E+0	5.176271E+1	1.978114E-3	-1.666920E-5	8.629113E-9	5.683753E-6	6.848754E-9	1.000000E+0	
3.633244E+4	8.449800E+1	7.924636E+0	6.490680E+0	5.176271E+1	1.978114E-3	-3.096728E-5	6.917482E-9	1.053736E-5	1.189559E-8	1.000000E+0	
3.635147E+4	8.450100E+1	9.905795E-2	5.380640E+0	5.176271E+1	1.978114E-3	1.070493E-8	4.180517E-9	-3.336467E-9	7.572453E-9	1.000000E+0	
3.636686E+4	8.450400E+1	2.971739E+0	5.380640E+0	5.176271E+1	1.978114E-3	-1.800979E-6	2.078085E-8	5.807227E-7	1.619298E-8	1.000000E+0	
3.638225E+4	8.450600E+1	4.952898E+0	5.380640E+0	5.176271E+1	1.978114E-3	-7.805995E-6	1.259050E-8	2.524909E-6	2.468535E-9	1.000000E+0	
3.639765E+4	8.450600E+1	6.438767E+0	5.380640E+0	5.176271E+1	1.978114E-3	-1.730437E-5	1.223870E-8	5.557834E-6	6.423810E-9	1.000000E+0	
3.641305E+4	8.450700E+1	7.924636E+0	5.380640E+0	5.176271E+1	1.978114E-3	-3.220624E-5	3.971068E-9	1.037127E-5	9.371925E-9	1.000000E+0	
3.643403E+4	8.450800E+1	9.905795E-2	4.460440E+0	5.176271E+1	1.978114E-3	2.042331E-8	1.514442E-8	2.863563E-8	2.000443E-8	1.000000E+0	
3.645133E+4	8.450600E+1	2.971739E+0	4.460440E+0	5.176271E+1	1.978114E-3	-1.743368E-6	1.235260E-8	5.316684E-7	1.233753E-8	1.000000E+0	
3.646869E+4	8.450500E+1	4.952898E+0	4.460440E+0	5.176271E+1	1.978114E-3	-8.081932E-6	2.200250E-9	2.468267E-6	9.374486E-9	1.000000E+0	
3.648605E+4	8.450400E+1	6.438767E+0	4.460440E+0	5.176271E+1	1.978114E-3	-1.792917E-5	2.035216E-8	5.486115E-6	9.458232E-9	1.000000E+0	
3.650345E+4	8.450500E+1	7.924636E+0	4.460440E+0	5.176271E+1	1.978114E-3	-3.337094E-5	3.314987E-8	1.018660E-5	1.699063E-8	1.000000E+0	
3.652966E+4	8.450600E+1	9.905795E-2	3.697610E+0	5.176271E+1	1.978114E-3	1.294215E-8	7.636856E-9	1.825156E-9	1.316657E-8	1.000000E+0	
3.654943E+4	8.450600E+1	2.971739E+0	3.697610E+0	5.176271E+1	1.978114E-3	-1.642304E-6	2.140590E-8	5.969022E-7	1.846256E-8	1.000000E+0	
3.656918E+4	8.450400E+1	4.952898E+0	3.697610E+0	5.176271E+1	1.978114E-3	-8.546855E-6	4.209481E-8	2.380203E-6	2.000456E-8	1.000000E+0	
3.658893E+4	8.450000E+1	6.438767E+0	3.697610E+0	5.176271E+1	1.978114E-3	-1.858387E-5	6.635780E-9	5.440626E-6	2.206567E-9	1.000000E+0	
3.660863E+4	8.449500E+1	7.924636E+0	3.697610E+0	5.176271E+1	1.978114E-3	-3.456665E-5	4.277796E-10	1.009016E-5	1.322595E-9	1.000000E+0	
3.663798E+4	8.448900E+1	9.905795E-2	3.065240E+0	5.176271E+1	1.978114E-3	1.242692E-7	3.569329E-8	-1.676829E-7	3.775491E-8	1.000000E+0	
3.666058E+4	8.449100E+1	2.971739E+0	3.065240E+0	5.176271E+1	1.978114E-3	-1.851830E-6	3.780238E-9	5.404502E-7	4.300507E-9	1.000000E+0	
3.668323E+4	8.449500E+1	4.952898E+0	3.065240E+0	5.176271E+1	1.978114E-3	-8.597433E-6	2.238113E-8	2.437600E-6	2.028200E-8	1.000000E+0	
3.670587E+4	8.449800E+1	6.438767E+0	3.065240E+0	5.176271E+1	1.978114E-3	-1.925590E-5	4.884431E-9	5.336459E-6	9.334142E-10	1.000000E+0	
3.672849E+4	8.450300E+1	7.924636E+0	3.065240E+0	5.176271E+1	1.978114E-3	-3.576202E-5	5.791276E-10	9.981974E-6	4.056402E-9	1.000000E+0	
3.676236E+4	8.450600E+1	9.905795E-2	2.541020E+0	5.176271E+1	1.978114E-3	3.586116E-8	1.304835E-8	-1.009638E-7	1.389263E-8	1.000000E+0	
3.678840E+4	8.450600E+1	2.971739E+0	2.541020E+0	5.176271E+1	1.978114E-3	-1.916944E-6	3.872501E-9	4.725555E-7	3.122640E-8	1.000000E+0	
3.681446E+4	8.450600E+1	4.952898E+0	2.541020E+0	5.176271E+1	1.978114E-3	-8.949716E-6	1.101128E-8	2.465234E-6	1.668190E-8	1.000000E+0	
3.684053E+4	8.450500E+1	6.438767E+0	2.541020E+0	5.176271E+1	1.978114E-3	-1.983743E-5	2.237577E-9	5.315207E-6	1.248876E-8	1.000000E+0	
3.686654E+4	8.450400E+1	7.924636E+0	2.541020E+0	5.176271E+1	1.978114E-3	-3.679253E-5	3.079918E-8	9.899748E-6	3.357153E-8	1.000000E+0	
3.690609E+4	8.450100E+1	9.905795E-2	2.106450E+0	5.176271E+1	1.978114E-3	-2.908931E-8	5.641458E-9	4.878348E-8	1.213351E-8	1.000000E+0	
3.693634E+4	8.450000E+1	2.971739E+0	2.106450E+0	5.176271E+1	1.978114E-3	-2.215313E-6	1.964782E-8	2.700888E-7	1.339769E-8	1.000000E+0	
3.696658E+4	8.450100E+1	4.952898E+0	2.106450E+0	5.176271E+1	1.978114E-3	-9.240555E-6	2.683999E-9	2.342294E-6	7.503786E-9	1.000000E+0	
3.699682E+4	8.450300E+1	6.438767E+0	2.106450E+0	5.176271E+1	1.978114E-3	-2.042359E-5	1.359066E-8	5.223655E-6	4.965608E-9	1.000000E+0	
3.702711E+4	8.450200E+1	7.924636E+0	2.106450E+0	5.176271E+1	1.978114E-3	-3.801723E-5	2.311412E-9	9.654193E-6	3.366985E-9	1.000000E+0	
3.707380E+4	8.450000E+1	9.905795E-2	1.746200E+0	5.176271E+1	1.978114E-3	-4.747491E-8	1.065753E-8	1.287176E-7	2.580931E-8	1.000000E+0	
3.710902E+4	8.449900E+1	2.971739E+0	1.746200E+0	5.176271E+1	1.978114E-3	-1.999404E-6	7.323871E-8	5.078012E-7	4.010307E-9	1.000000E+0	
3.714430E+4	8.449900E+1	4.952898E+0	1.746200E+0	5.176271E+1	1.978114E-3	-9.529511E-6	7.680660E-9	2.260128E-6	6.845976E-9	1.000000E+0	
3.717956E+4	8.449900E+1	6.438767E+0	1.746200E+0	5.176271E+1	1.978114E-3	-2.100195E-5	3.971266E-8	5.100537E-6	2.515902E-8	1.000000E+0	
3.721483E+4	8.449900E+1	7.924636E+0	1.746200E+0	5.176271E+1	1.978114E-3	-3.914731E-5	3.222087E-9	9.598230E-6	6.692348E-9	1.000000E+0	
3.727005E+4	8.449800E+1	9.905795E-2	1.447560E+0	5.176271E+1	1.978114E-3	2.258180E-8	1.217088E-8	8.927709E-8	6.120160E-9	1.000000E+0	
3.731148E+4	8.449800E+1	2.971739E+0	1.447560E+0	5.176271E+1	1.978114E-3	-2.072638E-6	3.740039E-9	4.772204E-7	1.333490E-9	1.000000E+0	
3.735286E+4	8.449800E+1	4.952898E+0	1.447560E+0	5.176271E+1	1.978114E-3	-9.790445E-6	2.584635E-9	2.202759E-6	1.362831E-9	1.000000E+0	
3.739421E+4	8.449900E+1	6.438767E+0	1.447560E+0	5.176271E+1	1.978114E-3	-2.166098E-5	2.098846E-9	5.071961E-6	1.200102E-9	1.000000E+0	
3.743558E+4	8.449900E+1	7.924636E+0	1.447560E+0	5.176271E+1	1.978114E-3	-4.028351E-5	4.578901E-10	9.478515E-6	6.217314E-9	1.000000E+0	
3.749799E+4	8.449800E+1	9.905795E-2	1.200000E+0	5.176271E+1	1.978114E-3	-2.009215E-8	5.250572E-9	2.835272E-8	6.653671E-10	1.000000E+0	
3.754668E+4	8.449800E+1	2.971739E+0	1.200000E+0	5.176271E+1	1.978114E-3	-2.101663E-6	6.574657E-9	5.460903E-7	4.526576E-8	1.000000E+0	
3.759538E+4	8.449800E+1	4.952898E+0	1.200000E+0	5.176271E+1	1.978114E-3	-9.918122E-6	7.514370E-9	2.291639E-6	2.275806E-8	1.000000E+0	
3.764409E+4	8.449700E+1	6.438767E+0	1.200000E+0	5.176271E+1	1.978114E-3	-2.203294E-5	2.506465E-8	4.586007E-6	5.287801E-8	1.000000E+0	
3.769282E+4	8.449900E+1	7.924636E+0	1.200000E+0	5.176271E+1	1.978114E-3	-4.122726E-5	3.588301E-9	9.146626E-6	4.393176E-10	1.000000E+0	
--- > K and esd K (estimated based on user TCR) : -4.455996E+0	-2.048470E-2	

*** Temperature stable /K : 8.949500000E+1
--- > R0 : 5.227985E+1	5.228164E+1	5.228061E+1	5.228378E+1	5.228518E+1	5.228459E+1	5.227950E+1	5.227888E+1	5.227881E+1	5.228448E+1	5.228288E+1	5.228175E+1	
time /sec  	temp /K    	current /mA	freq /Hz   	R0 /Ohms   	esd R0     	V3X /V_rms 	esd V3X    	V3Y /V_rms 	esd V3Y    	Data_Valid?
3.793283E+4	8.947700E+1	9.905770E-2	2.000000E+1	5.228183E+1	2.325879E-3	-1.299244E-8	2.887065E-8	-3.306408E-8	3.001341E-8	1.000000E+0	
3.794120E+4	8.947300E+1	2.971731E+0	2.000000E+1	5.228183E+1	2.325879E-3	-1.189006E-6	1.739259E-8	5.635068E-7	1.452603E-8	1.000000E+0	
3.794959E+4	8.947000E+1	4.952885E+0	2.000000E+1	5.228183E+1	2.325879E-3	-5.457110E-6	2.120065E-8	2.654754E-6	1.190241E-8	1.000000E+0	
3.795796E+4	8.947000E+1	6.438751E+0	2.000000E+1	5.228183E+1	2.325879E-3	-1.205817E-5	4.195553E-8	5.934670E-6	1.412097E-8	1.000000E+0	
3.796636E+4	8.947100E+1	7.924616E+0	2.000000E+1	5.228183E+1	2.325879E-3	-2.247808E-5	1.669309E-8	1.101616E-5	2.434078E-8	1.000000E+0	
3.797835E+4	8.946800E+1	9.905770E-2	1.657958E+1	5.228183E+1	2.325879E-3	2.338667E-6	4.149359E-6	-7.501462E-7	5.642921E-6	1.000000E+0	
3.798734E+4	8.946900E+1	2.971731E+0	1.657958E+1	5.228183E+1	2.325879E-3	-3.536199E-6	4.200808E-6	1.584896E-6	5.529563E-6	1.000000E+0	
3.799627E+4	8.946900E+1	4.952885E+0	1.657958E+1	5.228183E+1	2.325879E-3	-3.903733E-6	5.022697E-6	3.079482E-7	4.625089E-6	1.000000E+0	
3.800525E+4	8.947100E+1	6.438751E+0	1.657958E+1	5.228183E+1	2.325879E-3	-1.275589E-5	5.798321E-6	8.783312E-6	3.723771E-6	1.000000E+0	
3.801423E+4	8.947300E+1	7.924616E+0	1.657958E+1	5.228183E+1	2.325879E-3	-2.574883E-5	4.973263E-6	8.929750E-6	4.831212E-6	1.000000E+0	
3.802677E+4	8.947600E+1	9.905770E-2	1.374412E+1	5.228183E+1	2.325879E-3	5.075803E-9	1.651409E-8	7.637412E-9	3.434783E-8	1.000000E+0	
3.803635E+4	8.947900E+1	2.971731E+0	1.374412E+1	5.228183E+1	2.325879E-3	-1.350222E-6	9.751900E-9	5.450107E-7	3.194026E-8	1.000000E+0	
3.804596E+4	8.948300E+1	4.952885E+0	1.374412E+1	5.228183E+1	2.325879E-3	-6.114607E-6	1.312787E-8	2.618266E-6	4.823072E-8	1.000000E+0	
3.805558E+4	8.948800E+1	6.438751E+0	1.374412E+1	5.228183E+1	2.325879E-3	-1.353190E-5	4.061385E-8	5.876076E-6	1.550310E-8	1.000000E+0	
3.806517E+4	8.949200E+1	7.924616E+0	1.374412E+1	5.228183E+1	2.325879E-3	-2.519092E-5	4.127041E-8	1.093233E-5	2.079063E-8	1.000000E+0	
3.807852E+4	8.950000E+1	9.905770E-2	1.139358E+1	5.228183E+1	2.325879E-3	2.494722E-8	1.147517E-8	2.363447E-9	5.323729E-9	1.000000E+0	
3.808891E+4	8.950500E+1	2.971731E+0	1.139358E+1	5.228183E+1	2.325879E-3	-1.381627E-6	2.252145E-8	5.794850E-7	8.180884E-9	1.000000E+0	
3.809927E+4	8.951000E+1	4.952885E+0	1.139358E+1	5.228183E+1	2.325879E-3	-6.424442E-6	2.798484E-8	2.597185E-6	1.743513E-8	1.000000E+0	
3.810957E+4	8.951400E+1	6.438751E+0	1.139358E+1	5.228183E+1	2.325879E-3	-1.423118E-5	2.932482E-8	5.813185E-6	1.005352E-8	1.000000E+0	
3.812000E+4	8.951400E+1	7.924616E+0	1.139358E+1	5.228183E+1	2.325879E-3	-2.646610E-5	3.066581E-8	1.086760E-5	6.867284E-9	1.000000E+0	
3.813420E+4	8.951400E+1	9.905770E-2	9.445040E+0	5.228183E+1	2.325879E-3	-2.572679E-8	4.723871E-9	7.433449E-9	8.779917E-9	1.000000E+0	
3.814551E+4	8.951300E+1	2.971731E+0	9.445040E+0	5.228183E+1	2.325879E-3	-1.423562E-6	3.245527E-8	5.485145E-7	2.020131E-8	1.000000E+0	
3.815677E+4	8.951000E+1	4.952885E+0	9.445040E+0	5.228183E+1	2.325879E-3	-6.727014E-6	1.913071E-8	2.585192E-6	1.288318E-8	1.000000E+0	
3.816805E+4	8.950800E+1	6.438751E+0	9.445040E+0	5.228183E+1	2.325879E-3	-1.496782E-5	7.737713E-9	5.758599E-6	1.913864E-8	1.000000E+0	
3.817936E+4	8.950500E+1	7.924616E+0	9.445040E+0	5.228183E+1	2.325879E-3	-2.781192E-5	2.144938E-8	1.076654E-5	1.651725E-8	1.000000E+0	
3.819472E+4	8.950300E+1	9.905770E-2	7.829740E+0	5.228183E+1	2.325879E-3	3.727630E-8	2.178628E-8	1.176053E-8	9.009790E-9	1.000000E+0	
3.820705E+4	8.950200E+1	2.971731E+0	7.829740E+0	5.228183E+1	2.325879E-3	-1.536182E-6	1.910837E-8	5.549377E-7	1.333579E-8	1.000000E+0	
3.821945E+4	8.950000E+1	4.952885E+0	7.829740E+0	5.228183E+1	2.325879E-3	-7.043824E-6	9.825365E-9	2.550200E-6	8.585721E-9	1.000000E+0	
3.823183E+4	8.950000E+1	6.438751E+0	7.829740E+0	5.228183E+1	2.325879E-3	-1.564831E-5	1.424287E-8	5.717894E-6	3.678639E-9	1.000000E+0	
3.824421E+4	8.949900E+1	7.924616E+0	7.829740E+0	5.228183E+1	2.325879E-3	-2.905941E-5	1.431371E-8	1.061313E-5	1.460255E-8	1.000000E+0	
3.826145E+4	8.949800E+1	9.905770E-2	6.490680E+0	5.228183E+1	2.325879E-3	3.484778E-8	1.533894E-8	7.766238E-8	2.828206E-8	1.000000E+0	
3.827524E+4	8.949800E+1	2.971731E+0	6.490680E+0	5.228183E+1	2.325879E-3	-1.570915E-6	2.762529E-9	5.700223E-7	1.324509E-8	1.000000E+0	
3.828900E+4	8.949800E+1	4.952885E+0	6.490680E+0	5.228183E+1	2.325879E-3	-7.329700E-6	1.325846E-8	2.547325E-6	1.942789E-8	1.000000E+0	
3.830277E+4	8.949900E+1	6.438751E+0	6.490680E+0	5.228183E+1	2.325879E-3	-1.632117E-5	1.397154E-8	5.650150E-6	4.004189E-9	1.000000E+0	
3.831652E+4	8.949800E+1	7.924616E+0	6.490680E+0	5.228183E+1	2.325879E-3	-3.031673E-5	1.387133E-8	1.042120E-5	1.511473E-8	1.000000E+0	
3.833531E+4	8.950000E+1	9.905770E-2	5.380640E+0	5.228183E+1	2.325879E-3	1.210458E-7	3.312307E-8	2.924482E-8	8.011908E-9	1.000000E+0	
3.835073E+4	8.949900E+1	2.971731E+0	5.380640E+0	5.228183E+1	2.325879E-3	-1.660933E-6	1.862844E-8	5.565761E-7	1.588280E-8	1.000000E+0	
3.836614E+4	8.949700E+1	4.952885E+0	5.380640E+0	5.228183E+1	2.325879E-3	-7.689480E-6	7.674807E-9	2.509789E-6	6.426840E-9	1.000000E+0	
3.838154E+4	8.949900E+1	6.438751E+0	5.380640E+0	5.228183E+1	2.325879E-3	-1.692234E-5	3.102147E-9	5.530907E-6	1.183522E-8	1.000000E+0	
3.839696E+4	8.950000E+1	7.924616E+0	5.380640E+0	5.228183E+1	2.325879E-3	-3.148438E-5	1.251183E-8	1.032726E-5	1.597292E-8	1.000000E+0	
3.841818E+4	8.949900E+1	9.905770E-2	4.460440E+0	5.228183E+1	2.325879E-3	4.242231E-9	5.188252E-9	6.463880E-9	7.307984E-9	1.000000E+0	
3.843552E+4	8.949800E+1	2.971731E+0	4.460440E+0	5.228183E+1	2.325879E-3	-1.746174E-6	1.128460E-8	5.319456E-7	1.882006E-8	1.000000E+0	
3.845293E+4	8.949900E+1	4.952885E+0	4.460440E+0	5.228183E+1	2.325879E-3	-7.929922E-6	1.912871E-8	2.473267E-6	6.731054E-9	1.000000E+0	
3.847032E+4	8.950000E+1	6.438751E+0	4.460440E+0	5.228183E+1	2.325879E-3	-1.756069E-5	1.824505E-9	5.444546E-6	8.689021E-9	1.000000E+0	
3.848768E+4	8.950000E+1	7.924616E+0	4.460440E+0	5.228183E+1	2.325879E-3	-3.270357E-5	6.296217E-9	1.019656E-5	2.913298E-9	1.000000E+0	
3.851336E+4	8.949900E+1	9.905770E-2	3.697610E+0	5.228183E+1	2.325879E-3	1.029843E-8	5.427010E-9	4.349675E-8	1.610401E-8	1.000000E+0	
3.853313E+4	8.949900E+1	2.971731E+0	3.697610E+0	5.228183E+1	2.325879E-3	-1.773985E-6	3.576423E-9	5.404078E-7	6.290591E-9	1.000000E+0	
3.855291E+4	8.950000E+1	4.952885E+0	3.697610E+0	5.228183E+1	2.325879E-3	-8.221284E-6	3.431811E-9	2.461164E-6	3.154304E-9	1.000000E+0	
3.857262E+4	8.949900E+1	6.438751E+0	3.697610E+0	5.228183E+1	2.325879E-3	-1.816865E-5	1.739093E-8	5.392712E-6	3.497478E-10	1.000000E+0	
3.859238E+4	8.949900E+1	7.924616E+0	3.697610E+0	5.228183E+1	2.325879E-3	-3.386140E-5	3.477494E-9	1.007577E-5	1.366536E-9	1.000000E+0	
3.862163E+4	8.949800E+1	9.905770E-2	3.065240E+0	5.228183E+1	2.325879E-3	-1.125895E-7	1.990158E-8	-1.477457E-7	3.009914E-8	1.000000E+0	
3.864427E+4	8.949800E+1	2.971731E+0	3.065240E+0	5.228183E+1	2.325879E-3	-1.829514E-6	3.317982E-9	5.742264E-7	3.428158E-9	1.000000E+0	
3.866695E+4	8.949900E+1	4.952885E+0	3.065240E+0	5.228183E+1	2.325879E-3	-8.502392E-6	3.059270E-9	2.390794E-6	5.039820E-9	1.000000E+0	
3.868961E+4	8.949900E+1	6.438751E+0	3.065240E+0	5.228183E+1	2.325879E-3	-1.885332E-5	4.084983E-9	5.315307E-6	3.997794E-9	1.000000E+0	
3.871221E+4	8.949900E+1	7.924616E+0	3.065240E+0	5.228183E+1	2.325879E-3	-3.494362E-5	2.806203E-8	9.977000E-6	1.735141E-8	1.000000E+0	
3.874601E+4	8.950000E+1	9.905770E-2	2.541020E+0	5.228183E+1	2.325879E-3	-1.152840E-8	6.685070E-9	-1.221739E-8	5.648755E-10	1.000000E+0	
3.877206E+4	8.949900E+1	2.971731E+0	2.541020E+0	5.228183E+1	2.325879E-3	-1.784398E-6	2.214553E-8	7.745456E-7	2.807772E-8	1.000000E+0	
3.879814E+4	8.950000E+1	4.952885E+0	2.541020E+0	5.228183E+1	2.325879E-3	-8.812583E-6	1.543912E-9	2.373753E-6	2.300969E-9	1.000000E+0	
3.882416E+4	8.950000E+1	6.438751E+0	2.541020E+0	5.228183E+1	2.325879E-3	-1.944045E-5	1.098285E-8	5.299978E-6	1.742979E-9	1.000000E+0	
3.885021E+4	8.949900E+1	7.924616E+0	2.541020E+0	5.228183E+1	2.325879E-3	-3.619572E-5	3.356161E-9	1.013003E-5	1.489104E-8	1.000000E+0	
3.888981E+4	8.950000E+1	9.905770E-2	2.106450E+0	5.228183E+1	2.325879E-3	-7.820387E-9	4.593881E-10	3.948537E-8	5.944677E-9	1.000000E+0	
3.892007E+4	8.949900E+1	2.971731E+0	2.106450E+0	5.228183E+1	2.325879E-3	-1.951898E-6	4.252549E-9	5.055098E-7	4.645019E-9	1.000000E+0	
3.895033E+4	8.949900E+1	4.952885E+0	2.106450E+0	5.228183E+1	2.325879E-3	-9.103362E-6	1.533586E-8	2.335506E-6	4.227812E-9	1.000000E+0	
3.898056E+4	8.949900E+1	6.438751E+0	2.106450E+0	5.228183E+1	2.325879E-3	-2.007407E-5	2.258933E-9	5.201980E-6	6.407304E-9	1.000000E+0	
3.901077E+4	8.949900E+1	7.924616E+0	2.106450E+0	5.228183E+1	2.325879E-3	-3.731608E-5	3.170601E-9	9.702670E-6	9.768035E-10	1.000000E+0	
3.905727E+4	8.949700E+1	9.905770E-2	1.746200E+0	5.228183E+1	2.325879E-3	-1.129000E-8	5.100508E-9	-3.296359E-9	3.884374E-10	1.000000E+0	
3.909253E+4	8.950000E+1	2.971731E+0	1.746200E+0	5.228183E+1	2.325879E-3	-2.025429E-6	9.162216E-10	4.878087E-7	4.592814E-9	1.000000E+0	
3.912782E+4	8.949800E+1	4.952885E+0	1.746200E+0	5.228183E+1	2.325879E-3	-9.447117E-6	1.105515E-8	2.530532E-6	3.598107E-8	1.000000E+0	
3.916309E+4	8.949800E+1	6.438751E+0	1.746200E+0	5.228183E+1	2.325879E-3	-2.070392E-5	3.710980E-8	5.131298E-6	1.097399E-8	1.000000E+0	
3.919840E+4	8.949900E+1	7.924616E+0	1.746200E+0	5.228183E+1	2.325879E-3	-3.846447E-5	3.671168E-9	9.582210E-6	2.477665E-9	1.000000E+0	
3.925361E+4	8.949900E+1	9.905770E-2	1.447560E+0	5.228183E+1	2.325879E-3	1.446083E-8	2.629051E-10	3.709889E-8	1.507251E-9	1.000000E+0	
3.929502E+4	8.949700E+1	2.971731E+0	1.447560E+0	5.228183E+1	2.325879E-3	-2.185996E-6	1.998610E-8	4.768525E-7	1.184131E-9	1.000000E+0	
3.933638E+4	8.949900E+1	4.952885E+0	1.447560E+0	5.228183E+1	2.325879E-3	-9.625706E-6	6.693995E-9	2.300827E-6	5.886224E-9	1.000000E+0	
3.937777E+4	8.950000E+1	6.438751E+0	1.447560E+0	5.228183E+1	2.325879E-3	-2.131777E-5	1.589144E-9	5.046953E-6	3.743292E-10	1.000000E+0	
3.941910E+4	8.949900E+1	7.924616E+0	1.447560E+0	5.228183E+1	2.325879E-3	-3.932298E-5	3.920776E-8	9.477924E-6	6.058088E-9	1.000000E+0	
3.948159E+4	8.950000E+1	9.905770E-2	1.200000E+0	5.228183E+1	2.325879E-3	-6.837666E-9	1.157920E-8	-7.658844E-12	1.861571E-8	1.000000E+0	
3.953031E+4	8.949800E+1	2.971731E+0	1.200000E+0	5.228183E+1	2.325879E-3	-2.075651E-6	4.279157E-9	4.045535E-7	4.869115E-9	1.000000E+0	
3.957903E+4	8.949900E+1	4.952885E+0	1.200000E+0	5.228183E+1	2.325879E-3	-9.323890E-6	3.796666E-8	2.069480E-6	1.632528E-9	1.000000E+0	
3.962772E+4	8.949900E+1	6.438751E+0	1.200000E+0	5.228183E+1	2.325879E-3	-2.175514E-5	9.305777E-9	4.749782E-6	2.305287E-8	1.000000E+0	
3.967643E+4	8.949800E+1	7.924616E+0	1.200000E+0	5.228183E+1	2.325879E-3	-4.056852E-5	1.317801E-8	9.110898E-6	6.929009E-9	1.000000E+0	
--- > K and esd K (estimated based on user TCR) : -4.568663E+0	-2.039935E-2	

*** Temperature stable /K : 9.449200000E+1
--- > R0 : 5.280519E+1	5.280555E+1	5.280262E+1	5.279803E+1	5.279855E+1	5.280228E+1	5.280517E+1	5.280474E+1	5.280013E+1	5.279993E+1	5.279999E+1	5.280270E+1	
time /sec  	temp /K    	current /mA	freq /Hz   	R0 /Ohms   	esd R0     	V3X /V_rms 	esd V3X    	V3Y /V_rms 	esd V3Y    	Data_Valid?
3.991959E+4	9.447400E+1	9.905746E-2	2.000000E+1	5.280207E+1	2.709416E-3	1.002612E-8	1.545556E-8	-5.645392E-9	2.513118E-8	1.000000E+0	
3.992805E+4	9.446900E+1	2.971724E+0	2.000000E+1	5.280207E+1	2.709416E-3	-1.145380E-6	9.514155E-9	5.840534E-7	1.116582E-8	1.000000E+0	
3.993644E+4	9.446600E+1	4.952873E+0	2.000000E+1	5.280207E+1	2.709416E-3	-5.337569E-6	2.185079E-8	2.646796E-6	1.569566E-8	1.000000E+0	
3.994485E+4	9.446600E+1	6.438735E+0	2.000000E+1	5.280207E+1	2.709416E-3	-1.176263E-5	2.339179E-8	5.837332E-6	3.243974E-8	1.000000E+0	
3.995323E+4	9.446800E+1	7.924596E+0	2.000000E+1	5.280207E+1	2.709416E-3	-2.184640E-5	1.600809E-8	1.088011E-5	1.864419E-8	1.000000E+0	
3.996518E+4	9.447200E+1	9.905746E-2	1.657958E+1	5.280207E+1	2.709416E-3	2.493133E-6	3.997356E-6	7.267255E-7	5.658452E-6	1.000000E+0	
3.997412E+4	9.447400E+1	2.971724E+0	1.657958E+1	5.280207E+1	2.709416E-3	-3.849051E-6	3.807578E-6	1.090022E-7	5.786307E-6	1.000000E+0	
3.998300E+4	9.447700E+1	4.952873E+0	1.657958E+1	5.280207E+1	2.709416E-3	-2.966734E-6	3.770658E-6	2.337683E-6	5.843442E-6	1.000000E+0	
3.999197E+4	9.448100E+1	6.438735E+0	1.657958E+1	5.280207E+1	2.709416E-3	-1.496534E-5	4.177560E-6	6.765818E-6	5.633809E-6	1.000000E+0	
4.000089E+4	9.448400E+1	7.924596E+0	1.657958E+1	5.280207E+1	2.709416E-3	-2.125619E-5	4.884149E-6	9.170838E-6	5.025119E-6	1.000000E+0	
4.001346E+4	9.448800E+1	9.905746E-2	1.374412E+1	5.280207E+1	2.709416E-3	-2.656632E-8	1.031366E-8	-4.314576E-9	2.548516E-8	1.000000E+0	
4.002302E+4	9.449100E+1	2.971724E+0	1.374412E+1	5.280207E+1	2.709416E-3	-1.270281E-6	1.584682E-8	5.894507E-7	1.568378E-8	1.000000E+0	
4.003258E+4	9.449300E+1	4.952873E+0	1.374412E+1	5.280207E+1	2.709416E-3	-5.955263E-6	1.730387E-8	2.641840E-6	3.148100E-8	1.000000E+0	
4.004218E+4	9.449600E+1	6.438735E+0	1.374412E+1	5.280207E+1	2.709416E-3	-1.321751E-5	1.842476E-8	5.803267E-6	1.506244E-8	1.000000E+0	
4.005174E+4	9.449800E+1	7.924596E+0	1.374412E+1	5.280207E+1	2.709416E-3	-2.453177E-5	2.110246E-8	1.084091E-5	2.192361E-8	1.000000E+0	
4.006509E+4	9.449900E+1	9.905746E-2	1.139358E+1	5.280207E+1	2.709416E-3	1.899820E-8	2.303663E-8	-5.092991E-8	4.331976E-8	1.000000E+0	
4.007545E+4	9.450100E+1	2.971724E+0	1.139358E+1	5.280207E+1	2.709416E-3	-1.336372E-6	4.477015E-9	5.988473E-7	1.762015E-8	1.000000E+0	
4.008580E+4	9.450100E+1	4.952873E+0	1.139358E+1	5.280207E+1	2.709416E-3	-6.278761E-6	7.541833E-9	2.596220E-6	2.493090E-8	1.000000E+0	
4.009615E+4	9.450200E+1	6.438735E+0	1.139358E+1	5.280207E+1	2.709416E-3	-1.391746E-5	1.551824E-8	5.788687E-6	9.037857E-9	1.000000E+0	
4.010653E+4	9.450200E+1	7.924596E+0	1.139358E+1	5.280207E+1	2.709416E-3	-2.583859E-5	1.176375E-8	1.074172E-5	1.829117E-8	1.000000E+0	
4.012076E+4	9.450300E+1	9.905746E-2	9.445040E+0	5.280207E+1	2.709416E-3	3.319802E-8	5.029768E-9	-4.935380E-9	1.613035E-8	1.000000E+0	
4.013203E+4	9.450200E+1	2.971724E+0	9.445040E+0	5.280207E+1	2.709416E-3	-1.421067E-6	3.430054E-8	5.721328E-7	1.782241E-8	1.000000E+0	
4.014330E+4	9.450200E+1	4.952873E+0	9.445040E+0	5.280207E+1	2.709416E-3	-6.566605E-6	3.203628E-9	2.572707E-6	6.031440E-9	1.000000E+0	
4.015459E+4	9.450200E+1	6.438735E+0	9.445040E+0	5.280207E+1	2.709416E-3	-1.455701E-5	2.212396E-8	5.710544E-6	5.495400E-9	1.000000E+0	
4.016586E+4	9.450100E+1	7.924596E+0	9.445040E+0	5.280207E+1	2.709416E-3	-2.712809E-5	5.301932E-9	1.063467E-5	9.046562E-9	1.000000E+0	
4.018125E+4	9.450100E+1	9.905746E-2	7.829740E+0	5.280207E+1	2.709416E-3	-3.103455E-8	1.412556E-8	-4.342618E-8	5.733747E-9	1.000000E+0	
4.019369E+4	9.450100E+1	2.971724E+0	7.829740E+0	5.280207E+1	2.709416E-3	-1.492865E-6	1.160588E-8	5.537449E-7	9.771881E-9	1.000000E+0	
4.020602E+4	9.450200E+1	4.952873E+0	7.829740E+0	5.280207E+1	2.709416E-3	-6.937496E-6	1.882342E-8	2.600479E-6	1.688191E-8	1.000000E+0	
4.021842E+4	9.450000E+1	6.438735E+0	7.829740E+0	5.280207E+1	2.709416E-3	-1.527108E-5	1.005814E-8	5.609832E-6	1.905646E-8	1.000000E+0	
4.023077E+4	9.450000E+1	7.924596E+0	7.829740E+0	5.280207E+1	2.709416E-3	-2.837455E-5	5.964414E-9	1.052518E-5	1.995284E-8	1.000000E+0	
4.024804E+4	9.450100E+1	9.905746E-2	6.490680E+0	5.280207E+1	2.709416E-3	1.604754E-8	1.438040E-8	3.241883E-8	2.362371E-8	1.000000E+0	
4.026175E+4	9.450100E+1	2.971724E+0	6.490680E+0	5.280207E+1	2.709416E-3	-1.597202E-6	1.649786E-8	4.744003E-7	3.678787E-8	1.000000E+0	
4.027550E+4	9.450000E+1	4.952873E+0	6.490680E+0	5.280207E+1	2.709416E-3	-7.216514E-6	7.778079E-9	2.526531E-6	3.325803E-9	1.000000E+0	
4.028927E+4	9.450000E+1	6.438735E+0	6.490680E+0	5.280207E+1	2.709416E-3	-1.592569E-5	1.030394E-8	5.602681E-6	1.505254E-8	1.000000E+0	
4.030300E+4	9.450000E+1	7.924596E+0	6.490680E+0	5.280207E+1	2.709416E-3	-2.963607E-5	5.140118E-9	1.038784E-5	1.182182E-8	1.000000E+0	
4.032189E+4	9.450000E+1	9.905746E-2	5.380640E+0	5.280207E+1	2.709416E-3	-3.442668E-8	6.278082E-9	-2.703234E-9	4.373746E-9	1.000000E+0	
4.033731E+4	9.450000E+1	2.971724E+0	5.380640E+0	5.280207E+1	2.709416E-3	-1.621824E-6	1.018985E-8	5.371553E-7	5.135246E-9	1.000000E+0	
4.035275E+4	9.450000E+1	4.952873E+0	5.380640E+0	5.280207E+1	2.709416E-3	-7.508625E-6	1.989221E-8	2.469083E-6	1.173670E-8	1.000000E+0	
4.036816E+4	9.450000E+1	6.438735E+0	5.380640E+0	5.280207E+1	2.709416E-3	-1.661698E-5	1.162266E-8	5.530332E-6	5.125442E-9	1.000000E+0	
4.038354E+4	9.450000E+1	7.924596E+0	5.380640E+0	5.280207E+1	2.709416E-3	-3.085314E-5	3.546972E-9	1.027807E-5	1.741225E-8	1.000000E+0	
4.040450E+4	9.450000E+1	9.905746E-2	4.460440E+0	5.280207E+1	2.709416E-3	6.987237E-9	4.028202E-9	-3.462529E-8	1.254737E-8	1.000000E+0	
4.042184E+4	9.450100E+1	2.971724E+0	4.460440E+0	5.280207E+1	2.709416E-3	-1.688801E-6	3.522806E-9	5.249452E-7	6.926065E-9	1.000000E+0	
4.043927E+4	9.449900E+1	4.952873E+0	4.460440E+0	5.280207E+1	2.709416E-3	-7.756671E-6	1.957923E-9	2.439162E-6	6.899458E-9	1.000000E+0	
4.045667E+4	9.450000E+1	6.438735E+0	4.460440E+0	5.280207E+1	2.709416E-3	-1.722164E-5	1.150743E-9	5.452287E-6	1.492591E-8	1.000000E+0	
4.047407E+4	9.450100E+1	7.924596E+0	4.460440E+0	5.280207E+1	2.709416E-3	-3.204530E-5	7.819765E-9	1.011537E-5	1.117684E-8	1.000000E+0	
4.050013E+4	9.450100E+1	9.905746E-2	3.697610E+0	5.280207E+1	2.709416E-3	1.152147E-8	2.425031E-9	3.690285E-8	3.298138E-9	1.000000E+0	
4.051996E+4	9.450100E+1	2.971724E+0	3.697610E+0	5.280207E+1	2.709416E-3	-1.764191E-6	7.880505E-10	5.030521E-7	6.693584E-9	1.000000E+0	
4.053967E+4	9.450100E+1	4.952873E+0	3.697610E+0	5.280207E+1	2.709416E-3	-8.038919E-6	5.342186E-9	2.422917E-6	1.457835E-8	1.000000E+0	
4.055945E+4	9.450100E+1	6.438735E+0	3.697610E+0	5.280207E+1	2.709416E-3	-1.784049E-5	9.251176E-9	5.337419E-6	1.979037E-9	1.000000E+0	
4.057921E+4	9.450100E+1	7.924596E+0	3.697610E+0	5.280207E+1	2.709416E-3	-3.309407E-5	3.359323E-8	1.004207E-5	2.566226E-9	1.000000E+0	
4.060823E+4	9.450000E+1	9.905746E-2	3.065240E+0	5.280207E+1	2.709416E-3	-8.626283E-8	1.172327E-8	1.914704E-7	2.077456E-8	1.000000E+0	
4.063083E+4	9.449900E+1	2.971724E+0	3.065240E+0	5.280207E+1	2.709416E-3	-1.813129E-6	1.049551E-9	5.168374E-7	1.497574E-8	1.000000E+0	
4.065348E+4	9.450000E+1	4.952873E+0	3.065240E+0	5.280207E+1	2.709416E-3	-8.341862E-6	1.515056E-9	2.394566E-6	3.618231E-9	1.000000E+0	
4.067612E+4	9.450000E+1	6.438735E+0	3.065240E+0	5.280207E+1	2.709416E-3	-1.844037E-5	6.038278E-9	5.303998E-6	5.936811E-9	1.000000E+0	
4.069876E+4	9.449900E+1	7.924596E+0	3.065240E+0	5.280207E+1	2.709416E-3	-3.432566E-5	3.298665E-8	9.786415E-6	6.081213E-8	1.000000E+0	
4.073252E+4	9.449800E+1	9.905746E-2	2.541020E+0	5.280207E+1	2.709416E-3	-1.065861E-8	1.061583E-8	-1.152951E-8	3.187208E-9	1.000000E+0	
4.075855E+4	9.450000E+1	2.971724E+0	2.541020E+0	5.280207E+1	2.709416E-3	-1.838124E-6	2.123450E-8	4.819217E-7	9.696735E-9	1.000000E+0	
4.078462E+4	9.450000E+1	4.952873E+0	2.541020E+0	5.280207E+1	2.709416E-3	-8.597561E-6	2.636557E-9	2.363875E-6	1.625001E-8	1.000000E+0	
4.081060E+4	9.450000E+1	6.438735E+0	2.541020E+0	5.280207E+1	2.709416E-3	-1.898908E-5	2.266509E-9	5.356420E-6	1.742280E-8	1.000000E+0	
4.083662E+4	9.450100E+1	7.924596E+0	2.541020E+0	5.280207E+1	2.709416E-3	-3.549648E-5	7.790992E-9	9.783038E-6	1.304722E-8	1.000000E+0	
4.087623E+4	9.450100E+1	9.905746E-2	2.106450E+0	5.280207E+1	2.709416E-3	-4.665185E-8	1.490941E-8	-8.702733E-8	2.261255E-8	1.000000E+0	
4.090641E+4	9.450000E+1	2.971724E+0	2.106450E+0	5.280207E+1	2.709416E-3	-1.892508E-6	7.767741E-9	5.433849E-7	3.219221E-9	1.000000E+0	
4.093666E+4	9.450000E+1	4.952873E+0	2.106450E+0	5.280207E+1	2.709416E-3	-8.880298E-6	4.175432E-9	2.327449E-6	4.966948E-9	1.000000E+0	
4.096689E+4	9.449900E+1	6.438735E+0	2.106450E+0	5.280207E+1	2.709416E-3	-1.963237E-5	5.157275E-9	5.176801E-6	1.892935E-9	1.000000E+0	
4.099709E+4	9.450000E+1	7.924596E+0	2.106450E+0	5.280207E+1	2.709416E-3	-3.659510E-5	2.713036E-9	9.669112E-6	3.465451E-9	1.000000E+0	
4.104367E+4	9.450000E+1	9.905746E-2	1.746200E+0	5.280207E+1	2.709416E-3	-4.066187E-8	4.094809E-9	-3.110303E-8	1.968583E-9	1.000000E+0	
4.107891E+4	9.450000E+1	2.971724E+0	1.746200E+0	5.280207E+1	2.709416E-3	-1.974160E-6	6.444993E-9	5.057431E-7	1.572862E-9	1.000000E+0	
4.111420E+4	9.450000E+1	4.952873E+0	1.746200E+0	5.280207E+1	2.709416E-3	-9.198558E-6	6.636459E-10	2.306897E-6	5.349487E-9	1.000000E+0	
4.114943E+4	9.450000E+1	6.438735E+0	1.746200E+0	5.280207E+1	2.709416E-3	-2.032631E-5	1.355516E-8	5.123347E-6	1.250785E-8	1.000000E+0	
4.118476E+4	9.450000E+1	7.924596E+0	1.746200E+0	5.280207E+1	2.709416E-3	-3.764015E-5	1.881035E-8	9.700935E-6	5.533357E-8	1.000000E+0	
4.123970E+4	9.450000E+1	9.905746E-2	1.447560E+0	5.280207E+1	2.709416E-3	1.466783E-7	1.521451E-8	-2.521555E-7	1.077066E-8	1.000000E+0	
4.128105E+4	9.450000E+1	2.971724E+0	1.447560E+0	5.280207E+1	2.709416E-3	-1.832206E-6	4.641590E-8	4.359459E-7	5.938749E-9	1.000000E+0	
4.132246E+4	9.450000E+1	4.952873E+0	1.447560E+0	5.280207E+1	2.709416E-3	-9.430764E-6	6.946248E-9	2.288435E-6	3.940223E-9	1.000000E+0	
4.136386E+4	9.450000E+1	6.438735E+0	1.447560E+0	5.280207E+1	2.709416E-3	-2.088577E-5	1.687620E-9	5.041447E-6	9.458544E-9	1.000000E+0	
4.140521E+4	9.450000E+1	7.924596E+0	1.447560E+0	5.280207E+1	2.709416E-3	-3.895543E-5	3.989883E-9	9.274131E-6	4.698081E-9	1.000000E+0	
4.146902E+4	9.450100E+1	9.905746E-2	1.200000E+0	5.280207E+1	2.709416E-3	3.655568E-8	5.144333E-9	-1.024478E-9	1.159328E-9	1.000000E+0	
4.151775E+4	9.450100E+1	2.971724E+0	1.200000E+0	5.280207E+1	2.709416E-3	-2.029453E-6	1.224642E-9	3.528788E-7	1.274863E-9	1.000000E+0	
4.156643E+4	9.449900E+1	4.952873E+0	1.200000E+0	5.280207E+1	2.709416E-3	-9.625565E-6	3.161985E-9	2.091854E-6	1.800085E-9	1.000000E+0	
4.161513E+4	9.449900E+1	6.438735E+0	1.200000E+0	5.280207E+1	2.709416E-3	-2.144590E-5	4.964118E-10	4.821689E-6	3.939492E-9	1.000000E+0	
4.166380E+4	9.449900E+1	7.924596E+0	1.200000E+0	5.280207E+1	2.709416E-3	-3.969856E-5	3.973730E-9	9.170059E-6	5.595074E-9	1.000000E+0	
--- > K and esd K (estimated based on user TCR) : -4.645311E+0	-2.228118E-2	

*** Temperature stable /K : 9.948900000E+1
--- > R0 : 5.330457E+1	5.330694E+1	5.330960E+1	5.331045E+1	5.331001E+1	5.330467E+1	5.330443E+1	5.330618E+1	5.331002E+1	5.330817E+1	5.330801E+1	5.330743E+1	
time /sec  	temp /K    	current /mA	freq /Hz   	R0 /Ohms   	esd R0     	V3X /V_rms 	esd V3X    	V3Y /V_rms 	esd V3Y    	Data_Valid?
4.190936E+4	9.947100E+1	9.905723E-2	2.000000E+1	5.330754E+1	2.226588E-3	-4.547945E-9	1.808151E-8	-2.140979E-8	3.013342E-8	1.000000E+0	
4.191776E+4	9.946600E+1	2.971717E+0	2.000000E+1	5.330754E+1	2.226588E-3	-1.128544E-6	2.883002E-8	5.415982E-7	1.795901E-8	1.000000E+0	
4.192620E+4	9.946400E+1	4.952862E+0	2.000000E+1	5.330754E+1	2.226588E-3	-5.178323E-6	1.889374E-8	2.580310E-6	1.301540E-8	1.000000E+0	
4.193460E+4	9.946300E+1	6.438720E+0	2.000000E+1	5.330754E+1	2.226588E-3	-1.143510E-5	2.893103E-8	5.741318E-6	1.463545E-8	1.000000E+0	
4.194302E+4	9.946400E+1	7.924579E+0	2.000000E+1	5.330754E+1	2.226588E-3	-2.127635E-5	2.826580E-8	1.069697E-5	1.483048E-8	1.000000E+0	
4.195490E+4	9.946800E+1	9.905723E-2	1.657958E+1	5.330754E+1	2.226588E-3	-1.762001E-6	5.343769E-6	2.699900E-6	4.337826E-6	1.000000E+0	
4.196387E+4	9.947000E+1	2.971717E+0	1.657958E+1	5.330754E+1	2.226588E-3	-3.519675E-6	4.934006E-6	-2.035153E-6	4.662617E-6	1.000000E+0	
4.197285E+4	9.947500E+1	4.952862E+0	1.657958E+1	5.330754E+1	2.226588E-3	-4.539753E-6	5.747934E-6	-8.381094E-7	3.688548E-6	1.000000E+0	
4.198182E+4	9.947900E+1	6.438720E+0	1.657958E+1	5.330754E+1	2.226588E-3	-8.576854E-6	3.434447E-6	5.719996E-6	5.934716E-6	1.000000E+0	
4.199081E+4	9.948300E+1	7.924579E+0	1.657958E+1	5.330754E+1	2.226588E-3	-2.203298E-5	5.857406E-6	1.400433E-5	3.619321E-6	1.000000E+0	
4.200333E+4	9.948800E+1	9.905723E-2	1.374412E+1	5.330754E+1	2.226588E-3	5.066538E-9	3.039333E-8	-1.317163E-8	1.119332E-8	1.000000E+0	
4.201284E+4	9.949100E+1	2.971717E+0	1.374412E+1	5.330754E+1	2.226588E-3	-1.227129E-6	8.296486E-9	5.940067E-7	1.445073E-8	1.000000E+0	
4.202245E+4	9.949400E+1	4.952862E+0	1.374412E+1	5.330754E+1	2.226588E-3	-5.822187E-6	1.194455E-8	2.576287E-6	1.750839E-8	1.000000E+0	
4.203200E+4	9.949600E+1	6.438720E+0	1.374412E+1	5.330754E+1	2.226588E-3	-1.285168E-5	2.259087E-8	5.755877E-6	1.674079E-8	1.000000E+0	
4.204156E+4	9.949800E+1	7.924579E+0	1.374412E+1	5.330754E+1	2.226588E-3	-2.388430E-5	3.480009E-8	1.066746E-5	1.347067E-8	1.000000E+0	
4.205491E+4	9.950000E+1	9.905723E-2	1.139358E+1	5.330754E+1	2.226588E-3	1.428480E-8	1.289667E-8	-4.912597E-8	1.708369E-8	1.000000E+0	
4.206529E+4	9.950100E+1	2.971717E+0	1.139358E+1	5.330754E+1	2.226588E-3	-1.336514E-6	2.060306E-8	5.415333E-7	2.061263E-8	1.000000E+0	
4.207559E+4	9.950100E+1	4.952862E+0	1.139358E+1	5.330754E+1	2.226588E-3	-6.108828E-6	3.347267E-8	2.573985E-6	2.114514E-8	1.000000E+0	
4.208597E+4	9.950300E+1	6.438720E+0	1.139358E+1	5.330754E+1	2.226588E-3	-1.352464E-5	1.467170E-8	5.726086E-6	1.764386E-8	1.000000E+0	
4.209636E+4	9.950200E+1	7.924579E+0	1.139358E+1	5.330754E+1	2.226588E-3	-2.518943E-5	1.269441E-8	1.063325E-5	1.990057E-8	1.000000E+0	
4.211055E+4	9.950100E+1	9.905723E-2	9.445040E+0	5.330754E+1	2.226588E-3	-4.618113E-9	2.725878E-8	3.549719E-9	9.109793E-9	1.000000E+0	
4.212184E+4	9.950000E+1	2.971717E+0	9.445040E+0	5.330754E+1	2.226588E-3	-1.389639E-6	1.392032E-8	5.517488E-7	2.718017E-8	1.000000E+0	
4.213317E+4	9.950000E+1	4.952862E+0	9.445040E+0	5.330754E+1	2.226588E-3	-6.471138E-6	4.479056E-8	2.516664E-6	1.839943E-8	1.000000E+0	
4.214448E+4	9.950100E+1	6.438720E+0	9.445040E+0	5.330754E+1	2.226588E-3	-1.421105E-5	6.338465E-9	5.635613E-6	1.018916E-8	1.000000E+0	
4.215574E+4	9.950000E+1	7.924579E+0	9.445040E+0	5.330754E+1	2.226588E-3	-2.645102E-5	1.121471E-8	1.055106E-5	1.472547E-8	1.000000E+0	
4.217112E+4	9.950100E+1	9.905723E-2	7.829740E+0	5.330754E+1	2.226588E-3	1.841135E-11	6.692959E-9	-9.313842E-9	8.963266E-9	1.000000E+0	
4.218351E+4	9.950000E+1	2.971717E+0	7.829740E+0	5.330754E+1	2.226588E-3	-1.479566E-6	3.427471E-9	5.302422E-7	1.377932E-8	1.000000E+0	
4.219590E+4	9.950000E+1	4.952862E+0	7.829740E+0	5.330754E+1	2.226588E-3	-6.750922E-6	7.040057E-9	2.513809E-6	9.489281E-9	1.000000E+0	
4.220832E+4	9.949900E+1	6.438720E+0	7.829740E+0	5.330754E+1	2.226588E-3	-1.488774E-5	1.273327E-8	5.613111E-6	1.514975E-8	1.000000E+0	
4.222076E+4	9.949900E+1	7.924579E+0	7.829740E+0	5.330754E+1	2.226588E-3	-2.782808E-5	2.740273E-8	1.044004E-5	2.872202E-8	1.000000E+0	
4.223821E+4	9.950000E+1	9.905723E-2	6.490680E+0	5.330754E+1	2.226588E-3	3.794716E-8	1.143766E-8	9.732342E-8	3.276961E-8	1.000000E+0	
4.225193E+4	9.950000E+1	2.971717E+0	6.490680E+0	5.330754E+1	2.226588E-3	-1.528143E-6	1.051963E-8	5.366961E-7	7.063375E-9	1.000000E+0	
4.226570E+4	9.950000E+1	4.952862E+0	6.490680E+0	5.330754E+1	2.226588E-3	-7.024201E-6	1.986100E-9	2.588664E-6	3.480901E-8	1.000000E+0	
4.227948E+4	9.950100E+1	6.438720E+0	6.490680E+0	5.330754E+1	2.226588E-3	-1.558687E-5	9.070705E-9	5.555115E-6	4.830097E-9	1.000000E+0	
4.229328E+4	9.950000E+1	7.924579E+0	6.490680E+0	5.330754E+1	2.226588E-3	-2.900182E-5	1.382919E-8	1.032883E-5	1.000647E-8	1.000000E+0	
4.231209E+4	9.950100E+1	9.905723E-2	5.380640E+0	5.330754E+1	2.226588E-3	1.528993E-8	6.276251E-9	2.940903E-8	9.328621E-9	1.000000E+0	
4.232752E+4	9.950000E+1	2.971717E+0	5.380640E+0	5.330754E+1	2.226588E-3	-1.557913E-6	2.265368E-9	5.051970E-7	3.868112E-9	1.000000E+0	
4.234298E+4	9.950100E+1	4.952862E+0	5.380640E+0	5.330754E+1	2.226588E-3	-7.360783E-6	7.087488E-9	2.456189E-6	1.410950E-8	1.000000E+0	
4.235842E+4	9.950000E+1	6.438720E+0	5.380640E+0	5.330754E+1	2.226588E-3	-1.622989E-5	2.137150E-8	5.456795E-6	5.582003E-9	1.000000E+0	
4.237387E+4	9.950100E+1	7.924579E+0	5.380640E+0	5.330754E+1	2.226588E-3	-3.020081E-5	4.935816E-9	1.016525E-5	1.421319E-8	1.000000E+0	
4.239497E+4	9.950100E+1	9.905723E-2	4.460440E+0	5.330754E+1	2.226588E-3	-1.652087E-8	9.944236E-9	-2.217680E-8	1.107286E-8	1.000000E+0	
4.241236E+4	9.950300E+1	2.971717E+0	4.460440E+0	5.330754E+1	2.226588E-3	-1.651405E-6	7.099875E-9	4.906411E-7	1.127491E-8	1.000000E+0	
4.242971E+4	9.950200E+1	4.952862E+0	4.460440E+0	5.330754E+1	2.226588E-3	-7.687688E-6	1.904931E-8	2.558141E-6	3.996805E-8	1.000000E+0	
4.244704E+4	9.950100E+1	6.438720E+0	4.460440E+0	5.330754E+1	2.226588E-3	-1.687268E-5	5.279775E-9	5.372231E-6	1.192628E-8	1.000000E+0	
4.246437E+4	9.950000E+1	7.924579E+0	4.460440E+0	5.330754E+1	2.226588E-3	-3.146340E-5	3.864206E-8	1.000755E-5	1.700681E-8	1.000000E+0	
4.249074E+4	9.949900E+1	9.905723E-2	3.697610E+0	5.330754E+1	2.226588E-3	-1.616822E-7	1.981448E-8	2.152718E-7	3.478657E-8	1.000000E+0	
4.251047E+4	9.950000E+1	2.971717E+0	3.697610E+0	5.330754E+1	2.226588E-3	-1.706099E-6	1.926157E-8	5.390670E-7	7.296282E-9	1.000000E+0	
4.253020E+4	9.949900E+1	4.952862E+0	3.697610E+0	5.330754E+1	2.226588E-3	-7.877935E-6	2.889064E-9	2.407372E-6	5.311572E-9	1.000000E+0	
4.254996E+4	9.949900E+1	6.438720E+0	3.697610E+0	5.330754E+1	2.226588E-3	-1.750850E-5	9.001638E-9	5.336822E-6	1.946833E-8	1.000000E+0	
4.256973E+4	9.950100E+1	7.924579E+0	3.697610E+0	5.330754E+1	2.226588E-3	-3.255657E-5	8.015279E-9	9.956619E-6	7.033215E-9	1.000000E+0	
4.259883E+4	9.950000E+1	9.905723E-2	3.065240E+0	5.330754E+1	2.226588E-3	1.072303E-8	4.024192E-9	-2.187656E-8	3.458926E-9	1.000000E+0	
4.262140E+4	9.950000E+1	2.971717E+0	3.065240E+0	5.330754E+1	2.226588E-3	-1.688909E-6	5.045767E-8	5.183546E-7	2.010506E-8	1.000000E+0	
4.264405E+4	9.950100E+1	4.952862E+0	3.065240E+0	5.330754E+1	2.226588E-3	-8.274179E-6	2.468017E-8	2.748696E-6	2.889289E-8	1.000000E+0	
4.266666E+4	9.949900E+1	6.438720E+0	3.065240E+0	5.330754E+1	2.226588E-3	-1.812748E-5	3.060912E-9	5.294594E-6	2.634015E-9	1.000000E+0	
4.268927E+4	9.949900E+1	7.924579E+0	3.065240E+0	5.330754E+1	2.226588E-3	-3.375331E-5	7.899262E-9	9.848886E-6	1.865173E-8	1.000000E+0	
4.272346E+4	9.949600E+1	9.905723E-2	2.541020E+0	5.330754E+1	2.226588E-3	2.149476E-8	2.216616E-9	-3.817711E-8	1.103745E-9	1.000000E+0	
4.274948E+4	9.949400E+1	2.971717E+0	2.541020E+0	5.330754E+1	2.226588E-3	-1.812949E-6	1.298427E-9	4.873149E-7	7.844217E-10	1.000000E+0	
4.277554E+4	9.949300E+1	4.952862E+0	2.541020E+0	5.330754E+1	2.226588E-3	-8.442990E-6	1.062319E-8	2.342649E-6	4.844570E-10	1.000000E+0	
4.280166E+4	9.949300E+1	6.438720E+0	2.541020E+0	5.330754E+1	2.226588E-3	-1.878782E-5	2.071218E-9	5.262405E-6	4.319418E-10	1.000000E+0	
4.282770E+4	9.949400E+1	7.924579E+0	2.541020E+0	5.330754E+1	2.226588E-3	-3.484747E-5	1.562289E-9	9.749239E-6	1.210870E-8	1.000000E+0	
4.286729E+4	9.949800E+1	9.905723E-2	2.106450E+0	5.330754E+1	2.226588E-3	-1.191009E-8	8.268202E-9	2.871759E-9	5.341923E-9	1.000000E+0	
4.289757E+4	9.950000E+1	2.971717E+0	2.106450E+0	5.330754E+1	2.226588E-3	-1.896751E-6	3.089241E-9	5.082896E-7	8.239956E-9	1.000000E+0	
4.292781E+4	9.950100E+1	4.952862E+0	2.106450E+0	5.330754E+1	2.226588E-3	-8.769471E-6	2.466314E-9	2.322015E-6	9.234443E-10	1.000000E+0	
4.295808E+4	9.950200E+1	6.438720E+0	2.106450E+0	5.330754E+1	2.226588E-3	-1.935178E-5	6.527594E-9	5.228962E-6	3.357296E-9	1.000000E+0	
4.298830E+4	9.950000E+1	7.924579E+0	2.106450E+0	5.330754E+1	2.226588E-3	-3.600131E-5	5.961899E-9	9.666453E-6	5.580041E-9	1.000000E+0	
4.303511E+4	9.950100E+1	9.905723E-2	1.746200E+0	5.330754E+1	2.226588E-3	-1.508236E-8	2.909471E-9	1.983732E-8	3.741577E-9	1.000000E+0	
4.307034E+4	9.950100E+1	2.971717E+0	1.746200E+0	5.330754E+1	2.226588E-3	-1.998936E-6	2.524932E-9	5.030556E-7	4.422047E-9	1.000000E+0	
4.310563E+4	9.950000E+1	4.952862E+0	1.746200E+0	5.330754E+1	2.226588E-3	-9.018545E-6	1.005810E-8	2.272256E-6	9.128904E-9	1.000000E+0	
4.314084E+4	9.950100E+1	6.438720E+0	1.746200E+0	5.330754E+1	2.226588E-3	-1.993881E-5	1.385910E-8	4.893928E-6	7.856429E-9	1.000000E+0	
4.317612E+4	9.950200E+1	7.924579E+0	1.746200E+0	5.330754E+1	2.226588E-3	-3.713696E-5	3.444320E-9	9.530705E-6	8.546865E-9	1.000000E+0	
4.323157E+4	9.950200E+1	9.905723E-2	1.447560E+0	5.330754E+1	2.226588E-3	-5.389810E-9	3.369578E-9	-3.928704E-9	6.719272E-9	1.000000E+0	
4.327300E+4	9.950100E+1	2.971717E+0	1.447560E+0	5.330754E+1	2.226588E-3	-2.146856E-6	2.054334E-8	3.326625E-7	4.426189E-9	1.000000E+0	
4.331432E+4	9.950100E+1	4.952862E+0	1.447560E+0	5.330754E+1	2.226588E-3	-9.241250E-6	5.388866E-9	2.250186E-6	1.547993E-9	1.000000E+0	
4.335567E+4	9.950100E+1	6.438720E+0	1.447560E+0	5.330754E+1	2.226588E-3	-2.052708E-5	9.361343E-10	5.029719E-6	9.418509E-10	1.000000E+0	
4.339702E+4	9.950000E+1	7.924579E+0	1.447560E+0	5.330754E+1	2.226588E-3	-3.826399E-5	1.060215E-9	9.302480E-6	4.709968E-9	1.000000E+0	
4.345967E+4	9.950100E+1	9.905723E-2	1.200000E+0	5.330754E+1	2.226588E-3	1.060684E-8	2.666135E-9	-7.823235E-9	2.414291E-9	1.000000E+0	
4.350834E+4	9.950100E+1	2.971717E+0	1.200000E+0	5.330754E+1	2.226588E-3	-2.035657E-6	4.868482E-9	4.459108E-7	2.786120E-8	1.000000E+0	
4.355705E+4	9.950000E+1	4.952862E+0	1.200000E+0	5.330754E+1	2.226588E-3	-9.463783E-6	5.289792E-9	2.099968E-6	8.417666E-10	1.000000E+0	
4.360571E+4	9.949900E+1	6.438720E+0	1.200000E+0	5.330754E+1	2.226588E-3	-2.102300E-5	3.615071E-9	4.863908E-6	1.897777E-9	1.000000E+0	
4.365435E+4	9.950000E+1	7.924579E+0	1.200000E+0	5.330754E+1	2.226588E-3	-3.921018E-5	2.251773E-9	9.094706E-6	1.279175E-9	1.000000E+0	
--- > K and esd K (estimated based on user TCR) : -4.684256E+0	-3.147055E-2	

*** Temperature stable /K : 1.044900000E+2
--- > R0 : 5.381299E+1	5.381416E+1	5.381404E+1	5.380982E+1	5.380695E+1	5.381138E+1	5.381342E+1	5.381369E+1	5.381565E+1	5.381048E+1	5.381038E+1	5.380928E+1	
time /sec  	temp /K    	current /mA	freq /Hz   	R0 /Ohms   	esd R0     	V3X /V_rms 	esd V3X    	V3Y /V_rms 	esd V3Y    	Data_Valid?
4.390402E+4	1.044700E+2	9.905701E-2	2.000000E+1	5.381186E+1	2.535553E-3	6.995401E-9	7.932136E-9	-9.275569E-9	1.765861E-8	1.000000E+0	
4.391248E+4	1.044600E+2	2.971710E+0	2.000000E+1	5.381186E+1	2.535553E-3	-1.103341E-6	2.446895E-8	5.510312E-7	1.287317E-8	1.000000E+0	
4.392093E+4	1.044600E+2	4.952851E+0	2.000000E+1	5.381186E+1	2.535553E-3	-5.052799E-6	1.841017E-8	2.526360E-6	1.865268E-8	1.000000E+0	
4.392934E+4	1.044600E+2	6.438706E+0	2.000000E+1	5.381186E+1	2.535553E-3	-1.117325E-5	1.714316E-8	5.653968E-6	1.000924E-8	1.000000E+0	
4.393776E+4	1.044600E+2	7.924561E+0	2.000000E+1	5.381186E+1	2.535553E-3	-2.076425E-5	1.564263E-8	1.057622E-5	3.576141E-8	1.000000E+0	
4.394971E+4	1.044700E+2	9.905701E-2	1.657958E+1	5.381186E+1	2.535553E-3	-1.148352E-6	4.708485E-6	2.136659E-6	3.657326E-6	1.000000E+0	
4.395864E+4	1.044700E+2	2.971710E+0	1.657958E+1	5.381186E+1	2.535553E-3	-2.192619E-6	4.807152E-6	-1.962540E-6	3.429059E-6	1.000000E+0	
4.396759E+4	1.044700E+2	4.952851E+0	1.657958E+1	5.381186E+1	2.535553E-3	-2.600871E-6	3.035248E-6	2.463508E-6	5.066627E-6	1.000000E+0	
4.397656E+4	1.044800E+2	6.438706E+0	1.657958E+1	5.381186E+1	2.535553E-3	-1.216596E-5	4.994669E-6	8.428110E-6	3.159663E-6	1.000000E+0	
4.398550E+4	1.044800E+2	7.924561E+0	1.657958E+1	5.381186E+1	2.535553E-3	-2.443180E-5	3.539146E-6	9.495855E-6	4.769286E-6	1.000000E+0	
4.399807E+4	1.044900E+2	9.905701E-2	1.374412E+1	5.381186E+1	2.535553E-3	7.843466E-9	1.193391E-8	-3.064363E-9	1.574602E-8	1.000000E+0	
4.400763E+4	1.044900E+2	2.971710E+0	1.374412E+1	5.381186E+1	2.535553E-3	-1.228167E-6	6.540285E-9	5.377937E-7	2.961554E-8	1.000000E+0	
4.401720E+4	1.044900E+2	4.952851E+0	1.374412E+1	5.381186E+1	2.535553E-3	-5.673391E-6	1.394032E-8	2.532347E-6	1.241687E-8	1.000000E+0	
4.402678E+4	1.045000E+2	6.438706E+0	1.374412E+1	5.381186E+1	2.535553E-3	-1.260894E-5	1.149782E-8	5.681263E-6	2.412465E-8	1.000000E+0	
4.403637E+4	1.045000E+2	7.924561E+0	1.374412E+1	5.381186E+1	2.535553E-3	-2.339325E-5	1.615715E-8	1.058138E-5	1.144917E-8	1.000000E+0	
4.404970E+4	1.045000E+2	9.905701E-2	1.139358E+1	5.381186E+1	2.535553E-3	-1.955433E-8	1.436743E-8	8.351233E-9	2.174967E-8	1.000000E+0	
4.406006E+4	1.045000E+2	2.971710E+0	1.139358E+1	5.381186E+1	2.535553E-3	-1.274107E-6	2.300514E-8	5.533449E-7	1.183537E-8	1.000000E+0	
4.407040E+4	1.045000E+2	4.952851E+0	1.139358E+1	5.381186E+1	2.535553E-3	-5.998802E-6	8.677026E-9	2.566703E-6	7.500609E-9	1.000000E+0	
4.408077E+4	1.045000E+2	6.438706E+0	1.139358E+1	5.381186E+1	2.535553E-3	-1.327681E-5	1.646631E-8	5.637859E-6	1.477800E-8	1.000000E+0	
4.409116E+4	1.045000E+2	7.924561E+0	1.139358E+1	5.381186E+1	2.535553E-3	-2.471101E-5	8.649659E-9	1.052329E-5	2.284483E-8	1.000000E+0	
4.410543E+4	1.045000E+2	9.905701E-2	9.445040E+0	5.381186E+1	2.535553E-3	-1.377185E-8	1.799266E-8	-2.091363E-8	1.430609E-8	1.000000E+0	
4.411667E+4	1.045000E+2	2.971710E+0	9.445040E+0	5.381186E+1	2.535553E-3	-1.354351E-6	1.044700E-8	5.099554E-7	2.125102E-8	1.000000E+0	
4.412793E+4	1.045000E+2	4.952851E+0	9.445040E+0	5.381186E+1	2.535553E-3	-6.337972E-6	3.468650E-8	2.582433E-6	2.607699E-8	1.000000E+0	
4.413919E+4	1.045000E+2	6.438706E+0	9.445040E+0	5.381186E+1	2.535553E-3	-1.399547E-5	8.328962E-9	5.607845E-6	1.049312E-8	1.000000E+0	
4.415050E+4	1.045000E+2	7.924561E+0	9.445040E+0	5.381186E+1	2.535553E-3	-2.605466E-5	2.660873E-8	1.051505E-5	4.734109E-8	1.000000E+0	
4.416584E+4	1.045000E+2	9.905701E-2	7.829740E+0	5.381186E+1	2.535553E-3	-4.428262E-9	8.629642E-9	-3.383377E-8	2.344207E-8	1.000000E+0	
4.417818E+4	1.045000E+2	2.971710E+0	7.829740E+0	5.381186E+1	2.535553E-3	-1.388159E-6	1.183092E-8	5.307274E-7	1.633135E-8	1.000000E+0	
4.419059E+4	1.045000E+2	4.952851E+0	7.829740E+0	5.381186E+1	2.535553E-3	-6.630802E-6	1.494458E-8	2.515738E-6	2.318325E-8	1.000000E+0	
4.420296E+4	1.045000E+2	6.438706E+0	7.829740E+0	5.381186E+1	2.535553E-3	-1.465177E-5	1.561362E-8	5.559955E-6	8.023264E-9	1.000000E+0	
4.421536E+4	1.045000E+2	7.924561E+0	7.829740E+0	5.381186E+1	2.535553E-3	-2.721467E-5	1.593441E-8	1.031640E-5	7.733109E-9	1.000000E+0	
4.423274E+4	1.045000E+2	9.905701E-2	6.490680E+0	5.381186E+1	2.535553E-3	-2.378023E-8	1.643468E-8	-3.132915E-8	4.416198E-9	1.000000E+0	
4.424651E+4	1.045000E+2	2.971710E+0	6.490680E+0	5.381186E+1	2.535553E-3	-1.485163E-6	8.922179E-9	5.235103E-7	1.220140E-8	1.000000E+0	
4.426027E+4	1.045000E+2	4.952851E+0	6.490680E+0	5.381186E+1	2.535553E-3	-6.929936E-6	4.680428E-9	2.483486E-6	6.640993E-9	1.000000E+0	
4.427398E+4	1.045000E+2	6.438706E+0	6.490680E+0	5.381186E+1	2.535553E-3	-1.531040E-5	6.729760E-9	5.494686E-6	2.871670E-9	1.000000E+0	
4.428774E+4	1.045000E+2	7.924561E+0	6.490680E+0	5.381186E+1	2.535553E-3	-2.842948E-5	2.309100E-8	1.029636E-5	2.628306E-8	1.000000E+0	
4.430662E+4	1.045000E+2	9.905701E-2	5.380640E+0	5.381186E+1	2.535553E-3	1.748216E-8	1.931613E-8	-1.148844E-8	1.097358E-8	1.000000E+0	
4.432208E+4	1.045000E+2	2.971710E+0	5.380640E+0	5.381186E+1	2.535553E-3	-1.549887E-6	1.270208E-8	5.413058E-7	2.833376E-9	1.000000E+0	
4.433744E+4	1.045000E+2	4.952851E+0	5.380640E+0	5.381186E+1	2.535553E-3	-7.206637E-6	3.122623E-9	2.446599E-6	6.776093E-9	1.000000E+0	
4.435282E+4	1.045000E+2	6.438706E+0	5.380640E+0	5.381186E+1	2.535553E-3	-1.593807E-5	8.509589E-9	5.429968E-6	2.773239E-9	1.000000E+0	
4.436826E+4	1.045000E+2	7.924561E+0	5.380640E+0	5.381186E+1	2.535553E-3	-2.964063E-5	5.535190E-9	1.009102E-5	1.050155E-8	1.000000E+0	
4.438927E+4	1.045000E+2	9.905701E-2	4.460440E+0	5.381186E+1	2.535553E-3	8.325147E-9	4.499261E-9	5.323562E-9	6.248853E-9	1.000000E+0	
4.440664E+4	1.045000E+2	2.971710E+0	4.460440E+0	5.381186E+1	2.535553E-3	-1.683225E-6	1.565065E-8	4.796026E-7	9.794991E-9	1.000000E+0	
4.442401E+4	1.045000E+2	4.952851E+0	4.460440E+0	5.381186E+1	2.535553E-3	-7.423672E-6	1.081433E-8	2.441567E-6	1.468368E-8	1.000000E+0	
4.444143E+4	1.045000E+2	6.438706E+0	4.460440E+0	5.381186E+1	2.535553E-3	-1.654094E-5	6.512700E-9	5.375969E-6	1.861350E-9	1.000000E+0	
4.445884E+4	1.045000E+2	7.924561E+0	4.460440E+0	5.381186E+1	2.535553E-3	-3.075678E-5	2.204112E-8	1.002241E-5	5.573661E-9	1.000000E+0	
4.448530E+4	1.045000E+2	9.905701E-2	3.697610E+0	5.381186E+1	2.535553E-3	3.479809E-10	2.795199E-9	-5.144406E-8	5.062383E-9	1.000000E+0	
4.450501E+4	1.045000E+2	2.971710E+0	3.697610E+0	5.381186E+1	2.535553E-3	-1.666058E-6	4.713297E-9	5.088312E-7	6.776482E-9	1.000000E+0	
4.452475E+4	1.045000E+2	4.952851E+0	3.697610E+0	5.381186E+1	2.535553E-3	-7.752057E-6	4.315657E-9	2.403581E-6	5.342156E-9	1.000000E+0	
4.454446E+4	1.045000E+2	6.438706E+0	3.697610E+0	5.381186E+1	2.535553E-3	-1.725838E-5	2.456977E-8	5.499277E-6	2.761293E-8	1.000000E+0	
4.456423E+4	1.045000E+2	7.924561E+0	3.697610E+0	5.381186E+1	2.535553E-3	-3.196054E-5	9.717429E-9	9.902194E-6	9.449944E-9	1.000000E+0	
4.459340E+4	1.045000E+2	9.905701E-2	3.065240E+0	5.381186E+1	2.535553E-3	-1.583743E-8	1.801623E-9	-3.561754E-9	3.974185E-9	1.000000E+0	
4.461599E+4	1.045000E+2	2.971710E+0	3.065240E+0	5.381186E+1	2.535553E-3	-1.723737E-6	4.420022E-9	4.629463E-7	5.111365E-9	1.000000E+0	
4.463861E+4	1.045000E+2	4.952851E+0	3.065240E+0	5.381186E+1	2.535553E-3	-8.007358E-6	5.507713E-9	2.334700E-6	6.156463E-9	1.000000E+0	
4.466126E+4	1.045000E+2	6.438706E+0	3.065240E+0	5.381186E+1	2.535553E-3	-1.776125E-5	5.032800E-9	5.237609E-6	5.915212E-9	1.000000E+0	
4.468384E+4	1.045000E+2	7.924561E+0	3.065240E+0	5.381186E+1	2.535553E-3	-3.301028E-5	1.020921E-8	9.778138E-6	1.108532E-8	1.000000E+0	
4.471778E+4	1.045000E+2	9.905701E-2	2.541020E+0	5.381186E+1	2.535553E-3	4.938083E-9	2.050388E-9	2.727898E-8	2.317843E-10	1.000000E+0	
4.474379E+4	1.045000E+2	2.971710E+0	2.541020E+0	5.381186E+1	2.535553E-3	-1.782413E-6	2.090960E-9	4.879187E-7	1.516452E-9	1.000000E+0	
4.476980E+4	1.045000E+2	4.952851E+0	2.541020E+0	5.381186E+1	2.535553E-3	-8.307837E-6	5.188583E-9	2.364871E-6	2.180366E-9	1.000000E+0	
4.479581E+4	1.045000E+2	6.438706E+0	2.541020E+0	5.381186E+1	2.535553E-3	-1.832882E-5	4.321121E-9	5.211521E-6	7.431332E-9	1.000000E+0	
4.482187E+4	1.045000E+2	7.924561E+0	2.541020E+0	5.381186E+1	2.535553E-3	-3.419538E-5	1.920809E-8	9.660976E-6	1.853997E-8	1.000000E+0	
4.486161E+4	1.045000E+2	9.905701E-2	2.106450E+0	5.381186E+1	2.535553E-3	-1.720312E-8	4.319344E-9	-2.561372E-8	6.702835E-9	1.000000E+0	
4.489187E+4	1.045000E+2	2.971710E+0	2.106450E+0	5.381186E+1	2.535553E-3	-1.851369E-6	7.421928E-9	3.282413E-7	2.900831E-8	1.000000E+0	
4.492210E+4	1.045000E+2	4.952851E+0	2.106450E+0	5.381186E+1	2.535553E-3	-8.535286E-6	4.986940E-10	2.319725E-6	3.220667E-9	1.000000E+0	
4.495232E+4	1.045000E+2	6.438706E+0	2.106450E+0	5.381186E+1	2.535553E-3	-1.895481E-5	1.974032E-9	5.114924E-6	5.478549E-9	1.000000E+0	
4.498254E+4	1.045000E+2	7.924561E+0	2.106450E+0	5.381186E+1	2.535553E-3	-3.523000E-5	3.218211E-9	9.570976E-6	7.575004E-9	1.000000E+0	
4.502880E+4	1.045000E+2	9.905701E-2	1.746200E+0	5.381186E+1	2.535553E-3	1.691946E-8	3.686357E-9	-2.888853E-8	9.935299E-9	1.000000E+0	
4.506411E+4	1.045000E+2	2.971710E+0	1.746200E+0	5.381186E+1	2.535553E-3	-1.917675E-6	2.128046E-9	4.805332E-7	2.858007E-9	1.000000E+0	
4.509934E+4	1.045000E+2	4.952851E+0	1.746200E+0	5.381186E+1	2.535553E-3	-8.826454E-6	2.786107E-9	2.281414E-6	2.315197E-9	1.000000E+0	
4.513459E+4	1.045000E+2	6.438706E+0	1.746200E+0	5.381186E+1	2.535553E-3	-1.954898E-5	3.894526E-9	5.099105E-6	1.992625E-9	1.000000E+0	
4.516986E+4	1.045000E+2	7.924561E+0	1.746200E+0	5.381186E+1	2.535553E-3	-3.632013E-5	1.746630E-8	9.479400E-6	5.057013E-9	1.000000E+0	
4.522455E+4	1.045000E+2	9.905701E-2	1.447560E+0	5.381186E+1	2.535553E-3	1.985734E-8	3.535923E-10	-5.118703E-8	3.115767E-9	1.000000E+0	
4.526595E+4	1.045000E+2	2.971710E+0	1.447560E+0	5.381186E+1	2.535553E-3	-1.851809E-6	2.493786E-8	2.569378E-7	5.164561E-8	1.000000E+0	
4.530728E+4	1.045000E+2	4.952851E+0	1.447560E+0	5.381186E+1	2.535553E-3	-9.042763E-6	5.309623E-9	2.219516E-6	7.351504E-9	1.000000E+0	
4.534862E+4	1.045000E+2	6.438706E+0	1.447560E+0	5.381186E+1	2.535553E-3	-2.014484E-5	1.207372E-8	5.034481E-6	6.334213E-9	1.000000E+0	
4.538999E+4	1.045000E+2	7.924561E+0	1.447560E+0	5.381186E+1	2.535553E-3	-3.742110E-5	7.246297E-10	9.398408E-6	6.166187E-9	1.000000E+0	
4.545296E+4	1.045000E+2	9.905701E-2	1.200000E+0	5.381186E+1	2.535553E-3	-1.666539E-8	1.132014E-8	-1.270560E-7	2.067676E-8	1.000000E+0	
4.550168E+4	1.045000E+2	2.971710E+0	1.200000E+0	5.381186E+1	2.535553E-3	-2.014868E-6	3.088258E-9	3.971300E-7	1.948928E-9	1.000000E+0	
4.555033E+4	1.045000E+2	4.952851E+0	1.200000E+0	5.381186E+1	2.535553E-3	-9.251787E-6	2.682730E-9	2.141637E-6	6.586544E-10	1.000000E+0	
4.559903E+4	1.045000E+2	6.438706E+0	1.200000E+0	5.381186E+1	2.535553E-3	-2.057196E-5	1.384272E-9	4.809003E-6	5.407589E-9	1.000000E+0	
4.564773E+4	1.045000E+2	7.924561E+0	1.200000E+0	5.381186E+1	2.535553E-3	-3.885580E-5	3.057743E-8	9.436024E-6	1.022498E-8	1.000000E+0	
--- > K and esd K (estimated based on user TCR) : -4.955693E+0	-3.373974E-2	

*** Temperature stable /K : 1.094800000E+2
--- > R0 : 5.427895E+1	5.427786E+1	5.427450E+1	5.427863E+1	5.428243E+1	5.428133E+1	5.427845E+1	5.427517E+1	5.427560E+1	5.428004E+1	5.428179E+1	5.428013E+1	
time /sec  	temp /K    	current /mA	freq /Hz   	R0 /Ohms   	esd R0     	V3X /V_rms 	esd V3X    	V3Y /V_rms 	esd V3Y    	Data_Valid?
4.590030E+4	1.094600E+2	9.905683E-2	2.000000E+1	5.427874E+1	2.606351E-3	6.260713E-9	1.401990E-8	1.552055E-8	2.183562E-8	1.000000E+0	
4.590866E+4	1.094600E+2	2.971705E+0	2.000000E+1	5.427874E+1	2.606351E-3	-1.048386E-6	1.584569E-8	5.608607E-7	4.268706E-8	1.000000E+0	
4.591709E+4	1.094600E+2	4.952842E+0	2.000000E+1	5.427874E+1	2.606351E-3	-4.893140E-6	3.389458E-8	2.507936E-6	1.528137E-8	1.000000E+0	
4.592550E+4	1.094600E+2	6.438694E+0	2.000000E+1	5.427874E+1	2.606351E-3	-1.080600E-5	2.295933E-8	5.564228E-6	1.676310E-8	1.000000E+0	
4.593391E+4	1.094600E+2	7.924547E+0	2.000000E+1	5.427874E+1	2.606351E-3	-2.011486E-5	1.861560E-8	1.035047E-5	1.057805E-8	1.000000E+0	
4.594582E+4	1.094600E+2	9.905683E-2	1.657958E+1	5.427874E+1	2.606351E-3	-1.432979E-6	4.715436E-6	2.662547E-6	3.530401E-6	1.000000E+0	
4.595480E+4	1.094700E+2	2.971705E+0	1.657958E+1	5.427874E+1	2.606351E-3	-3.694803E-6	3.515933E-6	-6.449069E-7	4.771612E-6	1.000000E+0	
4.596371E+4	1.094700E+2	4.952842E+0	1.657958E+1	5.427874E+1	2.606351E-3	-4.137953E-6	4.782339E-6	-3.183791E-7	3.266806E-6	1.000000E+0	
4.597266E+4	1.094700E+2	6.438694E+0	1.657958E+1	5.427874E+1	2.606351E-3	-8.736434E-6	3.205769E-6	6.594774E-6	4.899450E-6	1.000000E+0	
4.598161E+4	1.094800E+2	7.924547E+0	1.657958E+1	5.427874E+1	2.606351E-3	-2.205134E-5	4.967865E-6	1.313618E-5	3.148501E-6	1.000000E+0	
4.599411E+4	1.094800E+2	9.905683E-2	1.374412E+1	5.427874E+1	2.606351E-3	-7.114609E-9	1.953616E-8	2.787050E-8	5.685098E-8	1.000000E+0	
4.600368E+4	1.094900E+2	2.971705E+0	1.374412E+1	5.427874E+1	2.606351E-3	-1.162502E-6	8.287866E-9	5.311778E-7	1.829316E-8	1.000000E+0	
4.601317E+4	1.094900E+2	4.952842E+0	1.374412E+1	5.427874E+1	2.606351E-3	-5.510327E-6	6.719704E-9	2.521374E-6	1.128580E-8	1.000000E+0	
4.602276E+4	1.095000E+2	6.438694E+0	1.374412E+1	5.427874E+1	2.606351E-3	-1.217479E-5	8.799415E-9	5.591389E-6	1.456739E-8	1.000000E+0	
4.603236E+4	1.095000E+2	7.924547E+0	1.374412E+1	5.427874E+1	2.606351E-3	-2.266174E-5	7.162535E-9	1.040274E-5	1.034031E-8	1.000000E+0	
4.604571E+4	1.095000E+2	9.905683E-2	1.139358E+1	5.427874E+1	2.606351E-3	-1.005793E-8	2.334812E-8	-7.735069E-9	1.042327E-8	1.000000E+0	
4.605599E+4	1.095000E+2	2.971705E+0	1.139358E+1	5.427874E+1	2.606351E-3	-1.194083E-6	2.870774E-8	5.531541E-7	8.844957E-9	1.000000E+0	
4.606636E+4	1.095000E+2	4.952842E+0	1.139358E+1	5.427874E+1	2.606351E-3	-5.788556E-6	2.159869E-8	2.508731E-6	1.356247E-8	1.000000E+0	
4.607670E+4	1.095000E+2	6.438694E+0	1.139358E+1	5.427874E+1	2.606351E-3	-1.289767E-5	1.785600E-8	5.550467E-6	1.310052E-8	1.000000E+0	
4.608707E+4	1.095000E+2	7.924547E+0	1.139358E+1	5.427874E+1	2.606351E-3	-2.395399E-5	7.952762E-9	1.035761E-5	4.955979E-9	1.000000E+0	
4.610131E+4	1.095000E+2	9.905683E-2	9.445040E+0	5.427874E+1	2.606351E-3	-1.567032E-8	1.025259E-8	8.632423E-9	9.294793E-9	1.000000E+0	
4.611254E+4	1.095000E+2	2.971705E+0	9.445040E+0	5.427874E+1	2.606351E-3	-1.328358E-6	4.145533E-8	5.415221E-7	3.098910E-8	1.000000E+0	
4.612378E+4	1.095000E+2	4.952842E+0	9.445040E+0	5.427874E+1	2.606351E-3	-6.102277E-6	9.414889E-9	2.499082E-6	1.893202E-8	1.000000E+0	
4.613509E+4	1.095000E+2	6.438694E+0	9.445040E+0	5.427874E+1	2.606351E-3	-1.353229E-5	2.037534E-8	5.498532E-6	1.267478E-8	1.000000E+0	
4.614639E+4	1.095000E+2	7.924547E+0	9.445040E+0	5.427874E+1	2.606351E-3	-2.522698E-5	1.490386E-8	1.029374E-5	1.057728E-8	1.000000E+0	
4.616174E+4	1.095000E+2	9.905683E-2	7.829740E+0	5.427874E+1	2.606351E-3	7.846127E-10	1.211545E-8	-2.143342E-8	2.214228E-8	1.000000E+0	
4.617414E+4	1.095000E+2	2.971705E+0	7.829740E+0	5.427874E+1	2.606351E-3	-1.366288E-6	1.807173E-8	5.348463E-7	6.317526E-9	1.000000E+0	
4.618651E+4	1.095000E+2	4.952842E+0	7.829740E+0	5.427874E+1	2.606351E-3	-6.419041E-6	1.378453E-8	2.503350E-6	1.507056E-8	1.000000E+0	
4.619891E+4	1.095000E+2	6.438694E+0	7.829740E+0	5.427874E+1	2.606351E-3	-1.421438E-5	1.956141E-8	5.505823E-6	3.280422E-9	1.000000E+0	
4.621133E+4	1.095000E+2	7.924547E+0	7.829740E+0	5.427874E+1	2.606351E-3	-2.638785E-5	6.383704E-8	1.018510E-5	9.159597E-9	1.000000E+0	
4.622857E+4	1.095000E+2	9.905683E-2	6.490680E+0	5.427874E+1	2.606351E-3	1.300180E-8	8.757422E-9	-3.795765E-8	1.358571E-8	1.000000E+0	
4.624234E+4	1.095000E+2	2.971705E+0	6.490680E+0	5.427874E+1	2.606351E-3	-1.453838E-6	2.545097E-8	5.254578E-7	6.379202E-8	1.000000E+0	
4.625608E+4	1.095000E+2	4.952842E+0	6.490680E+0	5.427874E+1	2.606351E-3	-6.693474E-6	2.633586E-8	2.438372E-6	9.763629E-9	1.000000E+0	
4.626984E+4	1.095000E+2	6.438694E+0	6.490680E+0	5.427874E+1	2.606351E-3	-1.489187E-5	5.768525E-9	5.467706E-6	7.905030E-9	1.000000E+0	
4.628363E+4	1.095000E+2	7.924547E+0	6.490680E+0	5.427874E+1	2.606351E-3	-2.768308E-5	4.904679E-9	1.011962E-5	6.564625E-9	1.000000E+0	
4.630252E+4	1.095000E+2	9.905683E-2	5.380640E+0	5.427874E+1	2.606351E-3	1.037159E-8	7.753342E-9	-7.116342E-9	4.382096E-9	1.000000E+0	
4.631793E+4	1.095000E+2	2.971705E+0	5.380640E+0	5.427874E+1	2.606351E-3	-1.489057E-6	3.518042E-9	5.103075E-7	2.497599E-8	1.000000E+0	
4.633334E+4	1.095000E+2	4.952842E+0	5.380640E+0	5.427874E+1	2.606351E-3	-6.998703E-6	1.118495E-8	2.378564E-6	1.249442E-8	1.000000E+0	
4.634877E+4	1.095000E+2	6.438694E+0	5.380640E+0	5.427874E+1	2.606351E-3	-1.536509E-5	4.812650E-8	5.344074E-6	1.041690E-8	1.000000E+0	
4.636420E+4	1.095000E+2	7.924547E+0	5.380640E+0	5.427874E+1	2.606351E-3	-2.885388E-5	8.444927E-9	9.998324E-6	5.746478E-9	1.000000E+0	
4.638537E+4	1.095000E+2	9.905683E-2	4.460440E+0	5.427874E+1	2.606351E-3	-2.938837E-8	8.021955E-9	2.933471E-8	1.205184E-8	1.000000E+0	
4.640274E+4	1.095000E+2	2.971705E+0	4.460440E+0	5.427874E+1	2.606351E-3	-1.548762E-6	1.016157E-8	5.341479E-7	3.004017E-9	1.000000E+0	
4.642012E+4	1.095000E+2	4.952842E+0	4.460440E+0	5.427874E+1	2.606351E-3	-7.321716E-6	1.190050E-8	2.373590E-6	4.227319E-9	1.000000E+0	
4.643752E+4	1.095000E+2	6.438694E+0	4.460440E+0	5.427874E+1	2.606351E-3	-1.614772E-5	5.965554E-9	5.362684E-6	1.015183E-8	1.000000E+0	
4.645490E+4	1.095000E+2	7.924547E+0	4.460440E+0	5.427874E+1	2.606351E-3	-3.006411E-5	1.016751E-8	9.908340E-6	6.986800E-9	1.000000E+0	
4.648082E+4	1.095000E+2	9.905683E-2	3.697610E+0	5.427874E+1	2.606351E-3	-6.866867E-9	1.993998E-8	-7.391619E-9	1.661176E-8	1.000000E+0	
4.650055E+4	1.095000E+2	2.971705E+0	3.697610E+0	5.427874E+1	2.606351E-3	-1.621445E-6	3.922227E-9	4.827040E-7	1.240150E-9	1.000000E+0	
4.652033E+4	1.095000E+2	4.952842E+0	3.697610E+0	5.427874E+1	2.606351E-3	-7.576045E-6	1.109635E-8	2.393940E-6	8.690581E-9	1.000000E+0	
4.654010E+4	1.095000E+2	6.438694E+0	3.697610E+0	5.427874E+1	2.606351E-3	-1.677326E-5	2.022811E-8	5.297481E-6	2.602803E-9	1.000000E+0	
4.655982E+4	1.095000E+2	7.924547E+0	3.697610E+0	5.427874E+1	2.606351E-3	-3.121152E-5	1.388425E-8	9.821407E-6	8.667717E-10	1.000000E+0	
4.658882E+4	1.095000E+2	9.905683E-2	3.065240E+0	5.427874E+1	2.606351E-3	-1.920235E-8	3.818297E-9	-2.449439E-8	1.621090E-8	1.000000E+0	
4.661143E+4	1.095000E+2	2.971705E+0	3.065240E+0	5.427874E+1	2.606351E-3	-1.670722E-6	1.317361E-8	3.092413E-7	5.419362E-8	1.000000E+0	
4.663399E+4	1.095000E+2	4.952842E+0	3.065240E+0	5.427874E+1	2.606351E-3	-7.842403E-6	3.847767E-9	2.325365E-6	7.658140E-9	1.000000E+0	
4.665660E+4	1.095000E+2	6.438694E+0	3.065240E+0	5.427874E+1	2.606351E-3	-1.733082E-5	1.210614E-8	5.405769E-6	1.715657E-8	1.000000E+0	
4.667922E+4	1.095000E+2	7.924547E+0	3.065240E+0	5.427874E+1	2.606351E-3	-3.229089E-5	3.934211E-8	9.648477E-6	5.902742E-8	1.000000E+0	
4.671300E+4	1.095000E+2	9.905683E-2	2.541020E+0	5.427874E+1	2.606351E-3	-3.257177E-8	2.878566E-9	-1.130117E-7	2.313713E-8	1.000000E+0	
4.673898E+4	1.095000E+2	2.971705E+0	2.541020E+0	5.427874E+1	2.606351E-3	-1.873919E-6	1.255660E-8	6.098074E-7	8.791672E-9	1.000000E+0	
4.676502E+4	1.095000E+2	4.952842E+0	2.541020E+0	5.427874E+1	2.606351E-3	-8.077732E-6	2.690085E-8	2.292750E-6	2.250858E-8	1.000000E+0	
4.679106E+4	1.095000E+2	6.438694E+0	2.541020E+0	5.427874E+1	2.606351E-3	-1.800978E-5	5.420791E-9	5.146234E-6	6.085839E-10	1.000000E+0	
4.681712E+4	1.095000E+2	7.924547E+0	2.541020E+0	5.427874E+1	2.606351E-3	-3.347100E-5	4.390217E-9	9.609627E-6	6.694673E-10	1.000000E+0	
4.685680E+4	1.095000E+2	9.905683E-2	2.106450E+0	5.427874E+1	2.606351E-3	-1.476355E-8	1.157773E-9	2.381441E-8	1.108066E-8	1.000000E+0	
4.688703E+4	1.095000E+2	2.971705E+0	2.106450E+0	5.427874E+1	2.606351E-3	-1.852363E-6	7.533766E-9	4.469382E-7	1.707922E-9	1.000000E+0	
4.691721E+4	1.095000E+2	4.952842E+0	2.106450E+0	5.427874E+1	2.606351E-3	-8.503520E-6	3.920789E-8	2.343558E-6	1.856776E-8	1.000000E+0	
4.694743E+4	1.095000E+2	6.438694E+0	2.106450E+0	5.427874E+1	2.606351E-3	-1.849761E-5	3.176221E-8	5.036560E-6	8.001217E-9	1.000000E+0	
4.697774E+4	1.095000E+2	7.924547E+0	2.106450E+0	5.427874E+1	2.606351E-3	-3.458278E-5	8.762625E-9	9.412272E-6	5.880138E-9	1.000000E+0	
4.702414E+4	1.095000E+2	9.905683E-2	1.746200E+0	5.427874E+1	2.606351E-3	7.028246E-8	2.177945E-8	-3.397764E-7	6.634260E-8	1.000000E+0	
4.705939E+4	1.095000E+2	2.971705E+0	1.746200E+0	5.427874E+1	2.606351E-3	-1.847032E-6	9.944550E-10	5.031184E-7	2.751748E-9	1.000000E+0	
4.709464E+4	1.095000E+2	4.952842E+0	1.746200E+0	5.427874E+1	2.606351E-3	-8.632213E-6	1.191942E-9	2.261929E-6	5.042305E-9	1.000000E+0	
4.712992E+4	1.095000E+2	6.438694E+0	1.746200E+0	5.427874E+1	2.606351E-3	-1.911751E-5	7.304293E-9	5.062697E-6	6.026709E-9	1.000000E+0	
4.716516E+4	1.095000E+2	7.924547E+0	1.746200E+0	5.427874E+1	2.606351E-3	-3.561745E-5	4.311621E-9	9.398964E-6	4.689285E-10	1.000000E+0	
4.721972E+4	1.095000E+2	9.905683E-2	1.447560E+0	5.427874E+1	2.606351E-3	4.998525E-7	8.005300E-9	-4.037074E-7	2.344258E-8	1.000000E+0	
4.726113E+4	1.095000E+2	2.971705E+0	1.447560E+0	5.427874E+1	2.606351E-3	-1.981007E-6	2.945693E-9	-2.002304E-7	4.819670E-8	1.000000E+0	
4.730247E+4	1.095000E+2	4.952842E+0	1.447560E+0	5.427874E+1	2.606351E-3	-9.043711E-6	2.717764E-8	2.137336E-6	3.741808E-8	1.000000E+0	
4.734377E+4	1.095000E+2	6.438694E+0	1.447560E+0	5.427874E+1	2.606351E-3	-1.973946E-5	1.473740E-9	4.979009E-6	1.838059E-9	1.000000E+0	
4.738508E+4	1.095000E+2	7.924547E+0	1.447560E+0	5.427874E+1	2.606351E-3	-3.680167E-5	2.364519E-8	9.485059E-6	8.839712E-10	1.000000E+0	
4.744873E+4	1.095000E+2	9.905683E-2	1.200000E+0	5.427874E+1	2.606351E-3	-1.687208E-9	1.933381E-9	-1.205765E-10	1.551407E-9	1.000000E+0	
4.749736E+4	1.095000E+2	2.971705E+0	1.200000E+0	5.427874E+1	2.606351E-3	-1.845987E-6	7.681613E-9	3.677188E-7	6.135542E-10	1.000000E+0	
4.754607E+4	1.095000E+2	4.952842E+0	1.200000E+0	5.427874E+1	2.606351E-3	-9.104556E-6	2.029861E-8	2.062255E-6	1.973341E-8	1.000000E+0	
4.759478E+4	1.095000E+2	6.438694E+0	1.200000E+0	5.427874E+1	2.606351E-3	-2.025802E-5	6.147233E-9	4.777608E-6	2.249782E-9	1.000000E+0	
4.764349E+4	1.095000E+2	7.924547E+0	1.200000E+0	5.427874E+1	2.606351E-3	-3.836651E-5	1.375816E-8	8.960712E-6	5.535451E-9	1.000000E+0	
--- > K and esd K (estimated based on user TCR) : -4.848320E+0	-2.747466E-2	

*** Temperature stable /K : 1.144800000E+2
--- > R0 : 5.474695E+1	5.474232E+1	5.474247E+1	5.474736E+1	5.474985E+1	5.474844E+1	5.474733E+1	5.474220E+1	5.474624E+1	5.474676E+1	5.474865E+1	5.474858E+1	
time /sec  	temp /K    	current /mA	freq /Hz   	R0 /Ohms   	esd R0     	V3X /V_rms 	esd V3X    	V3Y /V_rms 	esd V3Y    	Data_Valid?
4.789851E+4	1.144600E+2	9.905663E-2	2.000000E+1	5.474643E+1	2.660567E-3	8.228985E-9	1.574055E-8	1.842188E-8	1.762752E-8	1.000000E+0	
4.790689E+4	1.144600E+2	2.971699E+0	2.000000E+1	5.474643E+1	2.660567E-3	-1.003334E-6	2.247624E-8	5.194790E-7	2.069530E-8	1.000000E+0	
4.791530E+4	1.144500E+2	4.952832E+0	2.000000E+1	5.474643E+1	2.660567E-3	-4.733259E-6	1.098984E-8	2.426972E-6	2.208674E-8	1.000000E+0	
4.792371E+4	1.144500E+2	6.438681E+0	2.000000E+1	5.474643E+1	2.660567E-3	-1.038410E-5	2.215668E-8	5.344879E-6	9.585069E-9	1.000000E+0	
4.793212E+4	1.144600E+2	7.924531E+0	2.000000E+1	5.474643E+1	2.660567E-3	-1.920246E-5	6.405445E-8	9.849028E-6	2.587741E-8	1.000000E+0	
4.794411E+4	1.144600E+2	9.905663E-2	1.657958E+1	5.474643E+1	2.660567E-3	6.130429E-7	4.773096E-6	-1.813841E-6	3.682363E-6	1.000000E+0	
4.795309E+4	1.144600E+2	2.971699E+0	1.657958E+1	5.474643E+1	2.660567E-3	-2.757989E-6	3.942734E-6	1.762144E-6	4.464659E-6	1.000000E+0	
4.796204E+4	1.144700E+2	4.952832E+0	1.657958E+1	5.474643E+1	2.660567E-3	-4.179396E-6	4.956473E-6	-6.737197E-8	3.274800E-6	1.000000E+0	
4.797104E+4	1.144700E+2	6.438681E+0	1.657958E+1	5.474643E+1	2.660567E-3	-9.094885E-6	4.047108E-6	7.210325E-6	4.366739E-6	1.000000E+0	
4.797999E+4	1.144800E+2	7.924531E+0	1.657958E+1	5.474643E+1	2.660567E-3	-2.316527E-5	3.637084E-6	1.137639E-5	4.676833E-6	1.000000E+0	
4.799250E+4	1.144800E+2	9.905663E-2	1.374412E+1	5.474643E+1	2.660567E-3	4.098509E-9	1.112449E-8	-1.282750E-8	8.543583E-9	1.000000E+0	
4.800205E+4	1.144900E+2	2.971699E+0	1.374412E+1	5.474643E+1	2.660567E-3	-1.170257E-6	2.221157E-8	5.433986E-7	1.247992E-8	1.000000E+0	
4.801165E+4	1.144900E+2	4.952832E+0	1.374412E+1	5.474643E+1	2.660567E-3	-5.409908E-6	1.871104E-8	2.526662E-6	6.260962E-9	1.000000E+0	
4.802123E+4	1.144900E+2	6.438681E+0	1.374412E+1	5.474643E+1	2.660567E-3	-1.188261E-5	3.766885E-8	5.554087E-6	2.697558E-8	1.000000E+0	
4.803082E+4	1.145000E+2	7.924531E+0	1.374412E+1	5.474643E+1	2.660567E-3	-2.229315E-5	5.849104E-8	1.034461E-5	3.737155E-8	1.000000E+0	
4.804425E+4	1.145000E+2	9.905663E-2	1.139358E+1	5.474643E+1	2.660567E-3	-1.159898E-8	2.007279E-8	-2.817434E-8	9.334469E-9	1.000000E+0	
4.805458E+4	1.145000E+2	2.971699E+0	1.139358E+1	5.474643E+1	2.660567E-3	-1.261142E-6	4.350155E-9	5.366546E-7	1.548758E-8	1.000000E+0	
4.806498E+4	1.145000E+2	4.952832E+0	1.139358E+1	5.474643E+1	2.660567E-3	-5.731983E-6	1.230554E-8	2.454537E-6	1.068469E-8	1.000000E+0	
4.807536E+4	1.145000E+2	6.438681E+0	1.139358E+1	5.474643E+1	2.660567E-3	-1.274119E-5	1.692825E-8	5.494489E-6	1.291014E-8	1.000000E+0	
4.808572E+4	1.145000E+2	7.924531E+0	1.139358E+1	5.474643E+1	2.660567E-3	-2.367765E-5	2.126282E-8	1.031093E-5	2.365804E-8	1.000000E+0	
4.810000E+4	1.145000E+2	9.905663E-2	9.445040E+0	5.474643E+1	2.660567E-3	9.778311E-9	3.133484E-8	9.821888E-9	1.368311E-8	1.000000E+0	
4.811128E+4	1.145000E+2	2.971699E+0	9.445040E+0	5.474643E+1	2.660567E-3	-1.245928E-6	3.967011E-8	5.617279E-7	2.131643E-8	1.000000E+0	
4.812256E+4	1.145000E+2	4.952832E+0	9.445040E+0	5.474643E+1	2.660567E-3	-6.056746E-6	1.149956E-8	2.488087E-6	1.624975E-8	1.000000E+0	
4.813387E+4	1.145000E+2	6.438681E+0	9.445040E+0	5.474643E+1	2.660567E-3	-1.336109E-5	6.897459E-9	5.470492E-6	1.328995E-8	1.000000E+0	
4.814518E+4	1.145000E+2	7.924531E+0	9.445040E+0	5.474643E+1	2.660567E-3	-2.476549E-5	2.839894E-8	1.024836E-5	7.479414E-8	1.000000E+0	
4.816056E+4	1.145000E+2	9.905663E-2	7.829740E+0	5.474643E+1	2.660567E-3	-3.031368E-8	2.977607E-8	-6.073075E-9	2.834283E-8	1.000000E+0	
4.817292E+4	1.145000E+2	2.971699E+0	7.829740E+0	5.474643E+1	2.660567E-3	-1.307072E-6	1.789047E-8	5.264552E-7	4.084361E-8	1.000000E+0	
4.818531E+4	1.145000E+2	4.952832E+0	7.829740E+0	5.474643E+1	2.660567E-3	-6.305866E-6	1.681500E-8	2.417647E-6	1.315386E-8	1.000000E+0	
4.819770E+4	1.145000E+2	6.438681E+0	7.829740E+0	5.474643E+1	2.660567E-3	-1.397046E-5	1.634098E-8	5.369097E-6	1.751859E-8	1.000000E+0	
4.821012E+4	1.145000E+2	7.924531E+0	7.829740E+0	5.474643E+1	2.660567E-3	-2.596099E-5	1.593194E-8	1.006866E-5	5.939230E-9	1.000000E+0	
4.822715E+4	1.145000E+2	9.905663E-2	6.490680E+0	5.474643E+1	2.660567E-3	8.728678E-9	1.832462E-8	-2.704695E-8	8.182173E-9	1.000000E+0	
4.824090E+4	1.145000E+2	2.971699E+0	6.490680E+0	5.474643E+1	2.660567E-3	-1.411808E-6	1.443668E-8	5.443729E-7	1.487326E-8	1.000000E+0	
4.825466E+4	1.145000E+2	4.952832E+0	6.490680E+0	5.474643E+1	2.660567E-3	-6.585619E-6	3.384819E-9	2.430877E-6	1.589510E-8	1.000000E+0	
4.826840E+4	1.145000E+2	6.438681E+0	6.490680E+0	5.474643E+1	2.660567E-3	-1.456533E-5	7.530179E-9	5.251288E-6	2.356173E-8	1.000000E+0	
4.828217E+4	1.145000E+2	7.924531E+0	6.490680E+0	5.474643E+1	2.660567E-3	-2.714284E-5	1.407613E-8	9.962962E-6	9.878213E-9	1.000000E+0	
4.830108E+4	1.145000E+2	9.905663E-2	5.380640E+0	5.474643E+1	2.660567E-3	-2.502108E-9	1.821375E-9	5.573702E-9	1.663680E-9	1.000000E+0	
4.831643E+4	1.145000E+2	2.971699E+0	5.380640E+0	5.474643E+1	2.660567E-3	-1.439721E-6	1.692439E-8	5.230902E-7	6.914365E-9	1.000000E+0	
4.833186E+4	1.145000E+2	4.952832E+0	5.380640E+0	5.474643E+1	2.660567E-3	-6.858606E-6	1.207277E-8	2.367771E-6	1.584142E-8	1.000000E+0	
4.834734E+4	1.145000E+2	6.438681E+0	5.380640E+0	5.474643E+1	2.660567E-3	-1.517809E-5	1.827068E-8	5.277627E-6	1.459662E-8	1.000000E+0	
4.836274E+4	1.145000E+2	7.924531E+0	5.380640E+0	5.474643E+1	2.660567E-3	-2.819483E-5	2.990050E-8	9.832994E-6	5.617377E-9	1.000000E+0	
4.838396E+4	1.145000E+2	9.905663E-2	4.460440E+0	5.474643E+1	2.660567E-3	-3.312471E-9	1.579798E-9	-1.340089E-8	7.034113E-9	1.000000E+0	
4.840131E+4	1.145000E+2	2.971699E+0	4.460440E+0	5.474643E+1	2.660567E-3	-1.491765E-6	1.707721E-8	5.343882E-7	6.716087E-9	1.000000E+0	
4.841874E+4	1.145000E+2	4.952832E+0	4.460440E+0	5.474643E+1	2.660567E-3	-7.147248E-6	2.572862E-8	2.342132E-6	1.234712E-8	1.000000E+0	
4.843614E+4	1.145000E+2	6.438681E+0	4.460440E+0	5.474643E+1	2.660567E-3	-1.593265E-5	6.743338E-9	5.240775E-6	2.219366E-8	1.000000E+0	
4.845353E+4	1.145000E+2	7.924531E+0	4.460440E+0	5.474643E+1	2.660567E-3	-2.938401E-5	4.842380E-9	9.856132E-6	7.685663E-9	1.000000E+0	
4.847942E+4	1.145000E+2	9.905663E-2	3.697610E+0	5.474643E+1	2.660567E-3	3.219479E-8	5.547533E-9	1.109604E-8	1.630210E-9	1.000000E+0	
4.849915E+4	1.145000E+2	2.971699E+0	3.697610E+0	5.474643E+1	2.660567E-3	-1.587124E-6	5.650269E-9	4.851438E-7	1.005687E-8	1.000000E+0	
4.851889E+4	1.145000E+2	4.952832E+0	3.697610E+0	5.474643E+1	2.660567E-3	-7.374259E-6	6.848148E-10	2.234279E-6	1.269228E-8	1.000000E+0	
4.853865E+4	1.145000E+2	6.438681E+0	3.697610E+0	5.474643E+1	2.660567E-3	-1.637845E-5	1.306588E-8	5.191207E-6	4.010445E-9	1.000000E+0	
4.855841E+4	1.145000E+2	7.924531E+0	3.697610E+0	5.474643E+1	2.660567E-3	-2.977881E-5	3.937343E-8	9.635669E-6	6.315924E-9	1.000000E+0	
4.858746E+4	1.145000E+2	9.905663E-2	3.065240E+0	5.474643E+1	2.660567E-3	-2.286796E-8	1.044961E-8	-1.240195E-8	3.443812E-9	1.000000E+0	
4.861004E+4	1.145000E+2	2.971699E+0	3.065240E+0	5.474643E+1	2.660567E-3	-1.765100E-6	1.082867E-8	6.055878E-7	1.700234E-8	1.000000E+0	
4.863270E+4	1.145000E+2	4.952832E+0	3.065240E+0	5.474643E+1	2.660567E-3	-7.725052E-6	7.419265E-9	2.373805E-6	1.239432E-8	1.000000E+0	
4.865532E+4	1.145000E+2	6.438681E+0	3.065240E+0	5.474643E+1	2.660567E-3	-1.718072E-5	2.184238E-8	5.226042E-6	2.653226E-8	1.000000E+0	
4.867795E+4	1.145000E+2	7.924531E+0	3.065240E+0	5.474643E+1	2.660567E-3	-3.182285E-5	6.724352E-9	9.688380E-6	8.255947E-10	1.000000E+0	
4.871178E+4	1.145000E+2	9.905663E-2	2.541020E+0	5.474643E+1	2.660567E-3	1.350380E-7	1.996252E-8	-2.475319E-7	4.613480E-8	1.000000E+0	
4.873780E+4	1.145000E+2	2.971699E+0	2.541020E+0	5.474643E+1	2.660567E-3	-1.676919E-6	2.062512E-9	4.836822E-7	1.002716E-9	1.000000E+0	
4.876390E+4	1.145000E+2	4.952832E+0	2.541020E+0	5.474643E+1	2.660567E-3	-7.983245E-6	5.291953E-9	2.269289E-6	1.557880E-8	1.000000E+0	
4.878998E+4	1.145000E+2	6.438681E+0	2.541020E+0	5.474643E+1	2.660567E-3	-1.763864E-5	2.219289E-9	5.147112E-6	3.465922E-9	1.000000E+0	
4.881603E+4	1.145000E+2	7.924531E+0	2.541020E+0	5.474643E+1	2.660567E-3	-3.265987E-5	3.374521E-9	9.250104E-6	6.458533E-9	1.000000E+0	
4.885566E+4	1.145000E+2	9.905663E-2	2.106450E+0	5.474643E+1	2.660567E-3	7.127642E-8	1.068198E-8	-1.359292E-8	1.912008E-9	1.000000E+0	
4.888589E+4	1.145000E+2	2.971699E+0	2.106450E+0	5.474643E+1	2.660567E-3	-1.749685E-6	4.417773E-9	4.973460E-7	2.002623E-9	1.000000E+0	
4.891612E+4	1.145000E+2	4.952832E+0	2.106450E+0	5.474643E+1	2.660567E-3	-7.987339E-6	2.197084E-8	2.180471E-6	1.770529E-8	1.000000E+0	
4.894637E+4	1.145000E+2	6.438681E+0	2.106450E+0	5.474643E+1	2.660567E-3	-1.779603E-5	1.812540E-9	4.924633E-6	8.647781E-10	1.000000E+0	
4.897665E+4	1.145000E+2	7.924531E+0	2.106450E+0	5.474643E+1	2.660567E-3	-3.369170E-5	9.743883E-9	9.347359E-6	7.372470E-9	1.000000E+0	
4.902422E+4	1.145000E+2	9.905663E-2	1.746200E+0	5.474643E+1	2.660567E-3	1.471004E-8	3.599049E-9	2.459031E-8	2.660977E-9	1.000000E+0	
4.905946E+4	1.145000E+2	2.971699E+0	1.746200E+0	5.474643E+1	2.660567E-3	-1.851171E-6	7.385323E-9	5.186221E-7	1.597173E-8	1.000000E+0	
4.909472E+4	1.145000E+2	4.952832E+0	1.746200E+0	5.474643E+1	2.660567E-3	-8.503537E-6	1.594228E-8	2.191023E-6	3.129818E-9	1.000000E+0	
4.912999E+4	1.145000E+2	6.438681E+0	1.746200E+0	5.474643E+1	2.660567E-3	-1.881607E-5	1.093681E-8	4.959073E-6	5.308328E-9	1.000000E+0	
4.916530E+4	1.145000E+2	7.924531E+0	1.746200E+0	5.474643E+1	2.660567E-3	-3.530960E-5	1.313737E-8	9.552000E-6	1.913797E-8	1.000000E+0	
4.921996E+4	1.145000E+2	9.905663E-2	1.447560E+0	5.474643E+1	2.660567E-3	-2.998860E-9	1.183706E-9	-9.513353E-8	1.286871E-9	1.000000E+0	
4.926136E+4	1.145100E+2	2.971699E+0	1.447560E+0	5.474643E+1	2.660567E-3	-1.994989E-6	1.844120E-8	4.088380E-7	1.315003E-9	1.000000E+0	
4.930278E+4	1.145100E+2	4.952832E+0	1.447560E+0	5.474643E+1	2.660567E-3	-8.774038E-6	6.733753E-9	2.137174E-6	2.220136E-8	1.000000E+0	
4.934416E+4	1.145000E+2	6.438681E+0	1.447560E+0	5.474643E+1	2.660567E-3	-1.930829E-5	2.746347E-8	5.116339E-6	3.809392E-8	1.000000E+0	
4.938555E+4	1.145000E+2	7.924531E+0	1.447560E+0	5.474643E+1	2.660567E-3	-3.578703E-5	7.651884E-9	9.523103E-6	6.742248E-9	1.000000E+0	
4.944842E+4	1.145000E+2	9.905663E-2	1.200000E+0	5.474643E+1	2.660567E-3	-1.832205E-9	1.596831E-9	-5.739846E-8	2.855145E-9	1.000000E+0	
4.949712E+4	1.145000E+2	2.971699E+0	1.200000E+0	5.474643E+1	2.660567E-3	-1.899131E-6	5.982340E-10	4.285527E-7	2.470897E-9	1.000000E+0	
4.954582E+4	1.145000E+2	4.952832E+0	1.200000E+0	5.474643E+1	2.660567E-3	-8.921825E-6	5.029648E-9	2.107754E-6	3.447697E-9	1.000000E+0	
4.959453E+4	1.145000E+2	6.438681E+0	1.200000E+0	5.474643E+1	2.660567E-3	-2.009530E-5	9.669127E-9	4.783318E-6	1.245801E-9	1.000000E+0	
4.964321E+4	1.145000E+2	7.924531E+0	1.200000E+0	5.474643E+1	2.660567E-3	-3.724756E-5	1.382454E-8	9.262901E-6	1.174308E-8	1.000000E+0	
--- > K and esd K (estimated based on user TCR) : -5.272353E+0	-5.533315E-2	

*** Temperature stable /K : 1.194800000E+2
--- > R0 : 5.497300E+1	5.497622E+1	5.497593E+1	5.497624E+1	5.497155E+1	5.496940E+1	5.496873E+1	5.497107E+1	5.497354E+1	5.497263E+1	5.496703E+1	5.496619E+1	
time /sec  	temp /K    	current /mA	freq /Hz   	R0 /Ohms   	esd R0     	V3X /V_rms 	esd V3X    	V3Y /V_rms 	esd V3Y    	Data_Valid?
4.990078E+4	1.194600E+2	9.905654E-2	2.000000E+1	5.497179E+1	3.458115E-3	6.643912E-9	1.402903E-8	-3.294173E-9	1.785718E-8	1.000000E+0	
4.990917E+4	1.194500E+2	2.971696E+0	2.000000E+1	5.497179E+1	3.458115E-3	-1.006183E-6	2.087270E-8	5.454838E-7	2.115715E-8	1.000000E+0	
4.991754E+4	1.194500E+2	4.952827E+0	2.000000E+1	5.497179E+1	3.458115E-3	-4.668476E-6	2.108991E-8	2.392941E-6	2.245410E-8	1.000000E+0	
4.992593E+4	1.194500E+2	6.438675E+0	2.000000E+1	5.497179E+1	3.458115E-3	-1.029848E-5	1.972929E-8	5.339438E-6	2.448754E-8	1.000000E+0	
4.993432E+4	1.194600E+2	7.924523E+0	2.000000E+1	5.497179E+1	3.458115E-3	-1.904382E-5	1.346435E-8	9.920009E-6	1.141189E-8	1.000000E+0	
4.994626E+4	1.194600E+2	9.905654E-2	1.657958E+1	5.497179E+1	3.458115E-3	4.228207E-7	5.030166E-6	2.378909E-6	3.299970E-6	1.000000E+0	
4.995527E+4	1.194600E+2	2.971696E+0	1.657958E+1	5.497179E+1	3.458115E-3	-1.827853E-6	4.784622E-6	-1.686294E-6	3.563458E-6	1.000000E+0	
4.996420E+4	1.194700E+2	4.952827E+0	1.657958E+1	5.497179E+1	3.458115E-3	-2.320552E-6	3.293323E-6	3.121917E-6	4.919578E-6	1.000000E+0	
4.997320E+4	1.194700E+2	6.438675E+0	1.657958E+1	5.497179E+1	3.458115E-3	-1.253971E-5	3.663341E-6	6.376742E-6	4.608182E-6	1.000000E+0	
4.998219E+4	1.194800E+2	7.924523E+0	1.657958E+1	5.497179E+1	3.458115E-3	-1.834814E-5	4.658206E-6	7.639977E-6	3.697896E-6	1.000000E+0	
4.999470E+4	1.194800E+2	9.905654E-2	1.374412E+1	5.497179E+1	3.458115E-3	-4.021959E-9	2.549366E-8	-7.607055E-9	2.335919E-8	1.000000E+0	
5.000418E+4	1.194900E+2	2.971696E+0	1.374412E+1	5.497179E+1	3.458115E-3	-1.154042E-6	3.249340E-8	5.521967E-7	2.490215E-8	1.000000E+0	
5.001378E+4	1.194900E+2	4.952827E+0	1.374412E+1	5.497179E+1	3.458115E-3	-5.113230E-6	4.253319E-8	2.403713E-6	3.066128E-8	1.000000E+0	
5.002336E+4	1.194900E+2	6.438675E+0	1.374412E+1	5.497179E+1	3.458115E-3	-1.161334E-5	2.232371E-8	5.410277E-6	3.721685E-8	1.000000E+0	
5.003291E+4	1.195000E+2	7.924523E+0	1.374412E+1	5.497179E+1	3.458115E-3	-2.177170E-5	3.108784E-8	1.006013E-5	2.994694E-8	1.000000E+0	
5.004625E+4	1.195000E+2	9.905654E-2	1.139358E+1	5.497179E+1	3.458115E-3	-2.528477E-8	7.623401E-9	1.290689E-8	1.374514E-8	1.000000E+0	
5.005664E+4	1.195000E+2	2.971696E+0	1.139358E+1	5.497179E+1	3.458115E-3	-1.211932E-6	1.115970E-8	5.492761E-7	2.647233E-8	1.000000E+0	
5.006701E+4	1.195000E+2	4.952827E+0	1.139358E+1	5.497179E+1	3.458115E-3	-5.631463E-6	8.589047E-9	2.427487E-6	2.058221E-8	1.000000E+0	
5.007736E+4	1.195000E+2	6.438675E+0	1.139358E+1	5.497179E+1	3.458115E-3	-1.243984E-5	8.123865E-9	5.417548E-6	1.235207E-8	1.000000E+0	
5.008772E+4	1.195000E+2	7.924523E+0	1.139358E+1	5.497179E+1	3.458115E-3	-2.308039E-5	1.377040E-8	1.007450E-5	1.971807E-8	1.000000E+0	
5.010193E+4	1.195000E+2	9.905654E-2	9.445040E+0	5.497179E+1	3.458115E-3	1.104141E-8	4.964108E-9	1.248601E-8	3.584339E-8	1.000000E+0	
5.011311E+4	1.195000E+2	2.971696E+0	9.445040E+0	5.497179E+1	3.458115E-3	-1.292190E-6	2.824823E-8	5.093963E-7	9.579770E-9	1.000000E+0	
5.012440E+4	1.195000E+2	4.952827E+0	9.445040E+0	5.497179E+1	3.458115E-3	-5.925971E-6	2.525802E-8	2.412060E-6	1.668400E-8	1.000000E+0	
5.013564E+4	1.195000E+2	6.438675E+0	9.445040E+0	5.497179E+1	3.458115E-3	-1.318066E-5	4.408505E-8	5.336338E-6	2.042636E-8	1.000000E+0	
5.014690E+4	1.195000E+2	7.924523E+0	9.445040E+0	5.497179E+1	3.458115E-3	-2.440908E-5	4.224444E-8	1.000894E-5	1.248154E-8	1.000000E+0	
5.016227E+4	1.195000E+2	9.905654E-2	7.829740E+0	5.497179E+1	3.458115E-3	-2.243233E-8	3.198572E-8	1.243199E-8	1.844601E-8	1.000000E+0	
5.017468E+4	1.195000E+2	2.971696E+0	7.829740E+0	5.497179E+1	3.458115E-3	-1.339742E-6	1.384326E-8	5.162332E-7	9.289350E-9	1.000000E+0	
5.018710E+4	1.195000E+2	4.952827E+0	7.829740E+0	5.497179E+1	3.458115E-3	-6.230548E-6	6.426200E-9	2.395457E-6	2.294512E-8	1.000000E+0	
5.019950E+4	1.195000E+2	6.438675E+0	7.829740E+0	5.497179E+1	3.458115E-3	-1.368518E-5	1.980438E-8	5.231114E-6	2.404493E-8	1.000000E+0	
5.021186E+4	1.195000E+2	7.924523E+0	7.829740E+0	5.497179E+1	3.458115E-3	-2.556268E-5	1.318528E-8	9.960412E-6	2.338626E-8	1.000000E+0	
5.022913E+4	1.195000E+2	9.905654E-2	6.490680E+0	5.497179E+1	3.458115E-3	1.937457E-8	1.790522E-8	-3.669605E-8	3.026924E-9	1.000000E+0	
5.024283E+4	1.195000E+2	2.971696E+0	6.490680E+0	5.497179E+1	3.458115E-3	-1.376559E-6	1.776146E-8	5.078268E-7	4.725903E-9	1.000000E+0	
5.025662E+4	1.195000E+2	4.952827E+0	6.490680E+0	5.497179E+1	3.458115E-3	-6.473941E-6	1.908659E-8	2.402401E-6	6.268496E-9	1.000000E+0	
5.027036E+4	1.195000E+2	6.438675E+0	6.490680E+0	5.497179E+1	3.458115E-3	-1.431202E-5	5.442013E-9	5.319676E-6	9.084967E-9	1.000000E+0	
5.028410E+4	1.195000E+2	7.924523E+0	6.490680E+0	5.497179E+1	3.458115E-3	-2.674667E-5	2.887040E-9	9.862765E-6	2.107615E-8	1.000000E+0	
5.030302E+4	1.195000E+2	9.905654E-2	5.380640E+0	5.497179E+1	3.458115E-3	1.685550E-8	1.432668E-8	1.563117E-8	1.281561E-8	1.000000E+0	
5.031843E+4	1.195000E+2	2.971696E+0	5.380640E+0	5.497179E+1	3.458115E-3	-1.448259E-6	1.238575E-8	5.042334E-7	4.096265E-9	1.000000E+0	
5.033382E+4	1.195000E+2	4.952827E+0	5.380640E+0	5.497179E+1	3.458115E-3	-6.775670E-6	4.979677E-9	2.349973E-6	5.849002E-9	1.000000E+0	
5.034927E+4	1.195000E+2	6.438675E+0	5.380640E+0	5.497179E+1	3.458115E-3	-1.500944E-5	4.295640E-8	5.371400E-6	5.433101E-8	1.000000E+0	
5.036464E+4	1.195000E+2	7.924523E+0	5.380640E+0	5.497179E+1	3.458115E-3	-2.791040E-5	1.408968E-8	9.785807E-6	4.066779E-9	1.000000E+0	
5.038557E+4	1.195000E+2	9.905654E-2	4.460440E+0	5.497179E+1	3.458115E-3	4.265032E-8	1.806178E-8	-6.422685E-9	6.905584E-9	1.000000E+0	
5.040295E+4	1.195000E+2	2.971696E+0	4.460440E+0	5.497179E+1	3.458115E-3	-1.583310E-6	1.182637E-8	6.116455E-7	2.911894E-8	1.000000E+0	
5.042034E+4	1.195000E+2	4.952827E+0	4.460440E+0	5.497179E+1	3.458115E-3	-7.040629E-6	1.113632E-8	2.340065E-6	4.832602E-9	1.000000E+0	
5.043771E+4	1.195000E+2	6.438675E+0	4.460440E+0	5.497179E+1	3.458115E-3	-1.558822E-5	1.515122E-8	5.211351E-6	4.548781E-8	1.000000E+0	
5.045511E+4	1.195000E+2	7.924523E+0	4.460440E+0	5.497179E+1	3.458115E-3	-2.923668E-5	4.402902E-9	9.814356E-6	9.998860E-9	1.000000E+0	
5.048123E+4	1.195000E+2	9.905654E-2	3.697610E+0	5.497179E+1	3.458115E-3	-1.784749E-8	1.667780E-8	3.770256E-8	2.900772E-8	1.000000E+0	
5.050096E+4	1.195000E+2	2.971696E+0	3.697610E+0	5.497179E+1	3.458115E-3	-1.580240E-6	9.571007E-9	5.031438E-7	6.690541E-9	1.000000E+0	
5.052074E+4	1.195000E+2	4.952827E+0	3.697610E+0	5.497179E+1	3.458115E-3	-7.341610E-6	2.527020E-9	2.336146E-6	7.831028E-9	1.000000E+0	
5.054054E+4	1.195000E+2	6.438675E+0	3.697610E+0	5.497179E+1	3.458115E-3	-1.632573E-5	3.548439E-9	5.174499E-6	1.156129E-8	1.000000E+0	
5.056032E+4	1.195000E+2	7.924523E+0	3.697610E+0	5.497179E+1	3.458115E-3	-3.024848E-5	2.545923E-8	9.609538E-6	6.101388E-8	1.000000E+0	
5.058954E+4	1.195000E+2	9.905654E-2	3.065240E+0	5.497179E+1	3.458115E-3	-1.495948E-8	2.199447E-9	1.407576E-8	3.412191E-9	1.000000E+0	
5.061214E+4	1.195000E+2	2.971696E+0	3.065240E+0	5.497179E+1	3.458115E-3	-1.691669E-6	5.520812E-9	5.040176E-7	1.550979E-8	1.000000E+0	
5.063477E+4	1.195000E+2	4.952827E+0	3.065240E+0	5.497179E+1	3.458115E-3	-7.656176E-6	1.335077E-8	2.385581E-6	1.284363E-8	1.000000E+0	
5.065741E+4	1.195000E+2	6.438675E+0	3.065240E+0	5.497179E+1	3.458115E-3	-1.703679E-5	2.731582E-8	5.242304E-6	8.085890E-9	1.000000E+0	
5.068006E+4	1.195000E+2	7.924523E+0	3.065240E+0	5.497179E+1	3.458115E-3	-3.154154E-5	8.582218E-9	9.667728E-6	2.365652E-8	1.000000E+0	
5.071421E+4	1.195000E+2	9.905654E-2	2.541020E+0	5.497179E+1	3.458115E-3	-1.104875E-8	3.670124E-9	-3.526931E-8	2.400464E-9	1.000000E+0	
5.074029E+4	1.195100E+2	2.971696E+0	2.541020E+0	5.497179E+1	3.458115E-3	-1.612718E-6	2.055101E-8	6.223636E-7	3.147593E-8	1.000000E+0	
5.076632E+4	1.195100E+2	4.952827E+0	2.541020E+0	5.497179E+1	3.458115E-3	-7.916004E-6	1.363905E-9	2.335830E-6	2.978025E-9	1.000000E+0	
5.079242E+4	1.195100E+2	6.438675E+0	2.541020E+0	5.497179E+1	3.458115E-3	-1.754566E-5	1.956508E-9	5.165665E-6	1.581615E-9	1.000000E+0	
5.081852E+4	1.195100E+2	7.924523E+0	2.541020E+0	5.497179E+1	3.458115E-3	-3.267583E-5	3.854620E-9	9.540579E-6	6.590942E-10	1.000000E+0	
5.085818E+4	1.195100E+2	9.905654E-2	2.106450E+0	5.497179E+1	3.458115E-3	-2.550609E-7	1.164658E-8	2.527595E-8	6.568146E-9	1.000000E+0	
5.088841E+4	1.195000E+2	2.971696E+0	2.106450E+0	5.497179E+1	3.458115E-3	-1.830411E-6	1.395381E-8	4.646429E-7	1.444573E-8	1.000000E+0	
5.091860E+4	1.195000E+2	4.952827E+0	2.106450E+0	5.497179E+1	3.458115E-3	-8.191418E-6	1.655922E-9	2.283837E-6	3.619269E-9	1.000000E+0	
5.094882E+4	1.195000E+2	6.438675E+0	2.106450E+0	5.497179E+1	3.458115E-3	-1.812964E-5	6.759850E-9	5.078673E-6	5.562363E-9	1.000000E+0	
5.097902E+4	1.195000E+2	7.924523E+0	2.106450E+0	5.497179E+1	3.458115E-3	-3.363503E-5	3.332735E-9	9.437518E-6	5.104505E-9	1.000000E+0	
5.102550E+4	1.195000E+2	9.905654E-2	1.746200E+0	5.497179E+1	3.458115E-3	-2.481139E-8	2.241812E-9	-3.553171E-9	5.104460E-9	1.000000E+0	
5.106075E+4	1.195000E+2	2.971696E+0	1.746200E+0	5.497179E+1	3.458115E-3	-1.937601E-6	7.098702E-9	4.972267E-7	1.416312E-8	1.000000E+0	
5.109600E+4	1.195000E+2	4.952827E+0	1.746200E+0	5.497179E+1	3.458115E-3	-8.409315E-6	1.062686E-9	2.275681E-6	6.593565E-9	1.000000E+0	
5.113126E+4	1.195000E+2	6.438675E+0	1.746200E+0	5.497179E+1	3.458115E-3	-1.873506E-5	2.898898E-8	4.923369E-6	2.260978E-8	1.000000E+0	
5.116650E+4	1.195000E+2	7.924523E+0	1.746200E+0	5.497179E+1	3.458115E-3	-3.495754E-5	1.134285E-8	9.415100E-6	2.117833E-8	1.000000E+0	
5.122134E+4	1.195100E+2	9.905654E-2	1.447560E+0	5.497179E+1	3.458115E-3	-1.461619E-8	1.939599E-9	-3.247040E-9	3.641560E-9	1.000000E+0	
5.126274E+4	1.195200E+2	2.971696E+0	1.447560E+0	5.497179E+1	3.458115E-3	-1.866935E-6	2.858548E-9	4.927755E-7	1.917047E-9	1.000000E+0	
5.130410E+4	1.195200E+2	4.952827E+0	1.447560E+0	5.497179E+1	3.458115E-3	-8.632154E-6	3.845888E-8	2.145836E-6	1.951435E-8	1.000000E+0	
5.134548E+4	1.195100E+2	6.438675E+0	1.447560E+0	5.497179E+1	3.458115E-3	-1.921353E-5	1.053282E-9	4.793634E-6	2.886560E-9	1.000000E+0	
5.138690E+4	1.195100E+2	7.924523E+0	1.447560E+0	5.497179E+1	3.458115E-3	-3.578904E-5	1.286134E-8	9.250707E-6	3.013433E-9	1.000000E+0	
5.144970E+4	1.195000E+2	9.905654E-2	1.200000E+0	5.497179E+1	3.458115E-3	-5.158499E-9	7.269547E-10	1.018927E-8	4.435937E-9	1.000000E+0	
5.149840E+4	1.195000E+2	2.971696E+0	1.200000E+0	5.497179E+1	3.458115E-3	-1.841101E-6	1.104175E-8	3.936907E-7	7.006341E-9	1.000000E+0	
5.154703E+4	1.195000E+2	4.952827E+0	1.200000E+0	5.497179E+1	3.458115E-3	-8.867606E-6	5.248188E-9	2.033869E-6	7.361533E-9	1.000000E+0	
5.159575E+4	1.195000E+2	6.438675E+0	1.200000E+0	5.497179E+1	3.458115E-3	-1.975260E-5	2.525073E-9	4.810924E-6	6.259531E-9	1.000000E+0	
5.164443E+4	1.195000E+2	7.924523E+0	1.200000E+0	5.497179E+1	3.458115E-3	-3.681641E-5	2.429641E-9	8.858617E-6	1.999055E-9	1.000000E+0	
--- > K and esd K (estimated based on user TCR) : -5.098155E+0	-3.191540E-2	

*** Temperature stable /K : 1.244800000E+2
--- > R0 : 5.568012E+1	5.568473E+1	5.567646E+1	5.567494E+1	5.567749E+1	5.568254E+1	5.568135E+1	5.568222E+1	5.567833E+1	5.567881E+1	5.567795E+1	5.568205E+1	
time /sec  	temp /K    	current /mA	freq /Hz   	R0 /Ohms   	esd R0     	V3X /V_rms 	esd V3X    	V3Y /V_rms 	esd V3Y    	Data_Valid?
5.190202E+4	1.244600E+2	9.905628E-2	2.000000E+1	5.567975E+1	2.891063E-3	5.244268E-9	1.551642E-8	-2.977294E-9	3.054373E-8	1.000000E+0	
5.191042E+4	1.244600E+2	2.971689E+0	2.000000E+1	5.567975E+1	2.891063E-3	-9.688011E-7	2.698949E-8	5.173640E-7	3.897748E-8	1.000000E+0	
5.191880E+4	1.244500E+2	4.952814E+0	2.000000E+1	5.567975E+1	2.891063E-3	-4.628191E-6	2.333791E-8	2.437957E-6	2.085842E-8	1.000000E+0	
5.192721E+4	1.244500E+2	6.438658E+0	2.000000E+1	5.567975E+1	2.891063E-3	-1.018840E-5	1.674097E-8	5.375017E-6	1.733030E-8	1.000000E+0	
5.193562E+4	1.244600E+2	7.924502E+0	2.000000E+1	5.567975E+1	2.891063E-3	-1.899840E-5	2.694400E-8	1.002337E-5	2.768180E-8	1.000000E+0	
5.194752E+4	1.244600E+2	9.905628E-2	1.657958E+1	5.567975E+1	2.891063E-3	-7.403527E-7	4.998851E-6	-3.198901E-6	2.817795E-6	1.000000E+0	
5.195645E+4	1.244700E+2	2.971689E+0	1.657958E+1	5.567975E+1	2.891063E-3	1.419356E-6	3.787750E-6	-1.276458E-6	4.411233E-6	1.000000E+0	
5.196539E+4	1.244700E+2	4.952814E+0	1.657958E+1	5.567975E+1	2.891063E-3	-3.502458E-6	4.564587E-6	4.747751E-6	3.688112E-6	1.000000E+0	
5.197434E+4	1.244800E+2	6.438658E+0	1.657958E+1	5.567975E+1	2.891063E-3	-1.331993E-5	3.351929E-6	4.913611E-6	4.987310E-6	1.000000E+0	
5.198334E+4	1.244800E+2	7.924502E+0	1.657958E+1	5.567975E+1	2.891063E-3	-1.780438E-5	3.491577E-6	9.227353E-6	4.868122E-6	1.000000E+0	
5.199588E+4	1.244900E+2	9.905628E-2	1.374412E+1	5.567975E+1	2.891063E-3	-2.041886E-8	1.354608E-8	9.411124E-10	2.230317E-8	1.000000E+0	
5.200537E+4	1.244900E+2	2.971689E+0	1.374412E+1	5.567975E+1	2.891063E-3	-1.111166E-6	2.727715E-8	5.503590E-7	1.986635E-8	1.000000E+0	
5.201492E+4	1.244900E+2	4.952814E+0	1.374412E+1	5.567975E+1	2.891063E-3	-5.239996E-6	2.750396E-8	2.423382E-6	1.285416E-8	1.000000E+0	
5.202451E+4	1.245000E+2	6.438658E+0	1.374412E+1	5.567975E+1	2.891063E-3	-1.150665E-5	1.331065E-8	5.391235E-6	1.421756E-8	1.000000E+0	
5.203409E+4	1.245000E+2	7.924502E+0	1.374412E+1	5.567975E+1	2.891063E-3	-2.145031E-5	1.301788E-8	1.007176E-5	1.619878E-8	1.000000E+0	
5.204741E+4	1.245000E+2	9.905628E-2	1.139358E+1	5.567975E+1	2.891063E-3	8.764894E-9	2.156285E-8	2.240325E-8	1.683018E-8	1.000000E+0	
5.205769E+4	1.245000E+2	2.971689E+0	1.139358E+1	5.567975E+1	2.891063E-3	-1.196066E-6	7.163159E-9	5.543552E-7	6.953707E-9	1.000000E+0	
5.206802E+4	1.245000E+2	4.952814E+0	1.139358E+1	5.567975E+1	2.891063E-3	-5.506308E-6	5.154441E-9	2.480195E-6	1.947752E-8	1.000000E+0	
5.207842E+4	1.245000E+2	6.438658E+0	1.139358E+1	5.567975E+1	2.891063E-3	-1.216949E-5	8.968946E-9	5.448442E-6	2.878474E-8	1.000000E+0	
5.208879E+4	1.245100E+2	7.924502E+0	1.139358E+1	5.567975E+1	2.891063E-3	-2.264509E-5	2.326355E-8	1.006700E-5	1.665341E-8	1.000000E+0	
5.210304E+4	1.245100E+2	9.905628E-2	9.445040E+0	5.567975E+1	2.891063E-3	1.872521E-8	1.135673E-8	1.175877E-8	1.484661E-8	1.000000E+0	
5.211427E+4	1.245000E+2	2.971689E+0	9.445040E+0	5.567975E+1	2.891063E-3	-1.247709E-6	6.529808E-9	5.186541E-7	4.412683E-9	1.000000E+0	
5.212554E+4	1.245000E+2	4.952814E+0	9.445040E+0	5.567975E+1	2.891063E-3	-5.774001E-6	1.514726E-8	2.404860E-6	3.393093E-8	1.000000E+0	
5.213680E+4	1.245000E+2	6.438658E+0	9.445040E+0	5.567975E+1	2.891063E-3	-1.281725E-5	2.257870E-8	5.382717E-6	2.148123E-8	1.000000E+0	
5.214812E+4	1.245000E+2	7.924502E+0	9.445040E+0	5.567975E+1	2.891063E-3	-2.387813E-5	3.369543E-8	1.000335E-5	1.733783E-8	1.000000E+0	
5.216351E+4	1.245000E+2	9.905628E-2	7.829740E+0	5.567975E+1	2.891063E-3	-1.523976E-8	1.940044E-8	5.625667E-9	6.420070E-9	1.000000E+0	
5.217584E+4	1.245000E+2	2.971689E+0	7.829740E+0	5.567975E+1	2.891063E-3	-1.262949E-6	4.710411E-8	5.440495E-7	2.232480E-8	1.000000E+0	
5.218823E+4	1.245000E+2	4.952814E+0	7.829740E+0	5.567975E+1	2.891063E-3	-6.051921E-6	1.419956E-8	2.363996E-6	1.821493E-8	1.000000E+0	
5.220064E+4	1.245000E+2	6.438658E+0	7.829740E+0	5.567975E+1	2.891063E-3	-1.348004E-5	2.208980E-8	5.323875E-6	2.661642E-8	1.000000E+0	
5.221300E+4	1.245000E+2	7.924502E+0	7.829740E+0	5.567975E+1	2.891063E-3	-2.510588E-5	1.871941E-8	9.986983E-6	2.930688E-8	1.000000E+0	
5.223019E+4	1.245000E+2	9.905628E-2	6.490680E+0	5.567975E+1	2.891063E-3	1.483251E-8	6.825736E-9	2.692862E-9	9.397811E-9	1.000000E+0	
5.224390E+4	1.245000E+2	2.971689E+0	6.490680E+0	5.567975E+1	2.891063E-3	-1.387035E-6	5.698931E-9	5.481240E-7	1.328920E-8	1.000000E+0	
5.225761E+4	1.245000E+2	4.952814E+0	6.490680E+0	5.567975E+1	2.891063E-3	-6.413523E-6	9.605738E-9	2.407648E-6	1.691504E-8	1.000000E+0	
5.227137E+4	1.245000E+2	6.438658E+0	6.490680E+0	5.567975E+1	2.891063E-3	-1.417872E-5	1.510145E-8	5.324408E-6	1.970518E-8	1.000000E+0	
5.228512E+4	1.245000E+2	7.924502E+0	6.490680E+0	5.567975E+1	2.891063E-3	-2.621134E-5	4.175997E-8	9.934091E-6	3.609338E-8	1.000000E+0	
5.230416E+4	1.245000E+2	9.905628E-2	5.380640E+0	5.567975E+1	2.891063E-3	1.431715E-8	1.292888E-8	7.642270E-9	2.064338E-8	1.000000E+0	
5.231955E+4	1.245000E+2	2.971689E+0	5.380640E+0	5.567975E+1	2.891063E-3	-1.407104E-6	8.192521E-9	5.078899E-7	1.079108E-8	1.000000E+0	
5.233494E+4	1.245000E+2	4.952814E+0	5.380640E+0	5.567975E+1	2.891063E-3	-6.614765E-6	6.186224E-9	2.359270E-6	6.818602E-9	1.000000E+0	
5.235036E+4	1.245000E+2	6.438658E+0	5.380640E+0	5.567975E+1	2.891063E-3	-1.471454E-5	1.589435E-8	5.261297E-6	2.301491E-8	1.000000E+0	
5.236582E+4	1.245000E+2	7.924502E+0	5.380640E+0	5.567975E+1	2.891063E-3	-2.743053E-5	3.393295E-9	9.774094E-6	7.793186E-9	1.000000E+0	
5.238690E+4	1.245000E+2	9.905628E-2	4.460440E+0	5.567975E+1	2.891063E-3	-2.054347E-8	1.215515E-8	-2.343356E-8	7.288626E-9	1.000000E+0	
5.240425E+4	1.245000E+2	2.971689E+0	4.460440E+0	5.567975E+1	2.891063E-3	-1.491529E-6	5.524655E-9	5.217905E-7	2.380337E-9	1.000000E+0	
5.242166E+4	1.245000E+2	4.952814E+0	4.460440E+0	5.567975E+1	2.891063E-3	-6.916646E-6	1.148988E-8	2.338491E-6	1.492460E-8	1.000000E+0	
5.243906E+4	1.245000E+2	6.438658E+0	4.460440E+0	5.567975E+1	2.891063E-3	-1.534136E-5	2.297837E-8	5.215457E-6	2.238872E-8	1.000000E+0	
5.245642E+4	1.245000E+2	7.924502E+0	4.460440E+0	5.567975E+1	2.891063E-3	-2.851371E-5	9.404867E-9	9.671912E-6	1.107158E-8	1.000000E+0	
5.248247E+4	1.245000E+2	9.905628E-2	3.697610E+0	5.567975E+1	2.891063E-3	4.263591E-8	9.069091E-9	-8.476734E-9	1.115500E-8	1.000000E+0	
5.250220E+4	1.245000E+2	2.971689E+0	3.697610E+0	5.567975E+1	2.891063E-3	-1.548716E-6	7.539903E-9	5.050375E-7	8.959549E-9	1.000000E+0	
5.252190E+4	1.245000E+2	4.952814E+0	3.697610E+0	5.567975E+1	2.891063E-3	-7.178464E-6	1.306317E-8	2.314234E-6	9.458510E-9	1.000000E+0	
5.254171E+4	1.245000E+2	6.438658E+0	3.697610E+0	5.567975E+1	2.891063E-3	-1.588484E-5	1.274128E-8	4.931921E-6	8.880890E-8	1.000000E+0	
5.256146E+4	1.245000E+2	7.924502E+0	3.697610E+0	5.567975E+1	2.891063E-3	-2.964193E-5	2.877009E-8	9.589298E-6	1.347207E-8	1.000000E+0	
5.259066E+4	1.245000E+2	9.905628E-2	3.065240E+0	5.567975E+1	2.891063E-3	-2.767974E-8	1.256843E-8	-2.893958E-8	3.007492E-9	1.000000E+0	
5.261327E+4	1.245000E+2	2.971689E+0	3.065240E+0	5.567975E+1	2.891063E-3	-1.592983E-6	5.843824E-9	5.317673E-7	4.454018E-9	1.000000E+0	
5.263587E+4	1.245000E+2	4.952814E+0	3.065240E+0	5.567975E+1	2.891063E-3	-7.481515E-6	7.112834E-9	2.301605E-6	8.638778E-9	1.000000E+0	
5.265850E+4	1.245000E+2	6.438658E+0	3.065240E+0	5.567975E+1	2.891063E-3	-1.650534E-5	2.727534E-9	5.175957E-6	3.015160E-8	1.000000E+0	
5.268117E+4	1.245000E+2	7.924502E+0	3.065240E+0	5.567975E+1	2.891063E-3	-3.077775E-5	1.100393E-9	9.509646E-6	2.408581E-8	1.000000E+0	
5.271501E+4	1.245000E+2	9.905628E-2	2.541020E+0	5.567975E+1	2.891063E-3	4.210420E-8	8.567498E-10	7.915235E-10	1.152875E-8	1.000000E+0	
5.274108E+4	1.245000E+2	2.971689E+0	2.541020E+0	5.567975E+1	2.891063E-3	-1.646216E-6	2.228514E-9	4.991047E-7	5.300820E-9	1.000000E+0	
5.276717E+4	1.245000E+2	4.952814E+0	2.541020E+0	5.567975E+1	2.891063E-3	-7.798155E-6	3.395514E-8	2.298101E-6	7.971315E-9	1.000000E+0	
5.279323E+4	1.245000E+2	6.438658E+0	2.541020E+0	5.567975E+1	2.891063E-3	-1.714456E-5	3.430931E-9	5.098098E-6	9.944925E-9	1.000000E+0	
5.281926E+4	1.245000E+2	7.924502E+0	2.541020E+0	5.567975E+1	2.891063E-3	-3.188885E-5	1.817706E-9	9.497084E-6	1.353420E-8	1.000000E+0	
5.285905E+4	1.245000E+2	9.905628E-2	2.106450E+0	5.567975E+1	2.891063E-3	-2.619454E-8	1.676736E-8	2.756077E-7	3.230933E-8	1.000000E+0	
5.288934E+4	1.245000E+2	2.971689E+0	2.106450E+0	5.567975E+1	2.891063E-3	-1.729151E-6	6.157672E-9	5.278811E-7	6.928497E-9	1.000000E+0	
5.291957E+4	1.245000E+2	4.952814E+0	2.106450E+0	5.567975E+1	2.891063E-3	-8.015969E-6	1.350570E-9	2.293988E-6	2.389333E-9	1.000000E+0	
5.294975E+4	1.245000E+2	6.438658E+0	2.106450E+0	5.567975E+1	2.891063E-3	-1.770720E-5	4.635252E-9	5.072995E-6	1.565446E-9	1.000000E+0	
5.297997E+4	1.245000E+2	7.924502E+0	2.106450E+0	5.567975E+1	2.891063E-3	-3.285957E-5	1.051964E-8	9.597253E-6	1.447440E-8	1.000000E+0	
5.302620E+4	1.245000E+2	9.905628E-2	1.746200E+0	5.567975E+1	2.891063E-3	-2.953798E-7	7.625750E-9	2.933169E-8	1.466081E-8	1.000000E+0	
5.306149E+4	1.245000E+2	2.971689E+0	1.746200E+0	5.567975E+1	2.891063E-3	-1.816864E-6	6.376740E-9	4.561020E-7	1.663721E-10	1.000000E+0	
5.309674E+4	1.245000E+2	4.952814E+0	1.746200E+0	5.567975E+1	2.891063E-3	-8.309378E-6	7.964345E-9	2.289289E-6	8.533870E-9	1.000000E+0	
5.313200E+4	1.244900E+2	6.438658E+0	1.746200E+0	5.567975E+1	2.891063E-3	-1.834101E-5	3.134073E-9	5.010967E-6	6.192352E-9	1.000000E+0	
5.316726E+4	1.244900E+2	7.924502E+0	1.746200E+0	5.567975E+1	2.891063E-3	-3.419731E-5	4.405580E-9	9.383556E-6	4.994371E-9	1.000000E+0	
5.322198E+4	1.245000E+2	9.905628E-2	1.447560E+0	5.567975E+1	2.891063E-3	6.516496E-8	1.379605E-9	3.873773E-8	5.157963E-9	1.000000E+0	
5.326335E+4	1.245000E+2	2.971689E+0	1.447560E+0	5.567975E+1	2.891063E-3	-2.125575E-6	7.653519E-9	3.773939E-7	9.000638E-9	1.000000E+0	
5.330471E+4	1.245000E+2	4.952814E+0	1.447560E+0	5.567975E+1	2.891063E-3	-8.408445E-6	1.363647E-9	2.413997E-6	2.632528E-8	1.000000E+0	
5.334609E+4	1.245000E+2	6.438658E+0	1.447560E+0	5.567975E+1	2.891063E-3	-1.889525E-5	2.823931E-9	4.892395E-6	2.265496E-9	1.000000E+0	
5.338748E+4	1.245000E+2	7.924502E+0	1.447560E+0	5.567975E+1	2.891063E-3	-3.515980E-5	2.603470E-9	9.218765E-6	3.226885E-9	1.000000E+0	
5.344998E+4	1.245000E+2	9.905628E-2	1.200000E+0	5.567975E+1	2.891063E-3	2.076491E-7	4.602215E-9	-2.568528E-7	5.593896E-9	1.000000E+0	
5.349856E+4	1.245000E+2	2.971689E+0	1.200000E+0	5.567975E+1	2.891063E-3	-1.973240E-6	6.955406E-9	4.485641E-7	5.408649E-9	1.000000E+0	
5.354723E+4	1.245000E+2	4.952814E+0	1.200000E+0	5.567975E+1	2.891063E-3	-8.692000E-6	1.456971E-10	2.113492E-6	1.774914E-9	1.000000E+0	
5.359586E+4	1.244900E+2	6.438658E+0	1.200000E+0	5.567975E+1	2.891063E-3	-1.937280E-5	1.204522E-9	4.806187E-6	7.305083E-10	1.000000E+0	
5.364452E+4	1.244800E+2	7.924502E+0	1.200000E+0	5.567975E+1	2.891063E-3	-3.598032E-5	2.450486E-8	9.160636E-6	2.135817E-8	1.000000E+0	
--- > K and esd K (estimated based on user TCR) : -5.287483E+0	-4.648951E-2	

*** Temperature stable /K : 1.294700000E+2
--- > R0 : 5.604468E+1	5.604333E+1	5.604850E+1	5.604790E+1	5.604780E+1	5.604168E+1	5.604409E+1	5.604742E+1	5.604890E+1	5.604660E+1	5.604779E+1	5.604535E+1	
time /sec  	temp /K    	current /mA	freq /Hz   	R0 /Ohms   	esd R0     	V3X /V_rms 	esd V3X    	V3Y /V_rms 	esd V3Y    	Data_Valid?
5.390620E+4	1.294500E+2	9.905609E-2	2.000000E+1	5.604617E+1	2.303539E-3	1.168553E-8	7.956173E-9	-4.974670E-9	1.236710E-8	1.000000E+0	
5.391461E+4	1.294500E+2	2.971683E+0	2.000000E+1	5.604617E+1	2.303539E-3	-9.626592E-7	7.700746E-9	5.130007E-7	3.252846E-8	1.000000E+0	
5.392303E+4	1.294500E+2	4.952805E+0	2.000000E+1	5.604617E+1	2.303539E-3	-4.478451E-6	3.167982E-8	2.370633E-6	1.733005E-8	1.000000E+0	
5.393141E+4	1.294500E+2	6.438646E+0	2.000000E+1	5.604617E+1	2.303539E-3	-9.931687E-6	1.835322E-8	5.266948E-6	2.854401E-8	1.000000E+0	
5.393986E+4	1.294500E+2	7.924488E+0	2.000000E+1	5.604617E+1	2.303539E-3	-1.846600E-5	1.070349E-8	9.813718E-6	1.754454E-8	1.000000E+0	
5.395180E+4	1.294600E+2	9.905609E-2	1.657958E+1	5.604617E+1	2.303539E-3	-1.514955E-6	4.446506E-6	1.809711E-6	4.168792E-6	1.000000E+0	
5.396075E+4	1.294700E+2	2.971683E+0	1.657958E+1	5.604617E+1	2.303539E-3	-8.134532E-7	5.148192E-6	-2.131570E-6	3.208532E-6	1.000000E+0	
5.396969E+4	1.294700E+2	4.952805E+0	1.657958E+1	5.604617E+1	2.303539E-3	-2.686737E-6	4.056614E-6	4.028374E-6	4.479713E-6	1.000000E+0	
5.397868E+4	1.294800E+2	6.438646E+0	1.657958E+1	5.604617E+1	2.303539E-3	-1.310594E-5	3.535147E-6	6.352731E-6	4.892442E-6	1.000000E+0	
5.398764E+4	1.294800E+2	7.924488E+0	1.657958E+1	5.604617E+1	2.303539E-3	-1.916507E-5	5.130078E-6	7.263336E-6	3.181902E-6	1.000000E+0	
5.400014E+4	1.294900E+2	9.905609E-2	1.374412E+1	5.604617E+1	2.303539E-3	-1.432839E-8	1.783219E-8	-7.771239E-10	1.767325E-8	1.000000E+0	
5.400973E+4	1.295000E+2	2.971683E+0	1.374412E+1	5.604617E+1	2.303539E-3	-1.060780E-6	3.196333E-8	4.942538E-7	1.543710E-8	1.000000E+0	
5.401931E+4	1.295000E+2	4.952805E+0	1.374412E+1	5.604617E+1	2.303539E-3	-5.079735E-6	1.291131E-8	2.398981E-6	1.491795E-8	1.000000E+0	
5.402889E+4	1.295100E+2	6.438646E+0	1.374412E+1	5.604617E+1	2.303539E-3	-1.129415E-5	1.562862E-8	5.339708E-6	2.672001E-8	1.000000E+0	
5.403843E+4	1.295100E+2	7.924488E+0	1.374412E+1	5.604617E+1	2.303539E-3	-2.093353E-5	2.416244E-8	9.872119E-6	2.422444E-8	1.000000E+0	
5.405180E+4	1.295100E+2	9.905609E-2	1.139358E+1	5.604617E+1	2.303539E-3	1.487285E-8	1.687354E-8	-2.036101E-9	2.132021E-8	1.000000E+0	
5.406221E+4	1.295100E+2	2.971683E+0	1.139358E+1	5.604617E+1	2.303539E-3	-1.141700E-6	2.720895E-8	4.987214E-7	1.435673E-8	1.000000E+0	
5.407254E+4	1.295100E+2	4.952805E+0	1.139358E+1	5.604617E+1	2.303539E-3	-5.391728E-6	4.763353E-9	2.372509E-6	1.483825E-8	1.000000E+0	
5.408291E+4	1.295100E+2	6.438646E+0	1.139358E+1	5.604617E+1	2.303539E-3	-1.192955E-5	1.114547E-8	5.318650E-6	2.444056E-8	1.000000E+0	
5.409333E+4	1.295100E+2	7.924488E+0	1.139358E+1	5.604617E+1	2.303539E-3	-2.218990E-5	1.389149E-8	9.886836E-6	1.454366E-8	1.000000E+0	
5.410765E+4	1.295100E+2	9.905609E-2	9.445040E+0	5.604617E+1	2.303539E-3	1.165663E-8	1.721639E-8	-7.919242E-9	4.251603E-9	1.000000E+0	
5.411887E+4	1.295100E+2	2.971683E+0	9.445040E+0	5.604617E+1	2.303539E-3	-1.199971E-6	1.970034E-8	5.041866E-7	9.424824E-9	1.000000E+0	
5.413018E+4	1.295100E+2	4.952805E+0	9.445040E+0	5.604617E+1	2.303539E-3	-5.692492E-6	1.155291E-8	2.387395E-6	3.121342E-8	1.000000E+0	
5.414148E+4	1.295100E+2	6.438646E+0	9.445040E+0	5.604617E+1	2.303539E-3	-1.261664E-5	4.278429E-9	5.353316E-6	1.818476E-9	1.000000E+0	
5.415272E+4	1.295100E+2	7.924488E+0	9.445040E+0	5.604617E+1	2.303539E-3	-2.341074E-5	2.268191E-8	9.925156E-6	1.641102E-8	1.000000E+0	
5.416808E+4	1.295000E+2	9.905609E-2	7.829740E+0	5.604617E+1	2.303539E-3	-1.855003E-8	8.667699E-9	2.891590E-8	2.604514E-8	1.000000E+0	
5.418044E+4	1.295000E+2	2.971683E+0	7.829740E+0	5.604617E+1	2.303539E-3	-1.274757E-6	1.679092E-8	5.323316E-7	1.794863E-8	1.000000E+0	
5.419278E+4	1.295000E+2	4.952805E+0	7.829740E+0	5.604617E+1	2.303539E-3	-5.972885E-6	1.488733E-8	2.372651E-6	1.373173E-8	1.000000E+0	
5.420516E+4	1.295000E+2	6.438646E+0	7.829740E+0	5.604617E+1	2.303539E-3	-1.322718E-5	7.661117E-9	5.292297E-6	9.072318E-9	1.000000E+0	
5.421757E+4	1.295000E+2	7.924488E+0	7.829740E+0	5.604617E+1	2.303539E-3	-2.458973E-5	1.870234E-8	9.878764E-6	3.931814E-9	1.000000E+0	
5.423460E+4	1.295000E+2	9.905609E-2	6.490680E+0	5.604617E+1	2.303539E-3	-5.183764E-8	2.633651E-8	-8.481884E-8	2.717800E-8	1.000000E+0	
5.424830E+4	1.295000E+2	2.971683E+0	6.490680E+0	5.604617E+1	2.303539E-3	-1.263212E-6	4.272965E-8	4.823261E-7	4.421735E-9	1.000000E+0	
5.426206E+4	1.295000E+2	4.952805E+0	6.490680E+0	5.604617E+1	2.303539E-3	-6.263304E-6	2.293683E-8	2.370932E-6	2.127316E-8	1.000000E+0	
5.427583E+4	1.295000E+2	6.438646E+0	6.490680E+0	5.604617E+1	2.303539E-3	-1.383815E-5	4.522971E-8	5.317964E-6	1.405531E-8	1.000000E+0	
5.428958E+4	1.295000E+2	7.924488E+0	6.490680E+0	5.604617E+1	2.303539E-3	-2.584489E-5	2.513267E-8	9.886266E-6	8.073205E-9	1.000000E+0	
5.430859E+4	1.295000E+2	9.905609E-2	5.380640E+0	5.604617E+1	2.303539E-3	5.287217E-8	3.245605E-8	3.813867E-8	1.129571E-8	1.000000E+0	
5.432402E+4	1.295000E+2	2.971683E+0	5.380640E+0	5.604617E+1	2.303539E-3	-1.437808E-6	2.262534E-8	4.491239E-7	1.640764E-8	1.000000E+0	
5.433942E+4	1.295000E+2	4.952805E+0	5.380640E+0	5.604617E+1	2.303539E-3	-6.540009E-6	2.248892E-8	2.364876E-6	1.486248E-8	1.000000E+0	
5.435485E+4	1.295000E+2	6.438646E+0	5.380640E+0	5.604617E+1	2.303539E-3	-1.455117E-5	1.974029E-8	5.284002E-6	2.853796E-8	1.000000E+0	
5.437024E+4	1.295000E+2	7.924488E+0	5.380640E+0	5.604617E+1	2.303539E-3	-2.702679E-5	1.332782E-8	9.748906E-6	1.032990E-8	1.000000E+0	
5.439135E+4	1.295000E+2	9.905609E-2	4.460440E+0	5.604617E+1	2.303539E-3	2.292120E-8	7.365924E-9	-2.765828E-8	3.277808E-9	1.000000E+0	
5.440870E+4	1.295000E+2	2.971683E+0	4.460440E+0	5.604617E+1	2.303539E-3	-1.473054E-6	1.623216E-9	4.929226E-7	7.806010E-9	1.000000E+0	
5.442605E+4	1.295000E+2	4.952805E+0	4.460440E+0	5.604617E+1	2.303539E-3	-6.844683E-6	3.575719E-9	2.302051E-6	2.217065E-8	1.000000E+0	
5.444346E+4	1.295000E+2	6.438646E+0	4.460440E+0	5.604617E+1	2.303539E-3	-1.513411E-5	8.033368E-9	5.212613E-6	1.802470E-9	1.000000E+0	
5.446086E+4	1.295000E+2	7.924488E+0	4.460440E+0	5.604617E+1	2.303539E-3	-2.816673E-5	1.040205E-8	9.664675E-6	2.759321E-9	1.000000E+0	
5.448704E+4	1.295000E+2	9.905609E-2	3.697610E+0	5.604617E+1	2.303539E-3	-9.370699E-9	5.087770E-9	3.744548E-8	1.532047E-8	1.000000E+0	
5.450683E+4	1.295000E+2	2.971683E+0	3.697610E+0	5.604617E+1	2.303539E-3	-1.511409E-6	1.154293E-8	4.910739E-7	1.270825E-8	1.000000E+0	
5.452658E+4	1.295000E+2	4.952805E+0	3.697610E+0	5.604617E+1	2.303539E-3	-7.036834E-6	2.876107E-8	2.260181E-6	1.909703E-8	1.000000E+0	
5.454634E+4	1.295000E+2	6.438646E+0	3.697610E+0	5.604617E+1	2.303539E-3	-1.572733E-5	1.614856E-8	5.145832E-6	5.540341E-9	1.000000E+0	
5.456609E+4	1.295000E+2	7.924488E+0	3.697610E+0	5.604617E+1	2.303539E-3	-2.931667E-5	5.440153E-9	9.643859E-6	2.923964E-9	1.000000E+0	
5.459507E+4	1.295000E+2	9.905609E-2	3.065240E+0	5.604617E+1	2.303539E-3	1.151107E-8	2.970526E-9	3.005590E-9	1.220026E-8	1.000000E+0	
5.461767E+4	1.294900E+2	2.971683E+0	3.065240E+0	5.604617E+1	2.303539E-3	-1.676376E-6	1.028313E-8	5.462778E-7	1.390379E-8	1.000000E+0	
5.464027E+4	1.294900E+2	4.952805E+0	3.065240E+0	5.604617E+1	2.303539E-3	-7.391051E-6	3.188346E-9	2.331529E-6	3.213160E-9	1.000000E+0	
5.466292E+4	1.294900E+2	6.438646E+0	3.065240E+0	5.604617E+1	2.303539E-3	-1.634586E-5	2.004239E-9	5.150052E-6	1.182232E-8	1.000000E+0	
5.468550E+4	1.295000E+2	7.924488E+0	3.065240E+0	5.604617E+1	2.303539E-3	-3.042286E-5	2.713271E-9	9.568904E-6	1.277034E-9	1.000000E+0	
5.471929E+4	1.295000E+2	9.905609E-2	2.541020E+0	5.604617E+1	2.303539E-3	-2.800465E-8	1.012859E-8	-3.014523E-8	4.007623E-9	1.000000E+0	
5.474536E+4	1.295000E+2	2.971683E+0	2.541020E+0	5.604617E+1	2.303539E-3	-1.597124E-6	2.447838E-9	5.604591E-7	3.228594E-8	1.000000E+0	
5.477142E+4	1.295100E+2	4.952805E+0	2.541020E+0	5.604617E+1	2.303539E-3	-7.690008E-6	6.101847E-9	2.304706E-6	1.004623E-8	1.000000E+0	
5.479750E+4	1.295100E+2	6.438646E+0	2.541020E+0	5.604617E+1	2.303539E-3	-1.695867E-5	6.251643E-9	5.080966E-6	3.959630E-9	1.000000E+0	
5.482354E+4	1.295000E+2	7.924488E+0	2.541020E+0	5.604617E+1	2.303539E-3	-3.153116E-5	9.530970E-9	9.492051E-6	7.629898E-9	1.000000E+0	
5.486333E+4	1.295000E+2	9.905609E-2	2.106450E+0	5.604617E+1	2.303539E-3	-5.726205E-8	1.753093E-8	-6.241816E-8	9.215709E-9	1.000000E+0	
5.489362E+4	1.295000E+2	2.971683E+0	2.106450E+0	5.604617E+1	2.303539E-3	-1.741585E-6	2.829390E-9	5.497012E-7	1.506705E-9	1.000000E+0	
5.492395E+4	1.295000E+2	4.952805E+0	2.106450E+0	5.604617E+1	2.303539E-3	-7.947673E-6	3.769018E-9	2.274282E-6	3.572809E-9	1.000000E+0	
5.495420E+4	1.295000E+2	6.438646E+0	2.106450E+0	5.604617E+1	2.303539E-3	-1.755998E-5	3.313299E-9	5.081853E-6	2.079551E-9	1.000000E+0	
5.498445E+4	1.295000E+2	7.924488E+0	2.106450E+0	5.604617E+1	2.303539E-3	-3.264668E-5	2.752145E-9	9.428117E-6	4.856366E-9	1.000000E+0	
5.503103E+4	1.295000E+2	9.905609E-2	1.746200E+0	5.604617E+1	2.303539E-3	-4.173814E-8	5.430498E-9	2.835365E-8	1.766717E-8	1.000000E+0	
5.506634E+4	1.295000E+2	2.971683E+0	1.746200E+0	5.604617E+1	2.303539E-3	-1.754313E-6	3.542874E-9	4.783035E-7	2.689827E-9	1.000000E+0	
5.510160E+4	1.295000E+2	4.952805E+0	1.746200E+0	5.604617E+1	2.303539E-3	-8.414599E-6	1.919331E-8	2.553723E-6	3.820179E-8	1.000000E+0	
5.513684E+4	1.295000E+2	6.438646E+0	1.746200E+0	5.604617E+1	2.303539E-3	-1.817147E-5	3.187155E-9	4.981803E-6	3.007347E-9	1.000000E+0	
5.517238E+4	1.295000E+2	7.924488E+0	1.746200E+0	5.604617E+1	2.303539E-3	-3.382513E-5	2.630598E-9	9.227842E-6	2.273764E-9	1.000000E+0	
5.522728E+4	1.295000E+2	9.905609E-2	1.447560E+0	5.604617E+1	2.303539E-3	-1.037979E-8	2.361110E-9	1.900766E-8	1.502035E-9	1.000000E+0	
5.526861E+4	1.295000E+2	2.971683E+0	1.447560E+0	5.604617E+1	2.303539E-3	-1.799416E-6	8.802726E-10	4.842969E-7	2.604790E-9	1.000000E+0	
5.530996E+4	1.295000E+2	4.952805E+0	1.447560E+0	5.604617E+1	2.303539E-3	-8.522629E-6	1.312430E-8	2.049625E-6	2.507014E-8	1.000000E+0	
5.535141E+4	1.295000E+2	6.438646E+0	1.447560E+0	5.604617E+1	2.303539E-3	-1.872594E-5	2.370941E-9	4.924831E-6	6.847169E-9	1.000000E+0	
5.539275E+4	1.295000E+2	7.924488E+0	1.447560E+0	5.604617E+1	2.303539E-3	-3.470312E-5	9.592452E-9	9.068621E-6	2.970493E-9	1.000000E+0	
5.545548E+4	1.295000E+2	9.905609E-2	1.200000E+0	5.604617E+1	2.303539E-3	1.904379E-8	4.756100E-9	1.709467E-8	6.187518E-9	1.000000E+0	
5.550418E+4	1.295000E+2	2.971683E+0	1.200000E+0	5.604617E+1	2.303539E-3	-1.557569E-6	2.452408E-8	5.044918E-7	1.433223E-8	1.000000E+0	
5.555283E+4	1.295000E+2	4.952805E+0	1.200000E+0	5.604617E+1	2.303539E-3	-8.549558E-6	9.292429E-9	1.996615E-6	1.508618E-8	1.000000E+0	
5.560149E+4	1.295000E+2	6.438646E+0	1.200000E+0	5.604617E+1	2.303539E-3	-1.920779E-5	2.304645E-9	4.757487E-6	5.693412E-9	1.000000E+0	
5.565014E+4	1.295000E+2	7.924488E+0	1.200000E+0	5.604617E+1	2.303539E-3	-3.582321E-5	4.452071E-10	8.961593E-6	6.820780E-9	1.000000E+0	
--- > K and esd K (estimated based on user TCR) : -5.372306E+0	-3.521441E-2	

*** Temperature stable /K : 1.344700000E+2
--- > R0 : 5.664299E+1	5.664381E+1	5.663770E+1	5.663878E+1	5.664083E+1	5.664218E+1	5.664494E+1	5.664390E+1	5.663828E+1	5.663910E+1	5.663881E+1	5.664341E+1	
time /sec  	temp /K    	current /mA	freq /Hz   	R0 /Ohms   	esd R0     	V3X /V_rms 	esd V3X    	V3Y /V_rms 	esd V3Y    	Data_Valid?
5.591286E+4	1.344500E+2	9.905584E-2	2.000000E+1	5.664123E+1	2.595060E-3	-1.033478E-8	2.425574E-8	8.582328E-9	2.913204E-8	1.000000E+0	
5.592128E+4	1.344500E+2	2.971675E+0	2.000000E+1	5.664123E+1	2.595060E-3	-9.720522E-7	2.292180E-8	4.726698E-7	2.107922E-8	1.000000E+0	
5.592973E+4	1.344500E+2	4.952792E+0	2.000000E+1	5.664123E+1	2.595060E-3	-4.438465E-6	3.418860E-8	2.316758E-6	2.715254E-8	1.000000E+0	
5.593812E+4	1.344500E+2	6.438630E+0	2.000000E+1	5.664123E+1	2.595060E-3	-9.750061E-6	2.617401E-8	5.187656E-6	2.623367E-8	1.000000E+0	
5.594654E+4	1.344500E+2	7.924467E+0	2.000000E+1	5.664123E+1	2.595060E-3	-1.809833E-5	1.842857E-8	9.721904E-6	2.851558E-8	1.000000E+0	
5.595846E+4	1.344600E+2	9.905584E-2	1.657958E+1	5.664123E+1	2.595060E-3	2.177459E-6	3.566095E-6	6.328332E-7	4.845021E-6	1.000000E+0	
5.596745E+4	1.344600E+2	2.971675E+0	1.657958E+1	5.664123E+1	2.595060E-3	-2.546870E-6	4.007146E-6	-4.334161E-7	4.604638E-6	1.000000E+0	
5.597645E+4	1.344700E+2	4.952792E+0	1.657958E+1	5.664123E+1	2.595060E-3	-4.527659E-6	4.972781E-6	4.155028E-6	3.586815E-6	1.000000E+0	
5.598546E+4	1.344700E+2	6.438630E+0	1.657958E+1	5.664123E+1	2.595060E-3	-9.684732E-6	4.835405E-6	3.478760E-6	3.769392E-6	1.000000E+0	
5.599445E+4	1.344800E+2	7.924467E+0	1.657958E+1	5.664123E+1	2.595060E-3	-2.070532E-5	4.357118E-6	1.129620E-5	4.270852E-6	1.000000E+0	
5.600702E+4	1.344800E+2	9.905584E-2	1.374412E+1	5.664123E+1	2.595060E-3	-9.356696E-9	1.174313E-8	1.614653E-8	1.535171E-8	1.000000E+0	
5.601659E+4	1.344900E+2	2.971675E+0	1.374412E+1	5.664123E+1	2.595060E-3	-1.092036E-6	1.863625E-8	5.122612E-7	3.676511E-8	1.000000E+0	
5.602619E+4	1.344900E+2	4.952792E+0	1.374412E+1	5.664123E+1	2.595060E-3	-4.995744E-6	1.886353E-8	2.379917E-6	1.248725E-8	1.000000E+0	
5.603575E+4	1.344900E+2	6.438630E+0	1.374412E+1	5.664123E+1	2.595060E-3	-1.107335E-5	1.476568E-8	5.282989E-6	1.635319E-8	1.000000E+0	
5.604536E+4	1.344900E+2	7.924467E+0	1.374412E+1	5.664123E+1	2.595060E-3	-2.059846E-5	1.085490E-8	9.825801E-6	2.280464E-8	1.000000E+0	
5.605870E+4	1.345000E+2	9.905584E-2	1.139358E+1	5.664123E+1	2.595060E-3	-5.479643E-9	1.105445E-8	-5.669910E-9	1.129758E-8	1.000000E+0	
5.606907E+4	1.345000E+2	2.971675E+0	1.139358E+1	5.664123E+1	2.595060E-3	-1.102786E-6	2.430203E-8	5.424497E-7	1.759072E-8	1.000000E+0	
5.607946E+4	1.345000E+2	4.952792E+0	1.139358E+1	5.664123E+1	2.595060E-3	-5.297972E-6	1.078900E-8	2.386197E-6	2.246343E-8	1.000000E+0	
5.608986E+4	1.345000E+2	6.438630E+0	1.139358E+1	5.664123E+1	2.595060E-3	-1.174859E-5	1.963829E-8	5.281786E-6	1.703535E-8	1.000000E+0	
5.610023E+4	1.345000E+2	7.924467E+0	1.139358E+1	5.664123E+1	2.595060E-3	-2.185447E-5	1.664904E-8	9.883020E-6	1.402620E-8	1.000000E+0	
5.611453E+4	1.345000E+2	9.905584E-2	9.445040E+0	5.664123E+1	2.595060E-3	2.283498E-8	1.695956E-8	-1.461402E-8	1.789629E-8	1.000000E+0	
5.612584E+4	1.345000E+2	2.971675E+0	9.445040E+0	5.664123E+1	2.595060E-3	-1.168742E-6	3.042084E-8	5.332610E-7	8.826212E-9	1.000000E+0	
5.613712E+4	1.345000E+2	4.952792E+0	9.445040E+0	5.664123E+1	2.595060E-3	-5.588203E-6	5.881067E-9	2.349107E-6	1.292561E-8	1.000000E+0	
5.614836E+4	1.345000E+2	6.438630E+0	9.445040E+0	5.664123E+1	2.595060E-3	-1.239637E-5	6.723992E-9	5.358959E-6	4.302557E-8	1.000000E+0	
5.615965E+4	1.345000E+2	7.924467E+0	9.445040E+0	5.664123E+1	2.595060E-3	-2.304900E-5	1.080583E-8	9.866601E-6	1.818276E-8	1.000000E+0	
5.617501E+4	1.345000E+2	9.905584E-2	7.829740E+0	5.664123E+1	2.595060E-3	4.089058E-9	1.618101E-8	-9.222094E-9	7.964918E-9	1.000000E+0	
5.618743E+4	1.345000E+2	2.971675E+0	7.829740E+0	5.664123E+1	2.595060E-3	-1.281832E-6	1.310207E-8	5.152006E-7	7.062074E-9	1.000000E+0	
5.619984E+4	1.345000E+2	4.952792E+0	7.829740E+0	5.664123E+1	2.595060E-3	-5.875990E-6	2.499599E-8	2.348491E-6	5.123750E-9	1.000000E+0	
5.621223E+4	1.345000E+2	6.438630E+0	7.829740E+0	5.664123E+1	2.595060E-3	-1.303255E-5	1.065910E-8	5.243000E-6	1.001494E-8	1.000000E+0	
5.622460E+4	1.345000E+2	7.924467E+0	7.829740E+0	5.664123E+1	2.595060E-3	-2.428897E-5	5.554298E-9	9.816565E-6	1.300718E-8	1.000000E+0	
5.624187E+4	1.345000E+2	9.905584E-2	6.490680E+0	5.664123E+1	2.595060E-3	1.129699E-8	6.891813E-9	3.245314E-8	2.875163E-9	1.000000E+0	
5.625564E+4	1.345000E+2	2.971675E+0	6.490680E+0	5.664123E+1	2.595060E-3	-1.325557E-6	2.520941E-8	4.910842E-7	9.416400E-9	1.000000E+0	
5.626940E+4	1.345000E+2	4.952792E+0	6.490680E+0	5.664123E+1	2.595060E-3	-6.210757E-6	6.636241E-9	2.353124E-6	6.189975E-9	1.000000E+0	
5.628318E+4	1.345000E+2	6.438630E+0	6.490680E+0	5.664123E+1	2.595060E-3	-1.370288E-5	4.692691E-8	5.322683E-6	2.604876E-8	1.000000E+0	
5.629690E+4	1.345000E+2	7.924467E+0	6.490680E+0	5.664123E+1	2.595060E-3	-2.545929E-5	1.024015E-8	9.827678E-6	9.090452E-9	1.000000E+0	
5.631570E+4	1.345000E+2	9.905584E-2	5.380640E+0	5.664123E+1	2.595060E-3	-2.164728E-8	7.279938E-9	1.400318E-8	6.865545E-9	1.000000E+0	
5.633109E+4	1.345000E+2	2.971675E+0	5.380640E+0	5.664123E+1	2.595060E-3	-1.406963E-6	1.072678E-8	4.976546E-7	1.714097E-8	1.000000E+0	
5.634656E+4	1.345000E+2	4.952792E+0	5.380640E+0	5.664123E+1	2.595060E-3	-6.451693E-6	8.095227E-9	2.361024E-6	4.248409E-9	1.000000E+0	
5.636198E+4	1.345000E+2	6.438630E+0	5.380640E+0	5.664123E+1	2.595060E-3	-1.431938E-5	8.727905E-9	5.247442E-6	3.433810E-9	1.000000E+0	
5.637739E+4	1.345000E+2	7.924467E+0	5.380640E+0	5.664123E+1	2.595060E-3	-2.663587E-5	1.147339E-8	9.597224E-6	2.602853E-8	1.000000E+0	
5.639836E+4	1.345000E+2	9.905584E-2	4.460440E+0	5.664123E+1	2.595060E-3	1.058464E-8	1.300963E-8	3.846151E-8	9.652712E-9	1.000000E+0	
5.641574E+4	1.345000E+2	2.971675E+0	4.460440E+0	5.664123E+1	2.595060E-3	-1.421508E-6	1.342537E-8	5.383486E-7	8.155170E-9	1.000000E+0	
5.643314E+4	1.345000E+2	4.952792E+0	4.460440E+0	5.664123E+1	2.595060E-3	-6.786745E-6	3.968035E-9	2.318058E-6	1.253475E-8	1.000000E+0	
5.645051E+4	1.345000E+2	6.438630E+0	4.460440E+0	5.664123E+1	2.595060E-3	-1.498785E-5	4.110463E-8	5.195128E-6	2.384145E-8	1.000000E+0	
5.646792E+4	1.345000E+2	7.924467E+0	4.460440E+0	5.664123E+1	2.595060E-3	-2.783630E-5	7.626910E-9	9.689011E-6	8.914641E-9	1.000000E+0	
5.649396E+4	1.345000E+2	9.905584E-2	3.697610E+0	5.664123E+1	2.595060E-3	1.384338E-7	3.871141E-8	1.159116E-7	1.559982E-8	1.000000E+0	
5.651370E+4	1.345000E+2	2.971675E+0	3.697610E+0	5.664123E+1	2.595060E-3	-1.585451E-6	1.141496E-8	6.403724E-7	1.018203E-8	1.000000E+0	
5.653349E+4	1.345000E+2	4.952792E+0	3.697610E+0	5.664123E+1	2.595060E-3	-7.021602E-6	1.073865E-8	2.324695E-6	2.800162E-9	1.000000E+0	
5.655324E+4	1.345000E+2	6.438630E+0	3.697610E+0	5.664123E+1	2.595060E-3	-1.554397E-5	4.921529E-9	5.170660E-6	2.154879E-9	1.000000E+0	
5.657301E+4	1.345000E+2	7.924467E+0	3.697610E+0	5.664123E+1	2.595060E-3	-2.899175E-5	1.290141E-8	9.599819E-6	2.883610E-9	1.000000E+0	
5.660224E+4	1.345000E+2	9.905584E-2	3.065240E+0	5.664123E+1	2.595060E-3	2.167358E-8	9.567848E-10	-4.036576E-10	5.090614E-9	1.000000E+0	
5.662492E+4	1.345000E+2	2.971675E+0	3.065240E+0	5.664123E+1	2.595060E-3	-1.612089E-6	1.533532E-9	5.246566E-7	3.217931E-9	1.000000E+0	
5.664756E+4	1.345100E+2	4.952792E+0	3.065240E+0	5.664123E+1	2.595060E-3	-7.280701E-6	2.994451E-9	2.349582E-6	1.260806E-8	1.000000E+0	
5.667018E+4	1.345200E+2	6.438630E+0	3.065240E+0	5.664123E+1	2.595060E-3	-1.621367E-5	5.742364E-9	5.054233E-6	4.594859E-8	1.000000E+0	
5.669283E+4	1.345200E+2	7.924467E+0	3.065240E+0	5.664123E+1	2.595060E-3	-3.022020E-5	4.297539E-8	9.338438E-6	4.318276E-8	1.000000E+0	
5.672664E+4	1.345200E+2	9.905584E-2	2.541020E+0	5.664123E+1	2.595060E-3	-2.990630E-8	1.061388E-8	3.541206E-8	4.913817E-9	1.000000E+0	
5.675263E+4	1.345100E+2	2.971675E+0	2.541020E+0	5.664123E+1	2.595060E-3	-1.542107E-6	1.668947E-8	4.870495E-7	5.689743E-9	1.000000E+0	
5.677872E+4	1.345100E+2	4.952792E+0	2.541020E+0	5.664123E+1	2.595060E-3	-7.734956E-6	6.385248E-8	2.259832E-6	1.156490E-8	1.000000E+0	
5.680482E+4	1.345100E+2	6.438630E+0	2.541020E+0	5.664123E+1	2.595060E-3	-1.676799E-5	7.453743E-9	5.065551E-6	1.787060E-9	1.000000E+0	
5.683087E+4	1.345100E+2	7.924467E+0	2.541020E+0	5.664123E+1	2.595060E-3	-3.121930E-5	6.986562E-10	9.497773E-6	4.288508E-9	1.000000E+0	
5.687066E+4	1.345000E+2	9.905584E-2	2.106450E+0	5.664123E+1	2.595060E-3	4.653095E-8	5.362077E-9	1.304601E-7	4.150687E-8	1.000000E+0	
5.690088E+4	1.345000E+2	2.971675E+0	2.106450E+0	5.664123E+1	2.595060E-3	-1.654429E-6	1.553646E-9	5.159118E-7	1.038119E-9	1.000000E+0	
5.693109E+4	1.345000E+2	4.952792E+0	2.106450E+0	5.664123E+1	2.595060E-3	-7.846257E-6	5.841437E-9	2.259841E-6	7.049287E-9	1.000000E+0	
5.696129E+4	1.345000E+2	6.438630E+0	2.106450E+0	5.664123E+1	2.595060E-3	-1.742687E-5	3.878581E-9	5.007288E-6	1.263147E-8	1.000000E+0	
5.699154E+4	1.345000E+2	7.924467E+0	2.106450E+0	5.664123E+1	2.595060E-3	-3.236638E-5	4.393955E-9	9.398789E-6	5.399920E-9	1.000000E+0	
5.703787E+4	1.345000E+2	9.905584E-2	1.746200E+0	5.664123E+1	2.595060E-3	-5.481593E-8	1.166603E-9	1.143329E-9	1.451833E-9	1.000000E+0	
5.707314E+4	1.345000E+2	2.971675E+0	1.746200E+0	5.664123E+1	2.595060E-3	-1.765817E-6	3.534496E-9	4.791163E-7	2.511566E-9	1.000000E+0	
5.710841E+4	1.345000E+2	4.952792E+0	1.746200E+0	5.664123E+1	2.595060E-3	-8.122617E-6	4.673686E-9	2.139779E-6	1.437516E-8	1.000000E+0	
5.714370E+4	1.345000E+2	6.438630E+0	1.746200E+0	5.664123E+1	2.595060E-3	-1.807661E-5	7.417456E-9	5.392335E-6	2.230450E-8	1.000000E+0	
5.717893E+4	1.345000E+2	7.924467E+0	1.746200E+0	5.664123E+1	2.595060E-3	-3.348810E-5	7.220696E-9	9.399615E-6	1.520844E-8	1.000000E+0	
5.723361E+4	1.345000E+2	9.905584E-2	1.447560E+0	5.664123E+1	2.595060E-3	-2.074731E-9	3.410021E-9	1.641049E-9	6.370470E-9	1.000000E+0	
5.727499E+4	1.345000E+2	2.971675E+0	1.447560E+0	5.664123E+1	2.595060E-3	-1.706625E-6	1.824138E-9	4.632445E-7	5.251341E-9	1.000000E+0	
5.731636E+4	1.345000E+2	4.952792E+0	1.447560E+0	5.664123E+1	2.595060E-3	-8.517435E-6	4.173792E-9	2.168182E-6	1.972699E-9	1.000000E+0	
5.735772E+4	1.345000E+2	6.438630E+0	1.447560E+0	5.664123E+1	2.595060E-3	-1.862046E-5	8.632327E-10	4.934924E-6	2.525110E-9	1.000000E+0	
5.739914E+4	1.345000E+2	7.924467E+0	1.447560E+0	5.664123E+1	2.595060E-3	-3.456959E-5	3.937313E-9	9.186531E-6	3.463342E-9	1.000000E+0	
5.746189E+4	1.345000E+2	9.905584E-2	1.200000E+0	5.664123E+1	2.595060E-3	3.916386E-8	2.997514E-9	-3.437455E-8	5.143075E-10	1.000000E+0	
5.751055E+4	1.345000E+2	2.971675E+0	1.200000E+0	5.664123E+1	2.595060E-3	-1.775057E-6	1.448177E-9	3.537917E-7	1.843246E-9	1.000000E+0	
5.755921E+4	1.345000E+2	4.952792E+0	1.200000E+0	5.664123E+1	2.595060E-3	-8.172199E-6	2.068306E-8	1.972509E-6	2.634939E-8	1.000000E+0	
5.760792E+4	1.345000E+2	6.438630E+0	1.200000E+0	5.664123E+1	2.595060E-3	-1.922608E-5	2.320534E-8	4.550879E-6	1.579282E-8	1.000000E+0	
5.765664E+4	1.345000E+2	7.924467E+0	1.200000E+0	5.664123E+1	2.595060E-3	-3.548662E-5	3.814566E-10	8.963357E-6	4.973940E-10	1.000000E+0	
--- > K and esd K (estimated based on user TCR) : -5.436760E+0	-3.978290E-2	

*** Temperature stable /K : 1.394500000E+2
--- > R0 : 5.712813E+1	5.713040E+1	5.713098E+1	5.712953E+1	5.712453E+1	5.712719E+1	5.712837E+1	5.712936E+1	5.712979E+1	5.712896E+1	5.712538E+1	5.712620E+1	
time /sec  	temp /K    	current /mA	freq /Hz   	R0 /Ohms   	esd R0     	V3X /V_rms 	esd V3X    	V3Y /V_rms 	esd V3Y    	Data_Valid?
5.792164E+4	1.394400E+2	9.905562E-2	2.000000E+1	5.712823E+1	2.028494E-3	6.267311E-10	3.568102E-8	-7.877456E-10	9.516936E-9	1.000000E+0	
5.793004E+4	1.394400E+2	2.971669E+0	2.000000E+1	5.712823E+1	2.028494E-3	-9.529838E-7	1.375469E-8	4.983814E-7	1.985870E-8	1.000000E+0	
5.793847E+4	1.394400E+2	4.952781E+0	2.000000E+1	5.712823E+1	2.028494E-3	-4.356174E-6	2.045643E-8	2.348506E-6	3.236137E-8	1.000000E+0	
5.794688E+4	1.394400E+2	6.438615E+0	2.000000E+1	5.712823E+1	2.028494E-3	-9.586163E-6	2.824203E-8	5.187077E-6	1.694963E-8	1.000000E+0	
5.795531E+4	1.394500E+2	7.924449E+0	2.000000E+1	5.712823E+1	2.028494E-3	-1.787066E-5	1.343844E-8	9.664633E-6	7.949888E-9	1.000000E+0	
5.796726E+4	1.394500E+2	9.905562E-2	1.657958E+1	5.712823E+1	2.028494E-3	1.773170E-6	4.529918E-6	-2.656206E-6	3.876702E-6	1.000000E+0	
5.797620E+4	1.394600E+2	2.971669E+0	1.657958E+1	5.712823E+1	2.028494E-3	1.903379E-6	3.210239E-6	1.446599E-6	5.051462E-6	1.000000E+0	
5.798514E+4	1.394600E+2	4.952781E+0	1.657958E+1	5.712823E+1	2.028494E-3	-5.043913E-6	5.146114E-6	5.406638E-6	3.018670E-6	1.000000E+0	
5.799411E+4	1.394700E+2	6.438615E+0	1.657958E+1	5.712823E+1	2.028494E-3	-1.332412E-5	2.940463E-6	5.005668E-6	5.177722E-6	1.000000E+0	
5.800310E+4	1.394800E+2	7.924449E+0	1.657958E+1	5.712823E+1	2.028494E-3	-1.925231E-5	5.193090E-6	6.849354E-6	3.133172E-6	1.000000E+0	
5.801565E+4	1.394800E+2	9.905562E-2	1.374412E+1	5.712823E+1	2.028494E-3	2.769691E-9	1.269955E-8	-8.941550E-9	2.538020E-8	1.000000E+0	
5.802519E+4	1.394900E+2	2.971669E+0	1.374412E+1	5.712823E+1	2.028494E-3	-1.042774E-6	1.073489E-8	5.301243E-7	8.250248E-9	1.000000E+0	
5.803479E+4	1.394900E+2	4.952781E+0	1.374412E+1	5.712823E+1	2.028494E-3	-4.937041E-6	1.126283E-8	2.418768E-6	6.898165E-9	1.000000E+0	
5.804435E+4	1.395000E+2	6.438615E+0	1.374412E+1	5.712823E+1	2.028494E-3	-1.092037E-5	3.054850E-8	5.265457E-6	9.559982E-9	1.000000E+0	
5.805395E+4	1.395000E+2	7.924449E+0	1.374412E+1	5.712823E+1	2.028494E-3	-2.034604E-5	6.180741E-9	9.798755E-6	2.061161E-8	1.000000E+0	
5.806732E+4	1.395000E+2	9.905562E-2	1.139358E+1	5.712823E+1	2.028494E-3	-3.357067E-9	1.913152E-8	-2.115756E-8	1.764832E-8	1.000000E+0	
5.807770E+4	1.395000E+2	2.971669E+0	1.139358E+1	5.712823E+1	2.028494E-3	-1.152769E-6	1.133642E-8	5.555417E-7	1.501519E-8	1.000000E+0	
5.808800E+4	1.395000E+2	4.952781E+0	1.139358E+1	5.712823E+1	2.028494E-3	-5.246869E-6	3.664478E-8	2.350602E-6	9.989749E-9	1.000000E+0	
5.809834E+4	1.395000E+2	6.438615E+0	1.139358E+1	5.712823E+1	2.028494E-3	-1.158993E-5	1.730933E-8	5.278931E-6	8.933676E-9	1.000000E+0	
5.810873E+4	1.395000E+2	7.924449E+0	1.139358E+1	5.712823E+1	2.028494E-3	-2.159246E-5	1.463521E-8	9.849920E-6	9.318432E-9	1.000000E+0	
5.812301E+4	1.395000E+2	9.905562E-2	9.445040E+0	5.712823E+1	2.028494E-3	-1.245809E-8	4.406487E-9	2.110329E-9	3.596553E-8	1.000000E+0	
5.813427E+4	1.395000E+2	2.971669E+0	9.445040E+0	5.712823E+1	2.028494E-3	-1.177719E-6	9.143698E-9	5.355997E-7	4.868276E-9	1.000000E+0	
5.814558E+4	1.395000E+2	4.952781E+0	9.445040E+0	5.712823E+1	2.028494E-3	-5.516134E-6	8.184087E-9	2.381701E-6	1.293449E-8	1.000000E+0	
5.815687E+4	1.395000E+2	6.438615E+0	9.445040E+0	5.712823E+1	2.028494E-3	-1.224780E-5	1.154515E-8	5.257806E-6	2.158439E-8	1.000000E+0	
5.816811E+4	1.395000E+2	7.924449E+0	9.445040E+0	5.712823E+1	2.028494E-3	-2.282363E-5	1.763300E-8	9.825167E-6	5.510636E-9	1.000000E+0	
5.818351E+4	1.395000E+2	9.905562E-2	7.829740E+0	5.712823E+1	2.028494E-3	-1.201523E-8	3.420898E-9	1.150779E-8	7.537505E-9	1.000000E+0	
5.819595E+4	1.395000E+2	2.971669E+0	7.829740E+0	5.712823E+1	2.028494E-3	-1.293854E-6	2.037319E-8	5.141168E-7	1.404961E-8	1.000000E+0	
5.820834E+4	1.395000E+2	4.952781E+0	7.829740E+0	5.712823E+1	2.028494E-3	-5.833545E-6	1.154569E-8	2.382571E-6	1.396794E-8	1.000000E+0	
5.822075E+4	1.395000E+2	6.438615E+0	7.829740E+0	5.712823E+1	2.028494E-3	-1.293176E-5	1.094750E-8	5.270754E-6	1.309443E-8	1.000000E+0	
5.823317E+4	1.395000E+2	7.924449E+0	7.829740E+0	5.712823E+1	2.028494E-3	-2.409233E-5	5.474822E-9	9.821832E-6	1.309692E-8	1.000000E+0	
5.825054E+4	1.395000E+2	9.905562E-2	6.490680E+0	5.712823E+1	2.028494E-3	-4.453993E-8	6.820893E-9	1.759704E-8	1.420567E-8	1.000000E+0	
5.826429E+4	1.395000E+2	2.971669E+0	6.490680E+0	5.712823E+1	2.028494E-3	-1.312115E-6	9.176028E-9	5.292939E-7	9.854435E-9	1.000000E+0	
5.827802E+4	1.395000E+2	4.952781E+0	6.490680E+0	5.712823E+1	2.028494E-3	-6.137973E-6	1.471195E-8	2.388661E-6	9.723260E-9	1.000000E+0	
5.829180E+4	1.395000E+2	6.438615E+0	6.490680E+0	5.712823E+1	2.028494E-3	-1.358164E-5	1.012614E-8	5.260513E-6	1.702985E-8	1.000000E+0	
5.830550E+4	1.395000E+2	7.924449E+0	6.490680E+0	5.712823E+1	2.028494E-3	-2.522420E-5	7.987442E-9	9.785016E-6	9.436320E-9	1.000000E+0	
5.832438E+4	1.395000E+2	9.905562E-2	5.380640E+0	5.712823E+1	2.028494E-3	8.030590E-9	1.358907E-8	-7.761925E-8	1.818405E-8	1.000000E+0	
5.833981E+4	1.395000E+2	2.971669E+0	5.380640E+0	5.712823E+1	2.028494E-3	-1.364852E-6	9.401602E-9	5.237505E-7	1.964559E-8	1.000000E+0	
5.835523E+4	1.395000E+2	4.952781E+0	5.380640E+0	5.712823E+1	2.028494E-3	-6.420245E-6	1.625046E-8	2.319031E-6	6.980160E-9	1.000000E+0	
5.837064E+4	1.395100E+2	6.438615E+0	5.380640E+0	5.712823E+1	2.028494E-3	-1.418941E-5	2.339087E-9	5.204479E-6	2.556916E-8	1.000000E+0	
5.838605E+4	1.395100E+2	7.924449E+0	5.380640E+0	5.712823E+1	2.028494E-3	-2.639420E-5	1.490980E-8	9.708064E-6	7.278875E-9	1.000000E+0	
5.840700E+4	1.395100E+2	9.905562E-2	4.460440E+0	5.712823E+1	2.028494E-3	-9.395965E-9	5.396395E-9	-5.284606E-9	3.056933E-9	1.000000E+0	
5.842439E+4	1.395100E+2	2.971669E+0	4.460440E+0	5.712823E+1	2.028494E-3	-1.463730E-6	4.627510E-9	4.977205E-7	1.639188E-8	1.000000E+0	
5.844178E+4	1.395100E+2	4.952781E+0	4.460440E+0	5.712823E+1	2.028494E-3	-6.692499E-6	6.440702E-9	2.346452E-6	1.527899E-8	1.000000E+0	
5.845917E+4	1.395100E+2	6.438615E+0	4.460440E+0	5.712823E+1	2.028494E-3	-1.474955E-5	5.716909E-9	5.154543E-6	1.440864E-8	1.000000E+0	
5.847658E+4	1.395100E+2	7.924449E+0	4.460440E+0	5.712823E+1	2.028494E-3	-2.751853E-5	4.197939E-9	9.635291E-6	3.843540E-9	1.000000E+0	
5.850266E+4	1.395100E+2	9.905562E-2	3.697610E+0	5.712823E+1	2.028494E-3	-6.894341E-8	1.745750E-8	-1.237689E-7	3.569913E-8	1.000000E+0	
5.852243E+4	1.395100E+2	2.971669E+0	3.697610E+0	5.712823E+1	2.028494E-3	-1.475877E-6	3.173948E-9	4.939135E-7	3.833948E-9	1.000000E+0	
5.854218E+4	1.395100E+2	4.952781E+0	3.697610E+0	5.712823E+1	2.028494E-3	-6.914247E-6	5.445459E-9	2.308959E-6	9.486604E-9	1.000000E+0	
5.856198E+4	1.395100E+2	6.438615E+0	3.697610E+0	5.712823E+1	2.028494E-3	-1.539604E-5	8.299454E-9	5.167208E-6	4.281346E-9	1.000000E+0	
5.858171E+4	1.395100E+2	7.924449E+0	3.697610E+0	5.712823E+1	2.028494E-3	-2.867466E-5	6.520835E-9	9.558816E-6	5.758051E-9	1.000000E+0	
5.861066E+4	1.395100E+2	9.905562E-2	3.065240E+0	5.712823E+1	2.028494E-3	2.228008E-8	6.545629E-9	2.103780E-8	3.645928E-9	1.000000E+0	
5.863328E+4	1.395100E+2	2.971669E+0	3.065240E+0	5.712823E+1	2.028494E-3	-1.571133E-6	3.576497E-9	4.819696E-7	1.206549E-8	1.000000E+0	
5.865587E+4	1.395100E+2	4.952781E+0	3.065240E+0	5.712823E+1	2.028494E-3	-7.218631E-6	1.743207E-9	2.297752E-6	3.788718E-9	1.000000E+0	
5.867848E+4	1.395100E+2	6.438615E+0	3.065240E+0	5.712823E+1	2.028494E-3	-1.598271E-5	1.422767E-8	5.104736E-6	1.011957E-8	1.000000E+0	
5.870116E+4	1.395000E+2	7.924449E+0	3.065240E+0	5.712823E+1	2.028494E-3	-2.972421E-5	9.566539E-9	9.531749E-6	3.783866E-9	1.000000E+0	
5.873497E+4	1.395000E+2	9.905562E-2	2.541020E+0	5.712823E+1	2.028494E-3	-5.527209E-8	2.241513E-8	4.637909E-8	9.461750E-9	1.000000E+0	
5.876105E+4	1.395000E+2	2.971669E+0	2.541020E+0	5.712823E+1	2.028494E-3	-1.624879E-6	7.227518E-9	5.151911E-7	1.807615E-8	1.000000E+0	
5.878711E+4	1.395000E+2	4.952781E+0	2.541020E+0	5.712823E+1	2.028494E-3	-7.446146E-6	8.039775E-10	2.307977E-6	7.128012E-9	1.000000E+0	
5.881317E+4	1.395000E+2	6.438615E+0	2.541020E+0	5.712823E+1	2.028494E-3	-1.641683E-5	7.906527E-9	4.855710E-6	1.424254E-8	1.000000E+0	
5.883924E+4	1.395000E+2	7.924449E+0	2.541020E+0	5.712823E+1	2.028494E-3	-3.078013E-5	3.528011E-9	9.441415E-6	1.346619E-8	1.000000E+0	
5.887874E+4	1.395000E+2	9.905562E-2	2.106450E+0	5.712823E+1	2.028494E-3	3.125845E-8	2.889937E-9	6.797909E-9	2.227047E-9	1.000000E+0	
5.890900E+4	1.395000E+2	2.971669E+0	2.106450E+0	5.712823E+1	2.028494E-3	-1.663023E-6	2.809751E-9	4.820339E-7	5.003379E-9	1.000000E+0	
5.893921E+4	1.395000E+2	4.952781E+0	2.106450E+0	5.712823E+1	2.028494E-3	-7.716108E-6	4.197656E-9	2.186496E-6	9.895472E-9	1.000000E+0	
5.896947E+4	1.395000E+2	6.438615E+0	2.106450E+0	5.712823E+1	2.028494E-3	-1.711361E-5	4.781755E-9	5.040044E-6	6.867432E-10	1.000000E+0	
5.899968E+4	1.395000E+2	7.924449E+0	2.106450E+0	5.712823E+1	2.028494E-3	-3.199956E-5	2.075528E-9	9.388801E-6	1.874672E-9	1.000000E+0	
5.904611E+4	1.395000E+2	9.905562E-2	1.746200E+0	5.712823E+1	2.028494E-3	2.135614E-8	2.130569E-9	2.673386E-8	1.046060E-9	1.000000E+0	
5.908143E+4	1.395000E+2	2.971669E+0	1.746200E+0	5.712823E+1	2.028494E-3	-1.651182E-6	2.613250E-8	4.852608E-7	1.628225E-8	1.000000E+0	
5.911673E+4	1.395000E+2	4.952781E+0	1.746200E+0	5.712823E+1	2.028494E-3	-8.013508E-6	1.031008E-9	2.260481E-6	1.810767E-10	1.000000E+0	
5.915199E+4	1.395000E+2	6.438615E+0	1.746200E+0	5.712823E+1	2.028494E-3	-1.771179E-5	3.625279E-10	4.994755E-6	4.363102E-9	1.000000E+0	
5.918730E+4	1.395000E+2	7.924449E+0	1.746200E+0	5.712823E+1	2.028494E-3	-3.313041E-5	8.517401E-8	9.521402E-6	4.813512E-8	1.000000E+0	
5.924252E+4	1.395000E+2	9.905562E-2	1.447560E+0	5.712823E+1	2.028494E-3	1.716561E-9	4.353972E-9	-3.281820E-8	4.827537E-9	1.000000E+0	
5.928393E+4	1.395000E+2	2.971669E+0	1.447560E+0	5.712823E+1	2.028494E-3	-1.743607E-6	5.252033E-9	4.445447E-7	5.488195E-9	1.000000E+0	
5.932540E+4	1.395000E+2	4.952781E+0	1.447560E+0	5.712823E+1	2.028494E-3	-8.290871E-6	1.047062E-9	2.231744E-6	7.964034E-10	1.000000E+0	
5.936683E+4	1.395000E+2	6.438615E+0	1.447560E+0	5.712823E+1	2.028494E-3	-1.837557E-5	1.494114E-9	5.391070E-6	1.247999E-8	1.000000E+0	
5.940830E+4	1.395000E+2	7.924449E+0	1.447560E+0	5.712823E+1	2.028494E-3	-3.418155E-5	9.133700E-9	9.189785E-6	3.907615E-9	1.000000E+0	
5.947225E+4	1.395000E+2	9.905562E-2	1.200000E+0	5.712823E+1	2.028494E-3	4.310326E-8	2.185776E-9	-6.865909E-9	1.569446E-9	1.000000E+0	
5.952099E+4	1.395000E+2	2.971669E+0	1.200000E+0	5.712823E+1	2.028494E-3	-1.331824E-6	1.855304E-8	3.286357E-7	9.444518E-9	1.000000E+0	
5.956972E+4	1.395000E+2	4.952781E+0	1.200000E+0	5.712823E+1	2.028494E-3	-8.232765E-6	2.590440E-9	1.996536E-6	5.840912E-9	1.000000E+0	
5.961848E+4	1.395000E+2	6.438615E+0	1.200000E+0	5.712823E+1	2.028494E-3	-1.874671E-5	1.414842E-9	4.779274E-6	5.344890E-9	1.000000E+0	
5.966717E+4	1.395000E+2	7.924449E+0	1.200000E+0	5.712823E+1	2.028494E-3	-3.506511E-5	1.367345E-9	8.950521E-6	2.922277E-9	1.000000E+0	
--- > K and esd K (estimated based on user TCR) : -5.724175E+0	-3.537287E-2	

*** Temperature stable /K : 1.444700000E+2
--- > R0 : 5.754487E+1	5.754426E+1	5.754088E+1	5.753868E+1	5.754077E+1	5.753989E+1	5.754249E+1	5.754092E+1	5.754354E+1	5.754027E+1	5.753808E+1	5.753920E+1	
time /sec  	temp /K    	current /mA	freq /Hz   	R0 /Ohms   	esd R0     	V3X /V_rms 	esd V3X    	V3Y /V_rms 	esd V3Y    	Data_Valid?
5.993156E+4	1.444500E+2	9.905548E-2	2.000000E+1	5.754115E+1	2.194471E-3	1.913960E-8	3.036759E-8	8.616769E-9	1.833259E-8	1.000000E+0	
5.993995E+4	1.444500E+2	2.971664E+0	2.000000E+1	5.754115E+1	2.194471E-3	-9.351623E-7	2.444596E-8	5.035778E-7	1.813244E-8	1.000000E+0	
5.994835E+4	1.444500E+2	4.952774E+0	2.000000E+1	5.754115E+1	2.194471E-3	-4.230456E-6	1.227596E-8	2.289415E-6	1.710475E-8	1.000000E+0	
5.995675E+4	1.444500E+2	6.438606E+0	2.000000E+1	5.754115E+1	2.194471E-3	-9.393678E-6	2.813301E-8	5.103808E-6	1.170802E-8	1.000000E+0	
5.996513E+4	1.444500E+2	7.924438E+0	2.000000E+1	5.754115E+1	2.194471E-3	-1.743917E-5	2.786366E-8	9.493729E-6	1.288744E-8	1.000000E+0	
5.997708E+4	1.444500E+2	9.905548E-2	1.657958E+1	5.754115E+1	2.194471E-3	-7.061854E-7	5.040557E-6	-2.908072E-6	3.150640E-6	1.000000E+0	
5.998605E+4	1.444600E+2	2.971664E+0	1.657958E+1	5.754115E+1	2.194471E-3	1.792287E-6	3.216826E-6	1.146212E-7	5.088765E-6	1.000000E+0	
5.999498E+4	1.444600E+2	4.952774E+0	1.657958E+1	5.754115E+1	2.194471E-3	-5.350984E-6	4.999149E-6	4.986767E-6	3.246414E-6	1.000000E+0	
6.000397E+4	1.444700E+2	6.438606E+0	1.657958E+1	5.754115E+1	2.194471E-3	-1.171647E-5	4.407274E-6	3.337050E-6	4.205599E-6	1.000000E+0	
6.001298E+4	1.444700E+2	7.924438E+0	1.657958E+1	5.754115E+1	2.194471E-3	-1.700363E-5	4.214890E-6	1.105882E-5	4.445823E-6	1.000000E+0	
6.002557E+4	1.444800E+2	9.905548E-2	1.374412E+1	5.754115E+1	2.194471E-3	-9.593203E-9	1.874928E-8	-1.945278E-8	1.394874E-8	1.000000E+0	
6.003512E+4	1.444800E+2	2.971664E+0	1.374412E+1	5.754115E+1	2.194471E-3	-1.070870E-6	1.324487E-8	5.182579E-7	2.437854E-8	1.000000E+0	
6.004467E+4	1.444800E+2	4.952774E+0	1.374412E+1	5.754115E+1	2.194471E-3	-4.824332E-6	1.187560E-8	2.366357E-6	7.683401E-9	1.000000E+0	
6.005425E+4	1.444900E+2	6.438606E+0	1.374412E+1	5.754115E+1	2.194471E-3	-1.073688E-5	2.781468E-8	5.276695E-6	3.547990E-8	1.000000E+0	
6.006384E+4	1.444900E+2	7.924438E+0	1.374412E+1	5.754115E+1	2.194471E-3	-2.000145E-5	2.936719E-8	9.850670E-6	5.917241E-8	1.000000E+0	
6.007725E+4	1.445000E+2	9.905548E-2	1.139358E+1	5.754115E+1	2.194471E-3	2.751093E-8	1.364938E-8	3.934192E-9	2.103968E-8	1.000000E+0	
6.008764E+4	1.445000E+2	2.971664E+0	1.139358E+1	5.754115E+1	2.194471E-3	-1.089832E-6	1.897029E-8	5.299883E-7	6.927011E-9	1.000000E+0	
6.009805E+4	1.445000E+2	4.952774E+0	1.139358E+1	5.754115E+1	2.194471E-3	-5.151181E-6	2.767964E-8	2.383400E-6	2.649250E-8	1.000000E+0	
6.010843E+4	1.445000E+2	6.438606E+0	1.139358E+1	5.754115E+1	2.194471E-3	-1.132052E-5	2.283318E-8	5.168908E-6	1.990989E-8	1.000000E+0	
6.011880E+4	1.445000E+2	7.924438E+0	1.139358E+1	5.754115E+1	2.194471E-3	-1.467330E-5	8.680396E-7	5.861543E-6	7.153513E-7	1.000000E+0	
6.013313E+4	1.445000E+2	9.905548E-2	9.445040E+0	5.754115E+1	2.194471E-3	5.493024E-9	9.392740E-9	1.709802E-8	1.058342E-8	1.000000E+0	
6.014959E+4	1.445000E+2	2.971664E+0	9.445040E+0	5.754115E+1	2.194471E-3	-1.003186E-6	9.647065E-8	3.149923E-7	5.778287E-8	1.000000E+0	
6.016825E+4	1.444900E+2	4.952774E+0	9.445040E+0	5.754115E+1	2.194471E-3	-3.975972E-6	1.698799E-7	1.597529E-6	1.846809E-7	1.000000E+0	
6.018694E+4	1.444900E+2	6.438606E+0	9.445040E+0	5.754115E+1	2.194471E-3	-1.013431E-5	2.597406E-7	4.337523E-6	1.399420E-7	1.000000E+0	
6.020559E+4	1.444900E+2	7.924438E+0	9.445040E+0	5.754115E+1	2.194471E-3	-2.026434E-5	1.419841E-7	8.664144E-6	1.476737E-7	1.000000E+0	
6.023309E+4	1.444900E+2	9.905548E-2	3.377430E+0	5.754115E+1	2.194471E-3	8.440433E-9	1.419873E-8	1.632841E-8	7.576012E-9	1.000000E+0	
6.025414E+4	1.444900E+2	2.971664E+0	3.377430E+0	5.754115E+1	2.194471E-3	-1.335141E-6	1.341850E-8	4.633634E-7	2.180647E-8	1.000000E+0	
6.027520E+4	1.445000E+2	4.952774E+0	3.377430E+0	5.754115E+1	2.194471E-3	-6.110755E-6	1.051948E-8	1.997010E-6	5.353398E-9	1.000000E+0	
6.029627E+4	1.445000E+2	6.438606E+0	3.377430E+0	5.754115E+1	2.194471E-3	-1.291164E-5	2.435882E-8	4.316467E-6	2.056818E-8	1.000000E+0	
6.031732E+4	1.445000E+2	7.924438E+0	3.377430E+0	5.754115E+1	2.194471E-3	-2.839470E-5	1.382979E-8	9.424811E-6	1.232959E-9	1.000000E+0	
6.034827E+4	1.445000E+2	9.905548E-2	2.842400E+0	5.754115E+1	2.194471E-3	-2.386395E-8	5.296837E-9	-1.660740E-8	7.454747E-9	1.000000E+0	
6.037221E+4	1.445000E+2	2.971664E+0	2.842400E+0	5.754115E+1	2.194471E-3	-1.394957E-6	7.517142E-9	4.552174E-7	8.686974E-9	1.000000E+0	
6.039616E+4	1.445000E+2	4.952774E+0	2.842400E+0	5.754115E+1	2.194471E-3	-6.855631E-6	2.493832E-8	2.184268E-6	2.911150E-8	1.000000E+0	
6.042011E+4	1.445000E+2	6.438606E+0	2.842400E+0	5.754115E+1	2.194471E-3	-1.574426E-5	1.272674E-8	4.991245E-6	2.683173E-9	1.000000E+0	
6.044408E+4	1.445000E+2	7.924438E+0	2.842400E+0	5.754115E+1	2.194471E-3	-2.927194E-5	8.841681E-9	9.251210E-6	1.658307E-9	1.000000E+0	
6.048129E+4	1.445000E+2	9.905548E-2	2.392130E+0	5.754115E+1	2.194471E-3	-1.216083E-8	5.694362E-9	1.275557E-8	3.127110E-9	1.000000E+0	
6.050864E+4	1.445000E+2	2.971664E+0	2.392130E+0	5.754115E+1	2.194471E-3	-1.401767E-6	1.089010E-8	3.899916E-7	4.482638E-8	1.000000E+0	
6.053601E+4	1.445000E+2	4.952774E+0	2.392130E+0	5.754115E+1	2.194471E-3	-7.319176E-6	1.802598E-8	2.187236E-6	3.268974E-9	1.000000E+0	
6.056335E+4	1.445000E+2	6.438606E+0	2.392130E+0	5.754115E+1	2.194471E-3	-1.592131E-5	3.721109E-8	4.892961E-6	4.666476E-9	1.000000E+0	
6.059067E+4	1.445000E+2	7.924438E+0	2.392130E+0	5.754115E+1	2.194471E-3	-2.990295E-5	2.400201E-8	9.132850E-6	7.758755E-9	1.000000E+0	
6.063172E+4	1.445000E+2	9.905548E-2	2.013180E+0	5.754115E+1	2.194471E-3	7.711375E-9	5.278514E-9	-3.781368E-8	3.439478E-9	1.000000E+0	
6.066314E+4	1.445000E+2	2.971664E+0	2.013180E+0	5.754115E+1	2.194471E-3	-1.639777E-6	2.000577E-8	4.983538E-7	1.563873E-8	1.000000E+0	
6.069458E+4	1.445000E+2	4.952774E+0	2.013180E+0	5.754115E+1	2.194471E-3	-7.271120E-6	1.194282E-8	1.995780E-6	2.156520E-8	1.000000E+0	
6.072599E+4	1.445000E+2	6.438606E+0	2.013180E+0	5.754115E+1	2.194471E-3	-1.629306E-5	1.779054E-8	4.814127E-6	4.112879E-8	1.000000E+0	
6.075739E+4	1.445000E+2	7.924438E+0	2.013180E+0	5.754115E+1	2.194471E-3	-3.107895E-5	8.062696E-9	9.188206E-6	7.263155E-9	1.000000E+0	
6.080496E+4	1.445000E+2	9.905548E-2	1.694270E+0	5.754115E+1	2.194471E-3	-1.623444E-8	1.965565E-8	-2.602271E-9	2.538693E-9	1.000000E+0	
6.084118E+4	1.445000E+2	2.971664E+0	1.694270E+0	5.754115E+1	2.194471E-3	-1.652129E-6	3.899689E-9	4.300915E-7	3.588425E-10	1.000000E+0	
6.087735E+4	1.445000E+2	4.952774E+0	1.694270E+0	5.754115E+1	2.194471E-3	-7.793537E-6	1.237639E-9	2.258186E-6	3.800025E-9	1.000000E+0	
6.091355E+4	1.445000E+2	6.438606E+0	1.694270E+0	5.754115E+1	2.194471E-3	-1.739575E-5	5.229129E-8	4.953763E-6	2.164669E-8	1.000000E+0	
6.094977E+4	1.445000E+2	7.924438E+0	1.694270E+0	5.754115E+1	2.194471E-3	-3.158053E-5	4.022236E-8	9.081490E-6	3.134537E-9	1.000000E+0	
6.100525E+4	1.445000E+2	9.905548E-2	1.425880E+0	5.754115E+1	2.194471E-3	4.065773E-8	1.670864E-9	-2.078867E-8	3.202713E-9	1.000000E+0	
6.104722E+4	1.445000E+2	2.971664E+0	1.425880E+0	5.754115E+1	2.194471E-3	-1.551038E-6	9.192898E-9	5.231793E-7	2.062325E-8	1.000000E+0	
6.108918E+4	1.445000E+2	4.952774E+0	1.425880E+0	5.754115E+1	2.194471E-3	-7.369827E-6	3.823402E-9	1.922646E-6	9.370014E-9	1.000000E+0	
6.113113E+4	1.445000E+2	6.438606E+0	1.425880E+0	5.754115E+1	2.194471E-3	-1.554322E-5	8.714839E-9	4.533929E-6	1.551894E-8	1.000000E+0	
6.117305E+4	1.445000E+2	7.924438E+0	1.425880E+0	5.754115E+1	2.194471E-3	-3.124960E-5	1.572751E-8	8.701008E-6	1.039585E-8	1.000000E+0	
6.123563E+4	1.445000E+2	9.905548E-2	1.200000E+0	5.754115E+1	2.194471E-3	3.011006E-9	3.275288E-10	-2.337520E-8	1.014454E-8	1.000000E+0	
6.128436E+4	1.445000E+2	2.971664E+0	1.200000E+0	5.754115E+1	2.194471E-3	-1.753936E-6	2.007853E-8	3.658869E-7	1.859966E-8	1.000000E+0	
6.133309E+4	1.445000E+2	4.952774E+0	1.200000E+0	5.754115E+1	2.194471E-3	-8.054602E-6	6.237313E-10	1.987583E-6	3.001017E-9	1.000000E+0	
6.138180E+4	1.445000E+2	6.438606E+0	1.200000E+0	5.754115E+1	2.194471E-3	-1.643490E-5	1.104528E-8	4.216400E-6	5.351023E-9	1.000000E+0	
6.143060E+4	1.445000E+2	7.924438E+0	1.200000E+0	5.754115E+1	2.194471E-3	-2.905479E-5	1.885972E-8	7.611779E-6	1.695539E-8	1.000000E+0	
--- > K and esd K (estimated based on user TCR) : -6.375754E+0	-3.356073E-1	

*** Temperature stable /K : 1.494600000E+2
--- > R0 : 5.791701E+1	5.792756E+1	5.791753E+1	5.791857E+1	5.792048E+1	5.791792E+1	5.791433E+1	5.792970E+1	5.791807E+1	5.791933E+1	5.792021E+1	5.791722E+1	
time /sec  	temp /K    	current /mA	freq /Hz   	R0 /Ohms   	esd R0     	V3X /V_rms 	esd V3X    	V3Y /V_rms 	esd V3Y    	Data_Valid?
6.170210E+4	1.494400E+2	9.905536E-2	8.000000E+0	5.791983E+1	4.436832E-3	-1.092907E-8	1.100679E-8	-1.471381E-8	5.591255E-9	1.000000E+0	
6.171434E+4	1.494400E+2	2.971661E+0	8.000000E+0	5.791983E+1	4.436832E-3	-1.151754E-6	1.287823E-8	3.439269E-7	1.115320E-8	1.000000E+0	
6.172659E+4	1.494400E+2	4.952768E+0	8.000000E+0	5.791983E+1	4.436832E-3	-5.019984E-6	1.115033E-7	1.971757E-6	8.035433E-8	1.000000E+0	
6.173886E+4	1.494500E+2	6.438598E+0	8.000000E+0	5.791983E+1	4.436832E-3	-1.219098E-5	2.724472E-8	5.095371E-6	1.986584E-8	1.000000E+0	
6.175117E+4	1.494600E+2	7.924428E+0	8.000000E+0	5.791983E+1	4.436832E-3	-2.263997E-5	1.777215E-8	9.533021E-6	2.288174E-8	1.000000E+0	
6.176811E+4	1.494700E+2	9.905536E-2	6.732700E+0	5.791983E+1	4.436832E-3	-1.541223E-8	5.738687E-9	-1.421361E-8	1.031430E-8	1.000000E+0	
6.178156E+4	1.494700E+2	2.971661E+0	6.732700E+0	5.791983E+1	4.436832E-3	-1.243852E-6	7.058494E-9	4.927732E-7	1.502882E-8	1.000000E+0	
6.179506E+4	1.494800E+2	4.952768E+0	6.732700E+0	5.791983E+1	4.436832E-3	-5.733760E-6	5.527208E-9	2.271688E-6	2.849711E-8	1.000000E+0	
6.180854E+4	1.494900E+2	6.438598E+0	6.732700E+0	5.791983E+1	4.436832E-3	-1.274248E-5	9.165363E-9	5.075334E-6	1.221477E-8	1.000000E+0	
6.182202E+4	1.494900E+2	7.924428E+0	6.732700E+0	5.791983E+1	4.436832E-3	-2.370415E-5	1.782583E-8	9.490463E-6	1.674815E-8	1.000000E+0	
6.184036E+4	1.495000E+2	9.905536E-2	5.666150E+0	5.791983E+1	4.436832E-3	3.738655E-8	5.776075E-9	3.760433E-9	1.665501E-8	1.000000E+0	
6.185525E+4	1.495000E+2	2.971661E+0	5.666150E+0	5.791983E+1	4.436832E-3	-1.222471E-6	1.720194E-8	4.222355E-7	1.991203E-8	1.000000E+0	
6.187014E+4	1.495000E+2	4.952768E+0	5.666150E+0	5.791983E+1	4.436832E-3	-6.054361E-6	3.688993E-8	2.285198E-6	1.414085E-8	1.000000E+0	
6.188505E+4	1.495100E+2	6.438598E+0	5.666150E+0	5.791983E+1	4.436832E-3	-1.331887E-5	1.677653E-8	5.096581E-6	1.253913E-8	1.000000E+0	
6.190004E+4	1.495100E+2	7.924428E+0	5.666150E+0	5.791983E+1	4.436832E-3	-2.475828E-5	4.254320E-9	9.489720E-6	2.759569E-9	1.000000E+0	
6.192036E+4	1.495100E+2	9.905536E-2	4.768560E+0	5.791983E+1	4.436832E-3	2.064075E-8	7.396060E-9	-2.050352E-8	7.858909E-9	1.000000E+0	
6.193700E+4	1.495100E+2	2.971661E+0	4.768560E+0	5.791983E+1	4.436832E-3	-1.377776E-6	4.835226E-9	4.361291E-7	1.563994E-8	1.000000E+0	
6.195364E+4	1.495100E+2	4.952768E+0	4.768560E+0	5.791983E+1	4.436832E-3	-6.238475E-6	4.483626E-9	2.319254E-6	7.564139E-9	1.000000E+0	
6.197023E+4	1.495100E+2	6.438598E+0	4.768560E+0	5.791983E+1	4.436832E-3	-1.383589E-5	5.323633E-9	5.065651E-6	5.925513E-9	1.000000E+0	
6.198690E+4	1.495000E+2	7.924428E+0	4.768560E+0	5.791983E+1	4.436832E-3	-2.578181E-5	3.459841E-9	9.440493E-6	1.017919E-8	1.000000E+0	
6.201143E+4	1.495000E+2	9.905536E-2	4.013160E+0	5.791983E+1	4.436832E-3	9.170588E-9	1.685590E-8	-6.927213E-9	3.607036E-9	1.000000E+0	
6.203005E+4	1.495000E+2	2.971661E+0	4.013160E+0	5.791983E+1	4.436832E-3	-1.416729E-6	4.641927E-9	4.875539E-7	3.323223E-9	1.000000E+0	
6.204871E+4	1.495000E+2	4.952768E+0	4.013160E+0	5.791983E+1	4.436832E-3	-6.497188E-6	6.113182E-9	2.266045E-6	3.929083E-9	1.000000E+0	
6.206734E+4	1.495000E+2	6.438598E+0	4.013160E+0	5.791983E+1	4.436832E-3	-1.442211E-5	9.660840E-9	5.082932E-6	9.775574E-9	1.000000E+0	
6.208598E+4	1.495000E+2	7.924428E+0	4.013160E+0	5.791983E+1	4.436832E-3	-2.677527E-5	2.740365E-9	9.382960E-6	6.603602E-9	1.000000E+0	
6.211342E+4	1.495000E+2	9.905536E-2	3.377430E+0	5.791983E+1	4.436832E-3	-1.984603E-8	1.548608E-8	-2.929954E-8	1.598475E-8	1.000000E+0	
6.213448E+4	1.495100E+2	2.971661E+0	3.377430E+0	5.791983E+1	4.436832E-3	-1.467827E-6	4.135259E-8	4.415157E-7	1.115558E-8	1.000000E+0	
6.215559E+4	1.495100E+2	4.952768E+0	3.377430E+0	5.791983E+1	4.436832E-3	-6.941573E-6	2.299924E-8	2.168769E-6	2.427890E-8	1.000000E+0	
6.217670E+4	1.495100E+2	6.438598E+0	3.377430E+0	5.791983E+1	4.436832E-3	-1.494016E-5	1.255334E-8	5.063364E-6	1.343403E-8	1.000000E+0	
6.219780E+4	1.495100E+2	7.924428E+0	3.377430E+0	5.791983E+1	4.436832E-3	-2.782355E-5	5.030709E-9	9.374713E-6	2.195566E-9	1.000000E+0	
6.222884E+4	1.495000E+2	9.905536E-2	2.842400E+0	5.791983E+1	4.436832E-3	-2.896835E-8	5.619512E-9	-2.255976E-8	2.742758E-9	1.000000E+0	
6.225284E+4	1.495000E+2	2.971661E+0	2.842400E+0	5.791983E+1	4.436832E-3	-1.517479E-6	1.069996E-8	4.362053E-7	8.099699E-9	1.000000E+0	
6.227682E+4	1.495000E+2	4.952768E+0	2.842400E+0	5.791983E+1	4.436832E-3	-6.997194E-6	8.267084E-9	2.280593E-6	5.712228E-9	1.000000E+0	
6.230075E+4	1.495000E+2	6.438598E+0	2.842400E+0	5.791983E+1	4.436832E-3	-1.548906E-5	9.140150E-9	5.042587E-6	3.996805E-9	1.000000E+0	
6.232468E+4	1.495000E+2	7.924428E+0	2.842400E+0	5.791983E+1	4.436832E-3	-2.895177E-5	4.923432E-8	9.266709E-6	7.309324E-9	1.000000E+0	
6.236029E+4	1.495000E+2	9.905536E-2	2.392130E+0	5.791983E+1	4.436832E-3	-1.104541E-8	9.361201E-9	-8.606454E-9	4.672740E-9	1.000000E+0	
6.238763E+4	1.495000E+2	2.971661E+0	2.392130E+0	5.791983E+1	4.436832E-3	-1.637788E-6	3.716836E-8	4.462159E-7	2.086628E-8	1.000000E+0	
6.241498E+4	1.495000E+2	4.952768E+0	2.392130E+0	5.791983E+1	4.436832E-3	-7.219759E-6	2.997693E-9	2.192453E-6	4.799837E-9	1.000000E+0	
6.244229E+4	1.495000E+2	6.438598E+0	2.392130E+0	5.791983E+1	4.436832E-3	-1.598908E-5	7.067281E-10	4.927053E-6	2.851006E-9	1.000000E+0	
6.246965E+4	1.495000E+2	7.924428E+0	2.392130E+0	5.791983E+1	4.436832E-3	-2.973937E-5	4.082460E-9	9.155054E-6	4.763538E-9	1.000000E+0	
6.251083E+4	1.495000E+2	9.905536E-2	2.013180E+0	5.791983E+1	4.436832E-3	1.162886E-7	1.899646E-8	-2.436751E-7	7.177856E-9	1.000000E+0	
6.254225E+4	1.495000E+2	2.971661E+0	2.013180E+0	5.791983E+1	4.436832E-3	-1.557174E-6	5.149328E-9	4.537856E-7	6.943321E-9	1.000000E+0	
6.257368E+4	1.495000E+2	4.952768E+0	2.013180E+0	5.791983E+1	4.436832E-3	-7.393698E-6	4.088736E-9	2.224063E-6	1.441509E-9	1.000000E+0	
6.260503E+4	1.495000E+2	6.438598E+0	2.013180E+0	5.791983E+1	4.436832E-3	-1.647054E-5	1.313979E-9	4.910443E-6	7.881550E-9	1.000000E+0	
6.263648E+4	1.495000E+2	7.924428E+0	2.013180E+0	5.791983E+1	4.436832E-3	-3.077204E-5	2.133313E-9	9.175274E-6	1.083070E-8	1.000000E+0	
6.268377E+4	1.495000E+2	9.905536E-2	1.694270E+0	5.791983E+1	4.436832E-3	2.083512E-8	5.837353E-9	-5.939262E-9	5.393738E-10	1.000000E+0	
6.272002E+4	1.495000E+2	2.971661E+0	1.694270E+0	5.791983E+1	4.436832E-3	-1.577821E-6	7.799179E-9	4.596094E-7	7.151286E-9	1.000000E+0	
6.275620E+4	1.495000E+2	4.952768E+0	1.694270E+0	5.791983E+1	4.436832E-3	-7.701569E-6	1.334263E-8	2.217168E-6	4.084421E-9	1.000000E+0	
6.279245E+4	1.495100E+2	6.438598E+0	1.694270E+0	5.791983E+1	4.436832E-3	-1.711005E-5	4.325136E-9	4.934393E-6	9.388491E-9	1.000000E+0	
6.282871E+4	1.495100E+2	7.924428E+0	1.694270E+0	5.791983E+1	4.436832E-3	-3.184314E-5	2.295815E-9	9.199475E-6	1.804515E-8	1.000000E+0	
6.288445E+4	1.495100E+2	9.905536E-2	1.425880E+0	5.791983E+1	4.436832E-3	2.696754E-8	2.869842E-9	1.771319E-8	1.850026E-10	1.000000E+0	
6.292641E+4	1.495100E+2	2.971661E+0	1.425880E+0	5.791983E+1	4.436832E-3	-1.693653E-6	1.192032E-9	4.289793E-7	7.846737E-9	1.000000E+0	
6.296831E+4	1.495100E+2	4.952768E+0	1.425880E+0	5.791983E+1	4.436832E-3	-8.269803E-6	5.093930E-8	2.642459E-6	2.107084E-8	1.000000E+0	
6.301020E+4	1.495000E+2	6.438598E+0	1.425880E+0	5.791983E+1	4.436832E-3	-1.764454E-5	4.905958E-9	4.863895E-6	5.228171E-9	1.000000E+0	
6.305211E+4	1.495000E+2	7.924428E+0	1.425880E+0	5.791983E+1	4.436832E-3	-3.286389E-5	2.595073E-9	9.044609E-6	2.659964E-9	1.000000E+0	
6.311569E+4	1.495000E+2	9.905536E-2	1.200000E+0	5.791983E+1	4.436832E-3	-2.843100E-8	1.749445E-8	7.246110E-8	1.908710E-8	1.000000E+0	
6.316438E+4	1.495000E+2	2.971661E+0	1.200000E+0	5.791983E+1	4.436832E-3	-1.725967E-6	5.894812E-9	3.678807E-7	3.987082E-9	1.000000E+0	
6.321311E+4	1.494700E+2	4.952768E+0	1.200000E+0	5.791983E+1	4.436832E-3	-8.107529E-6	2.240803E-9	2.210067E-6	2.630925E-9	1.000000E+0	
6.326184E+4	1.494800E+2	6.438598E+0	1.200000E+0	5.791983E+1	4.436832E-3	-1.817545E-5	8.574784E-9	4.674243E-6	6.594866E-9	1.000000E+0	
6.331051E+4	1.494900E+2	7.924428E+0	1.200000E+0	5.791983E+1	4.436832E-3	-3.370732E-5	1.605057E-9	8.878275E-6	4.396672E-9	1.000000E+0	
--- > K and esd K (estimated based on user TCR) : -6.010183E+0	-2.693081E-2	

*** Temperature stable /K : 1.544600000E+2
--- > R0 : 5.838985E+1	5.838637E+1	5.838826E+1	5.838825E+1	5.839074E+1	5.839161E+1	5.838947E+1	5.838644E+1	5.838633E+1	5.838742E+1	5.839147E+1	5.838940E+1	
time /sec  	temp /K    	current /mA	freq /Hz   	R0 /Ohms   	esd R0     	V3X /V_rms 	esd V3X    	V3Y /V_rms 	esd V3Y    	Data_Valid?
6.358339E+4	1.544400E+2	9.905515E-2	8.000000E+0	5.838880E+1	1.926102E-3	2.094917E-8	1.797913E-8	-1.658509E-8	9.833964E-9	1.000000E+0	
6.359566E+4	1.544400E+2	2.971654E+0	8.000000E+0	5.838880E+1	1.926102E-3	-1.170015E-6	7.524264E-9	5.030113E-7	4.258897E-8	1.000000E+0	
6.360795E+4	1.544400E+2	4.952757E+0	8.000000E+0	5.838880E+1	1.926102E-3	-5.474276E-6	1.983248E-8	2.293906E-6	1.064178E-8	1.000000E+0	
6.362024E+4	1.544500E+2	6.438584E+0	8.000000E+0	5.838880E+1	1.926102E-3	-1.211067E-5	9.443007E-9	5.124477E-6	1.372208E-8	1.000000E+0	
6.363255E+4	1.544500E+2	7.924412E+0	8.000000E+0	5.838880E+1	1.926102E-3	-2.246976E-5	1.825080E-8	9.547549E-6	8.785555E-9	1.000000E+0	
6.364929E+4	1.544600E+2	9.905515E-2	6.732700E+0	5.838880E+1	1.926102E-3	-3.353009E-8	1.020713E-8	1.636989E-8	8.458536E-9	1.000000E+0	
6.366276E+4	1.544700E+2	2.971654E+0	6.732700E+0	5.838880E+1	1.926102E-3	-1.198490E-6	9.395607E-9	4.926480E-7	5.157237E-9	1.000000E+0	
6.367621E+4	1.544800E+2	4.952757E+0	6.732700E+0	5.838880E+1	1.926102E-3	-5.690174E-6	3.566259E-9	2.314458E-6	3.453789E-9	1.000000E+0	
6.368967E+4	1.544800E+2	6.438584E+0	6.732700E+0	5.838880E+1	1.926102E-3	-1.268477E-5	4.207346E-9	5.124741E-6	1.145211E-8	1.000000E+0	
6.370309E+4	1.544900E+2	7.924412E+0	6.732700E+0	5.838880E+1	1.926102E-3	-2.368259E-5	9.901854E-9	9.657668E-6	1.740433E-8	1.000000E+0	
6.372152E+4	1.544900E+2	9.905515E-2	5.666150E+0	5.838880E+1	1.926102E-3	-6.796518E-9	2.965949E-9	1.663427E-8	2.568517E-8	1.000000E+0	
6.373648E+4	1.544900E+2	2.971654E+0	5.666150E+0	5.838880E+1	1.926102E-3	-1.176227E-6	7.218731E-8	5.050426E-7	1.137775E-8	1.000000E+0	
6.375139E+4	1.545000E+2	4.952757E+0	5.666150E+0	5.838880E+1	1.926102E-3	-5.938971E-6	9.691047E-9	2.290257E-6	8.099831E-9	1.000000E+0	
6.376634E+4	1.545000E+2	6.438584E+0	5.666150E+0	5.838880E+1	1.926102E-3	-1.321153E-5	7.515465E-9	5.080046E-6	1.348135E-9	1.000000E+0	
6.378123E+4	1.545000E+2	7.924412E+0	5.666150E+0	5.838880E+1	1.926102E-3	-2.455160E-5	9.245753E-9	9.443959E-6	1.995361E-9	1.000000E+0	
6.380157E+4	1.545000E+2	9.905515E-2	4.768560E+0	5.838880E+1	1.926102E-3	3.682592E-8	1.393473E-8	3.215107E-9	7.202125E-9	1.000000E+0	
6.381820E+4	1.545000E+2	2.971654E+0	4.768560E+0	5.838880E+1	1.926102E-3	-1.317250E-6	7.833074E-9	4.622684E-7	8.940754E-9	1.000000E+0	
6.383481E+4	1.545000E+2	4.952757E+0	4.768560E+0	5.838880E+1	1.926102E-3	-6.130869E-6	1.598196E-8	2.290541E-6	8.558357E-9	1.000000E+0	
6.385147E+4	1.545000E+2	6.438584E+0	4.768560E+0	5.838880E+1	1.926102E-3	-1.374911E-5	1.633239E-8	5.132014E-6	3.515813E-8	1.000000E+0	
6.386805E+4	1.545000E+2	7.924412E+0	4.768560E+0	5.838880E+1	1.926102E-3	-2.553180E-5	9.048198E-9	9.367435E-6	9.995137E-9	1.000000E+0	
6.389245E+4	1.545000E+2	9.905515E-2	4.013160E+0	5.838880E+1	1.926102E-3	-8.353672E-9	1.519314E-8	-7.957860E-10	8.195869E-10	1.000000E+0	
6.391113E+4	1.545000E+2	2.971654E+0	4.013160E+0	5.838880E+1	1.926102E-3	-1.398955E-6	1.342742E-8	5.084455E-7	2.291943E-9	1.000000E+0	
6.392975E+4	1.545000E+2	4.952757E+0	4.013160E+0	5.838880E+1	1.926102E-3	-6.443975E-6	6.368958E-9	2.301640E-6	6.353889E-9	1.000000E+0	
6.394841E+4	1.545000E+2	6.438584E+0	4.013160E+0	5.838880E+1	1.926102E-3	-1.421846E-5	2.462325E-8	5.069646E-6	2.282698E-8	1.000000E+0	
6.396705E+4	1.545100E+2	7.924412E+0	4.013160E+0	5.838880E+1	1.926102E-3	-2.658170E-5	6.371429E-9	9.332907E-6	7.663606E-9	1.000000E+0	
6.399468E+4	1.545000E+2	9.905515E-2	3.377430E+0	5.838880E+1	1.926102E-3	-1.484594E-8	4.769696E-9	2.694796E-8	1.654070E-8	1.000000E+0	
6.401577E+4	1.545000E+2	2.971654E+0	3.377430E+0	5.838880E+1	1.926102E-3	-1.445578E-6	1.139056E-8	4.857429E-7	1.145204E-9	1.000000E+0	
6.403686E+4	1.545000E+2	4.952757E+0	3.377430E+0	5.838880E+1	1.926102E-3	-6.671223E-6	1.066896E-9	2.284419E-6	1.649297E-8	1.000000E+0	
6.405789E+4	1.545000E+2	6.438584E+0	3.377430E+0	5.838880E+1	1.926102E-3	-1.478492E-5	1.321826E-8	4.982177E-6	1.022208E-9	1.000000E+0	
6.407896E+4	1.545000E+2	7.924412E+0	3.377430E+0	5.838880E+1	1.926102E-3	-2.756645E-5	1.363248E-8	9.347526E-6	2.476010E-8	1.000000E+0	
6.410985E+4	1.545000E+2	9.905515E-2	2.842400E+0	5.838880E+1	1.926102E-3	5.198296E-8	1.214578E-8	-2.356797E-9	5.035258E-9	1.000000E+0	
6.413384E+4	1.545000E+2	2.971654E+0	2.842400E+0	5.838880E+1	1.926102E-3	-1.489846E-6	3.929219E-9	4.796912E-7	2.257177E-9	1.000000E+0	
6.415781E+4	1.545000E+2	4.952757E+0	2.842400E+0	5.838880E+1	1.926102E-3	-6.924805E-6	1.213783E-9	2.234518E-6	3.183504E-9	1.000000E+0	
6.418183E+4	1.545000E+2	6.438584E+0	2.842400E+0	5.838880E+1	1.926102E-3	-1.534951E-5	4.629825E-9	5.006311E-6	5.692581E-9	1.000000E+0	
6.420577E+4	1.545000E+2	7.924412E+0	2.842400E+0	5.838880E+1	1.926102E-3	-2.861906E-5	2.573737E-9	9.316323E-6	1.051962E-8	1.000000E+0	
6.424098E+4	1.545000E+2	9.905515E-2	2.392130E+0	5.838880E+1	1.926102E-3	1.061632E-7	6.805314E-9	-1.974101E-7	1.090119E-8	1.000000E+0	
6.426829E+4	1.545000E+2	2.971654E+0	2.392130E+0	5.838880E+1	1.926102E-3	-1.516093E-6	2.349818E-9	4.995327E-7	4.186129E-9	1.000000E+0	
6.429561E+4	1.545000E+2	4.952757E+0	2.392130E+0	5.838880E+1	1.926102E-3	-7.180007E-6	1.050897E-8	2.227873E-6	5.185990E-9	1.000000E+0	
6.432293E+4	1.545000E+2	6.438584E+0	2.392130E+0	5.838880E+1	1.926102E-3	-1.594034E-5	1.393680E-8	4.989470E-6	4.377902E-9	1.000000E+0	
6.435023E+4	1.545000E+2	7.924412E+0	2.392130E+0	5.838880E+1	1.926102E-3	-2.961245E-5	1.912522E-8	9.256063E-6	1.543984E-8	1.000000E+0	
6.439128E+4	1.545000E+2	9.905515E-2	2.013180E+0	5.838880E+1	1.926102E-3	2.255315E-8	4.722573E-9	-1.845315E-8	4.622688E-9	1.000000E+0	
6.442268E+4	1.545000E+2	2.971654E+0	2.013180E+0	5.838880E+1	1.926102E-3	-1.593618E-6	3.569213E-9	4.601646E-7	1.667049E-10	1.000000E+0	
6.445411E+4	1.545000E+2	4.952757E+0	2.013180E+0	5.838880E+1	1.926102E-3	-7.443399E-6	2.702950E-9	2.230245E-6	2.836110E-9	1.000000E+0	
6.448550E+4	1.545000E+2	6.438584E+0	2.013180E+0	5.838880E+1	1.926102E-3	-1.645559E-5	8.720521E-10	4.912905E-6	6.651525E-9	1.000000E+0	
6.451693E+4	1.545000E+2	7.924412E+0	2.013180E+0	5.838880E+1	1.926102E-3	-3.063590E-5	2.426720E-9	9.206115E-6	1.355085E-8	1.000000E+0	
6.456457E+4	1.545000E+2	9.905515E-2	1.694270E+0	5.838880E+1	1.926102E-3	3.681702E-8	2.021819E-8	5.917847E-8	1.064540E-8	1.000000E+0	
6.460073E+4	1.545000E+2	2.971654E+0	1.694270E+0	5.838880E+1	1.926102E-3	-1.586293E-6	1.851133E-8	4.314971E-7	4.309068E-8	1.000000E+0	
6.463694E+4	1.545000E+2	4.952757E+0	1.694270E+0	5.838880E+1	1.926102E-3	-7.660439E-6	5.637379E-9	2.210217E-6	4.743535E-9	1.000000E+0	
6.467316E+4	1.544900E+2	6.438584E+0	1.694270E+0	5.838880E+1	1.926102E-3	-1.743311E-5	5.899726E-8	5.090133E-6	2.343962E-8	1.000000E+0	
6.470936E+4	1.545000E+2	7.924412E+0	1.694270E+0	5.838880E+1	1.926102E-3	-3.163861E-5	1.382562E-9	9.174467E-6	4.757888E-9	1.000000E+0	
6.476493E+4	1.545000E+2	9.905515E-2	1.425880E+0	5.838880E+1	1.926102E-3	1.643855E-8	6.705884E-9	-9.556581E-9	7.742978E-9	1.000000E+0	
6.480684E+4	1.545000E+2	2.971654E+0	1.425880E+0	5.838880E+1	1.926102E-3	-1.724121E-6	1.953457E-9	4.772259E-7	2.696815E-9	1.000000E+0	
6.484874E+4	1.545000E+2	4.952757E+0	1.425880E+0	5.838880E+1	1.926102E-3	-7.955518E-6	1.971770E-8	2.012967E-6	1.081240E-8	1.000000E+0	
6.489069E+4	1.544900E+2	6.438584E+0	1.425880E+0	5.838880E+1	1.926102E-3	-1.740365E-5	2.231117E-8	4.805223E-6	1.602148E-8	1.000000E+0	
6.493262E+4	1.544900E+2	7.924412E+0	1.425880E+0	5.838880E+1	1.926102E-3	-3.264212E-5	9.813705E-9	9.033748E-6	1.650560E-8	1.000000E+0	
6.499561E+4	1.544900E+2	9.905515E-2	1.200000E+0	5.838880E+1	1.926102E-3	1.401028E-8	1.467762E-8	-1.490777E-8	4.217660E-9	1.000000E+0	
6.504429E+4	1.545000E+2	2.971654E+0	1.200000E+0	5.838880E+1	1.926102E-3	-1.610275E-6	2.297683E-9	8.252587E-7	1.576888E-8	1.000000E+0	
6.509304E+4	1.545000E+2	4.952757E+0	1.200000E+0	5.838880E+1	1.926102E-3	-7.389030E-6	7.209605E-8	1.954296E-6	3.170792E-8	1.000000E+0	
6.514168E+4	1.545000E+2	6.438584E+0	1.200000E+0	5.838880E+1	1.926102E-3	-1.803984E-5	1.121800E-8	4.671841E-6	7.655032E-10	1.000000E+0	
6.519040E+4	1.545000E+2	7.924412E+0	1.200000E+0	5.838880E+1	1.926102E-3	-3.343693E-5	1.493184E-8	8.989028E-6	7.011635E-8	1.000000E+0	
--- > K and esd K (estimated based on user TCR) : -6.114239E+0	-3.382230E-2	

*** Temperature stable /K : 1.594600000E+2
--- > R0 : 5.881458E+1	5.881396E+1	5.881060E+1	5.880991E+1	5.880852E+1	5.881446E+1	5.881465E+1	5.881811E+1	5.881007E+1	5.880843E+1	5.881082E+1	5.881386E+1	
time /sec  	temp /K    	current /mA	freq /Hz   	R0 /Ohms   	esd R0     	V3X /V_rms 	esd V3X    	V3Y /V_rms 	esd V3Y    	Data_Valid?
6.546322E+4	1.594400E+2	9.905500E-2	8.000000E+0	5.881233E+1	3.004065E-3	-2.224465E-9	1.593254E-8	-1.764901E-8	5.331227E-9	1.000000E+0	
6.547556E+4	1.594400E+2	2.971650E+0	8.000000E+0	5.881233E+1	3.004065E-3	-1.155011E-6	2.542872E-8	5.098390E-7	2.246439E-8	1.000000E+0	
6.548781E+4	1.594400E+2	4.952750E+0	8.000000E+0	5.881233E+1	3.004065E-3	-5.403734E-6	1.528279E-8	2.232830E-6	5.997559E-8	1.000000E+0	
6.550010E+4	1.594500E+2	6.438575E+0	8.000000E+0	5.881233E+1	3.004065E-3	-1.192933E-5	8.457158E-9	5.073552E-6	1.626494E-8	1.000000E+0	
6.551234E+4	1.594600E+2	7.924400E+0	8.000000E+0	5.881233E+1	3.004065E-3	-2.219812E-5	1.200052E-8	9.535159E-6	3.826226E-8	1.000000E+0	
6.552944E+4	1.594700E+2	9.905500E-2	6.732700E+0	5.881233E+1	3.004065E-3	1.850775E-8	9.403121E-9	3.646857E-8	2.098494E-8	1.000000E+0	
6.554287E+4	1.594800E+2	2.971650E+0	6.732700E+0	5.881233E+1	3.004065E-3	-1.209358E-6	1.206312E-8	4.717414E-7	9.918669E-9	1.000000E+0	
6.555632E+4	1.594800E+2	4.952750E+0	6.732700E+0	5.881233E+1	3.004065E-3	-5.615940E-6	4.903677E-9	2.289120E-6	7.979492E-9	1.000000E+0	
6.556975E+4	1.594900E+2	6.438575E+0	6.732700E+0	5.881233E+1	3.004065E-3	-1.246987E-5	1.350593E-8	5.097718E-6	8.108350E-9	1.000000E+0	
6.558319E+4	1.594900E+2	7.924400E+0	6.732700E+0	5.881233E+1	3.004065E-3	-2.320039E-5	5.770030E-9	9.453402E-6	1.076442E-8	1.000000E+0	
6.560169E+4	1.595000E+2	9.905500E-2	5.666150E+0	5.881233E+1	3.004065E-3	-3.186689E-8	3.524446E-9	-1.563702E-8	5.735432E-9	1.000000E+0	
6.561661E+4	1.595000E+2	2.971650E+0	5.666150E+0	5.881233E+1	3.004065E-3	-1.265832E-6	8.896531E-9	4.731064E-7	6.004342E-9	1.000000E+0	
6.563152E+4	1.595100E+2	4.952750E+0	5.666150E+0	5.881233E+1	3.004065E-3	-5.881503E-6	5.879157E-9	2.251138E-6	1.862395E-8	1.000000E+0	
6.564641E+4	1.595100E+2	6.438575E+0	5.666150E+0	5.881233E+1	3.004065E-3	-1.300630E-5	9.645409E-9	5.163047E-6	2.898375E-8	1.000000E+0	
6.566132E+4	1.595100E+2	7.924400E+0	5.666150E+0	5.881233E+1	3.004065E-3	-2.424638E-5	1.201526E-8	9.443715E-6	5.443892E-9	1.000000E+0	
6.568146E+4	1.595000E+2	9.905500E-2	4.768560E+0	5.881233E+1	3.004065E-3	1.322240E-8	9.286675E-9	-3.702619E-9	1.170677E-8	1.000000E+0	
6.569806E+4	1.595000E+2	2.971650E+0	4.768560E+0	5.881233E+1	3.004065E-3	-1.313929E-6	1.900302E-9	4.713522E-7	3.702524E-9	1.000000E+0	
6.571467E+4	1.595000E+2	4.952750E+0	4.768560E+0	5.881233E+1	3.004065E-3	-6.145027E-6	9.790066E-9	2.270218E-6	2.424518E-9	1.000000E+0	
6.573128E+4	1.595000E+2	6.438575E+0	4.768560E+0	5.881233E+1	3.004065E-3	-1.351593E-5	4.237717E-9	5.054485E-6	8.482389E-9	1.000000E+0	
6.574791E+4	1.595000E+2	7.924400E+0	4.768560E+0	5.881233E+1	3.004065E-3	-2.512666E-5	7.572003E-9	9.280995E-6	4.401850E-9	1.000000E+0	
6.577273E+4	1.595000E+2	9.905500E-2	4.013160E+0	5.881233E+1	3.004065E-3	-4.362283E-8	1.282030E-8	-5.730316E-9	3.984528E-9	1.000000E+0	
6.579137E+4	1.595000E+2	2.971650E+0	4.013160E+0	5.881233E+1	3.004065E-3	-1.383713E-6	2.214082E-8	4.470851E-7	2.268980E-8	1.000000E+0	
6.581003E+4	1.595000E+2	4.952750E+0	4.013160E+0	5.881233E+1	3.004065E-3	-6.353304E-6	1.447539E-9	2.261157E-6	5.963765E-9	1.000000E+0	
6.582870E+4	1.595000E+2	6.438575E+0	4.013160E+0	5.881233E+1	3.004065E-3	-1.405614E-5	2.308892E-9	5.006339E-6	2.521765E-9	1.000000E+0	
6.584738E+4	1.595000E+2	7.924400E+0	4.013160E+0	5.881233E+1	3.004065E-3	-2.616054E-5	5.917764E-9	9.292862E-6	1.077622E-8	1.000000E+0	
6.587477E+4	1.595000E+2	9.905500E-2	3.377430E+0	5.881233E+1	3.004065E-3	3.037077E-9	5.570138E-9	-1.104335E-8	1.335860E-8	1.000000E+0	
6.589585E+4	1.595000E+2	2.971650E+0	3.377430E+0	5.881233E+1	3.004065E-3	-1.400248E-6	3.616296E-9	4.777998E-7	3.480964E-9	1.000000E+0	
6.591695E+4	1.595000E+2	4.952750E+0	3.377430E+0	5.881233E+1	3.004065E-3	-6.619833E-6	8.706404E-9	2.230868E-6	8.378882E-9	1.000000E+0	
6.593806E+4	1.595000E+2	6.438575E+0	3.377430E+0	5.881233E+1	3.004065E-3	-1.460709E-5	1.289474E-8	4.960455E-6	1.164950E-8	1.000000E+0	
6.595912E+4	1.595000E+2	7.924400E+0	3.377430E+0	5.881233E+1	3.004065E-3	-2.716328E-5	4.098719E-9	9.238894E-6	1.067367E-8	1.000000E+0	
6.599101E+4	1.594900E+2	9.905500E-2	2.842400E+0	5.881233E+1	3.004065E-3	-2.695235E-8	3.114058E-9	2.198508E-8	7.901435E-9	1.000000E+0	
6.601495E+4	1.594900E+2	2.971650E+0	2.842400E+0	5.881233E+1	3.004065E-3	-1.458218E-6	1.718691E-8	4.890564E-7	4.650806E-9	1.000000E+0	
6.603884E+4	1.594900E+2	4.952750E+0	2.842400E+0	5.881233E+1	3.004065E-3	-6.824069E-6	3.169570E-9	2.240078E-6	1.119658E-9	1.000000E+0	
6.606277E+4	1.595000E+2	6.438575E+0	2.842400E+0	5.881233E+1	3.004065E-3	-1.527409E-5	1.295844E-8	5.026364E-6	3.704528E-9	1.000000E+0	
6.608670E+4	1.595000E+2	7.924400E+0	2.842400E+0	5.881233E+1	3.004065E-3	-2.850830E-5	3.296300E-8	9.211310E-6	8.665013E-8	1.000000E+0	
6.612212E+4	1.595000E+2	9.905500E-2	2.392130E+0	5.881233E+1	3.004065E-3	-1.868466E-8	2.240893E-9	-7.388445E-9	4.353992E-9	1.000000E+0	
6.614944E+4	1.595000E+2	2.971650E+0	2.392130E+0	5.881233E+1	3.004065E-3	-1.560624E-6	3.034561E-9	7.416612E-7	4.374573E-8	1.000000E+0	
6.617676E+4	1.595000E+2	4.952750E+0	2.392130E+0	5.881233E+1	3.004065E-3	-7.201910E-6	7.168164E-9	2.299510E-6	1.479076E-9	1.000000E+0	
6.620412E+4	1.595000E+2	6.438575E+0	2.392130E+0	5.881233E+1	3.004065E-3	-1.584245E-5	2.340054E-9	5.048775E-6	1.141660E-8	1.000000E+0	
6.623141E+4	1.595000E+2	7.924400E+0	2.392130E+0	5.881233E+1	3.004065E-3	-2.932371E-5	8.925882E-9	9.256919E-6	1.463653E-8	1.000000E+0	
6.627259E+4	1.595000E+2	9.905500E-2	2.013180E+0	5.881233E+1	3.004065E-3	-8.433229E-9	1.467912E-9	2.504407E-8	6.565456E-9	1.000000E+0	
6.630401E+4	1.595000E+2	2.971650E+0	2.013180E+0	5.881233E+1	3.004065E-3	-1.558834E-6	3.549833E-9	4.899391E-7	1.096585E-9	1.000000E+0	
6.633544E+4	1.595000E+2	4.952750E+0	2.013180E+0	5.881233E+1	3.004065E-3	-7.334002E-6	2.230577E-9	2.188588E-6	2.199989E-9	1.000000E+0	
6.636685E+4	1.595000E+2	6.438575E+0	2.013180E+0	5.881233E+1	3.004065E-3	-1.620640E-5	4.183498E-9	4.917235E-6	4.402741E-9	1.000000E+0	
6.639830E+4	1.595000E+2	7.924400E+0	2.013180E+0	5.881233E+1	3.004065E-3	-2.999951E-5	3.090630E-8	8.977507E-6	2.504860E-8	1.000000E+0	
6.644598E+4	1.595000E+2	9.905500E-2	1.694270E+0	5.881233E+1	3.004065E-3	-2.328590E-8	4.885990E-9	-1.010051E-8	4.734808E-9	1.000000E+0	
6.648223E+4	1.595000E+2	2.971650E+0	1.694270E+0	5.881233E+1	3.004065E-3	-1.847594E-6	6.829844E-8	7.490352E-7	3.350857E-8	1.000000E+0	
6.651849E+4	1.595000E+2	4.952750E+0	1.694270E+0	5.881233E+1	3.004065E-3	-7.672163E-6	6.387353E-8	2.117189E-6	3.247530E-8	1.000000E+0	
6.655476E+4	1.595000E+2	6.438575E+0	1.694270E+0	5.881233E+1	3.004065E-3	-1.672874E-5	1.074416E-9	4.936935E-6	1.830409E-8	1.000000E+0	
6.659100E+4	1.595000E+2	7.924400E+0	1.694270E+0	5.881233E+1	3.004065E-3	-3.146805E-5	6.408232E-9	9.321974E-6	2.493230E-9	1.000000E+0	
6.664659E+4	1.595000E+2	9.905500E-2	1.425880E+0	5.881233E+1	3.004065E-3	3.279542E-8	4.821696E-10	2.302196E-8	1.017115E-8	1.000000E+0	
6.668855E+4	1.595000E+2	2.971650E+0	1.425880E+0	5.881233E+1	3.004065E-3	-1.685421E-6	1.723377E-9	5.032981E-7	3.878334E-9	1.000000E+0	
6.673048E+4	1.595000E+2	4.952750E+0	1.425880E+0	5.881233E+1	3.004065E-3	-7.848922E-6	2.263339E-9	2.195773E-6	8.382896E-9	1.000000E+0	
6.677243E+4	1.595000E+2	6.438575E+0	1.425880E+0	5.881233E+1	3.004065E-3	-1.711981E-5	8.707824E-8	4.949733E-6	2.360379E-8	1.000000E+0	
6.681437E+4	1.595000E+2	7.924400E+0	1.425880E+0	5.881233E+1	3.004065E-3	-3.212008E-5	2.939285E-9	9.104787E-6	4.725274E-9	1.000000E+0	
6.687812E+4	1.595100E+2	9.905500E-2	1.200000E+0	5.881233E+1	3.004065E-3	-8.675799E-9	2.479217E-9	-3.772023E-8	1.903278E-9	1.000000E+0	
6.692683E+4	1.595000E+2	2.971650E+0	1.200000E+0	5.881233E+1	3.004065E-3	-1.631272E-6	3.494949E-10	4.501779E-7	1.302555E-8	1.000000E+0	
6.697558E+4	1.595000E+2	4.952750E+0	1.200000E+0	5.881233E+1	3.004065E-3	-7.920872E-6	4.565941E-9	1.984814E-6	7.256536E-9	1.000000E+0	
6.702431E+4	1.595000E+2	6.438575E+0	1.200000E+0	5.881233E+1	3.004065E-3	-1.733190E-5	4.403722E-8	4.865286E-6	1.548562E-8	1.000000E+0	
6.707305E+4	1.595000E+2	7.924400E+0	1.200000E+0	5.881233E+1	3.004065E-3	-3.302953E-5	1.980364E-9	8.894233E-6	5.211241E-9	1.000000E+0	
--- > K and esd K (estimated based on user TCR) : -6.298716E+0	-4.155668E-2	

*** Temperature stable /K : 1.644700000E+2
--- > R0 : 5.920516E+1	5.920051E+1	5.919875E+1	5.920189E+1	5.920544E+1	5.920358E+1	5.920372E+1	5.920049E+1	5.920155E+1	5.920152E+1	5.920475E+1	5.920477E+1	
time /sec  	temp /K    	current /mA	freq /Hz   	R0 /Ohms   	esd R0     	V3X /V_rms 	esd V3X    	V3Y /V_rms 	esd V3Y    	Data_Valid?
6.734452E+4	1.644500E+2	9.905484E-2	8.000000E+0	5.920267E+1	2.185122E-3	-2.875368E-9	1.277570E-8	1.703664E-8	1.182419E-8	1.000000E+0	
6.735681E+4	1.644500E+2	2.971645E+0	8.000000E+0	5.920267E+1	2.185122E-3	-1.135234E-6	4.656701E-9	4.901156E-7	2.604888E-8	1.000000E+0	
6.736911E+4	1.644500E+2	4.952742E+0	8.000000E+0	5.920267E+1	2.185122E-3	-5.266832E-6	9.502619E-9	2.278919E-6	1.735368E-8	1.000000E+0	
6.738143E+4	1.644600E+2	6.438564E+0	8.000000E+0	5.920267E+1	2.185122E-3	-1.172075E-5	1.545818E-8	5.056679E-6	1.802666E-8	1.000000E+0	
6.739370E+4	1.644600E+2	7.924387E+0	8.000000E+0	5.920267E+1	2.185122E-3	-2.186753E-5	1.194753E-8	9.336217E-6	4.265569E-8	1.000000E+0	
6.741045E+4	1.644700E+2	9.905484E-2	6.732700E+0	5.920267E+1	2.185122E-3	-8.568743E-10	4.397028E-9	7.042505E-8	2.075346E-8	1.000000E+0	
6.742398E+4	1.644800E+2	2.971645E+0	6.732700E+0	5.920267E+1	2.185122E-3	-1.190755E-6	1.518011E-8	4.485180E-7	1.471008E-8	1.000000E+0	
6.743745E+4	1.644900E+2	4.952742E+0	6.732700E+0	5.920267E+1	2.185122E-3	-5.540312E-6	1.235342E-8	2.236812E-6	9.438990E-9	1.000000E+0	
6.745093E+4	1.645000E+2	6.438564E+0	6.732700E+0	5.920267E+1	2.185122E-3	-1.229916E-5	2.473317E-8	5.028491E-6	1.689511E-8	1.000000E+0	
6.746438E+4	1.645000E+2	7.924387E+0	6.732700E+0	5.920267E+1	2.185122E-3	-2.284955E-5	7.552993E-9	9.428136E-6	9.497367E-9	1.000000E+0	
6.748293E+4	1.645100E+2	9.905484E-2	5.666150E+0	5.920267E+1	2.185122E-3	-2.433606E-8	7.931535E-9	1.428487E-8	2.713514E-9	1.000000E+0	
6.749787E+4	1.645100E+2	2.971645E+0	5.666150E+0	5.920267E+1	2.185122E-3	-1.226592E-6	4.555898E-9	5.075736E-7	1.568827E-8	1.000000E+0	
6.751278E+4	1.645100E+2	4.952742E+0	5.666150E+0	5.920267E+1	2.185122E-3	-5.815502E-6	1.311276E-8	2.252303E-6	6.319954E-9	1.000000E+0	
6.752766E+4	1.645100E+2	6.438564E+0	5.666150E+0	5.920267E+1	2.185122E-3	-1.291566E-5	1.355433E-8	5.013648E-6	1.278736E-8	1.000000E+0	
6.754258E+4	1.645100E+2	7.924387E+0	5.666150E+0	5.920267E+1	2.185122E-3	-2.404967E-5	5.153098E-8	9.463868E-6	1.582450E-8	1.000000E+0	
6.756279E+4	1.645100E+2	9.905484E-2	4.768560E+0	5.920267E+1	2.185122E-3	4.788979E-9	5.301518E-9	-4.256782E-8	5.971737E-9	1.000000E+0	
6.757941E+4	1.645100E+2	2.971645E+0	4.768560E+0	5.920267E+1	2.185122E-3	-1.338800E-6	1.082950E-8	4.859592E-7	1.589408E-9	1.000000E+0	
6.759606E+4	1.645000E+2	4.952742E+0	4.768560E+0	5.920267E+1	2.185122E-3	-6.166159E-6	6.518357E-8	2.321646E-6	2.899859E-8	1.000000E+0	
6.761270E+4	1.645000E+2	6.438564E+0	4.768560E+0	5.920267E+1	2.185122E-3	-1.335311E-5	2.190357E-9	4.911754E-6	2.864882E-8	1.000000E+0	
6.762934E+4	1.645000E+2	7.924387E+0	4.768560E+0	5.920267E+1	2.185122E-3	-2.504056E-5	4.567934E-8	9.482360E-6	8.722532E-8	1.000000E+0	
6.765435E+4	1.645000E+2	9.905484E-2	4.013160E+0	5.920267E+1	2.185122E-3	-5.972949E-9	2.409162E-8	-8.317037E-9	1.811241E-9	1.000000E+0	
6.767298E+4	1.645000E+2	2.971645E+0	4.013160E+0	5.920267E+1	2.185122E-3	-1.381933E-6	7.555190E-9	5.230992E-7	5.985910E-9	1.000000E+0	
6.769164E+4	1.645000E+2	4.952742E+0	4.013160E+0	5.920267E+1	2.185122E-3	-6.247690E-6	1.394765E-9	2.274834E-6	1.668774E-8	1.000000E+0	
6.771031E+4	1.645000E+2	6.438564E+0	4.013160E+0	5.920267E+1	2.185122E-3	-1.388735E-5	1.550321E-8	4.949772E-6	5.510162E-9	1.000000E+0	
6.772900E+4	1.645000E+2	7.924387E+0	4.013160E+0	5.920267E+1	2.185122E-3	-2.571345E-5	1.087325E-9	9.239104E-6	8.649270E-10	1.000000E+0	
6.775702E+4	1.645000E+2	9.905484E-2	3.377430E+0	5.920267E+1	2.185122E-3	8.414095E-9	9.467363E-9	-7.157105E-8	8.958570E-9	1.000000E+0	
6.777810E+4	1.645000E+2	2.971645E+0	3.377430E+0	5.920267E+1	2.185122E-3	-1.351804E-6	2.935293E-9	4.784746E-7	8.076494E-9	1.000000E+0	
6.779916E+4	1.645000E+2	4.952742E+0	3.377430E+0	5.920267E+1	2.185122E-3	-6.436928E-6	1.767146E-9	2.296592E-6	2.560662E-8	1.000000E+0	
6.782021E+4	1.645000E+2	6.438564E+0	3.377430E+0	5.920267E+1	2.185122E-3	-1.434055E-5	7.053508E-9	4.949949E-6	4.205742E-9	1.000000E+0	
6.784132E+4	1.645000E+2	7.924387E+0	3.377430E+0	5.920267E+1	2.185122E-3	-2.673849E-5	2.425961E-8	9.235679E-6	5.169430E-9	1.000000E+0	
6.787222E+4	1.645000E+2	9.905484E-2	2.842400E+0	5.920267E+1	2.185122E-3	1.976742E-7	7.130468E-8	2.339091E-8	5.852139E-9	1.000000E+0	
6.789622E+4	1.645000E+2	2.971645E+0	2.842400E+0	5.920267E+1	2.185122E-3	-1.401000E-6	1.226710E-8	4.778329E-7	4.694745E-9	1.000000E+0	
6.792016E+4	1.645000E+2	4.952742E+0	2.842400E+0	5.920267E+1	2.185122E-3	-6.664496E-6	1.193107E-8	2.314752E-6	1.173115E-8	1.000000E+0	
6.794406E+4	1.645100E+2	6.438564E+0	2.842400E+0	5.920267E+1	2.185122E-3	-1.485464E-5	1.399358E-8	4.911480E-6	1.785947E-9	1.000000E+0	
6.796799E+4	1.645000E+2	7.924387E+0	2.842400E+0	5.920267E+1	2.185122E-3	-2.771336E-5	8.284290E-9	9.209258E-6	5.652228E-9	1.000000E+0	
6.800321E+4	1.645000E+2	9.905484E-2	2.392130E+0	5.920267E+1	2.185122E-3	-3.181996E-8	8.114352E-9	-2.086078E-9	1.985425E-8	1.000000E+0	
6.803052E+4	1.645000E+2	2.971645E+0	2.392130E+0	5.920267E+1	2.185122E-3	-1.414238E-6	3.188411E-9	6.848294E-7	1.395112E-8	1.000000E+0	
6.805777E+4	1.645000E+2	4.952742E+0	2.392130E+0	5.920267E+1	2.185122E-3	-6.921239E-6	3.125387E-9	2.271254E-6	5.435002E-9	1.000000E+0	
6.808505E+4	1.645000E+2	6.438564E+0	2.392130E+0	5.920267E+1	2.185122E-3	-1.539048E-5	2.604482E-9	4.914971E-6	1.380949E-9	1.000000E+0	
6.811244E+4	1.644900E+2	7.924387E+0	2.392130E+0	5.920267E+1	2.185122E-3	-2.868064E-5	6.184784E-9	9.138768E-6	5.366003E-9	1.000000E+0	
6.815535E+4	1.644900E+2	9.905484E-2	2.013180E+0	5.920267E+1	2.185122E-3	-4.499496E-8	2.559367E-9	3.386555E-8	1.777548E-8	1.000000E+0	
6.818670E+4	1.645000E+2	2.971645E+0	2.013180E+0	5.920267E+1	2.185122E-3	-1.504726E-6	4.139372E-9	4.734299E-7	7.111641E-9	1.000000E+0	
6.821807E+4	1.645000E+2	4.952742E+0	2.013180E+0	5.920267E+1	2.185122E-3	-7.182306E-6	5.910429E-9	2.189120E-6	7.913741E-9	1.000000E+0	
6.824947E+4	1.645100E+2	6.438564E+0	2.013180E+0	5.920267E+1	2.185122E-3	-1.590742E-5	1.667177E-8	4.905221E-6	5.756482E-9	1.000000E+0	
6.828092E+4	1.645100E+2	7.924387E+0	2.013180E+0	5.920267E+1	2.185122E-3	-2.960477E-5	3.615553E-9	9.096710E-6	2.529758E-10	1.000000E+0	
6.832866E+4	1.645000E+2	9.905484E-2	1.694270E+0	5.920267E+1	2.185122E-3	6.901382E-8	3.429641E-8	1.892307E-8	5.063624E-9	1.000000E+0	
6.836491E+4	1.645000E+2	2.971645E+0	1.694270E+0	5.920267E+1	2.185122E-3	-1.585074E-6	9.380898E-10	4.553739E-7	2.980871E-9	1.000000E+0	
6.840114E+4	1.645000E+2	4.952742E+0	1.694270E+0	5.920267E+1	2.185122E-3	-7.431727E-6	1.435367E-9	2.158913E-6	5.206103E-9	1.000000E+0	
6.843733E+4	1.645000E+2	6.438564E+0	1.694270E+0	5.920267E+1	2.185122E-3	-1.646686E-5	1.835654E-9	4.847825E-6	8.132419E-9	1.000000E+0	
6.847355E+4	1.645000E+2	7.924387E+0	1.694270E+0	5.920267E+1	2.185122E-3	-3.060767E-5	8.181551E-9	9.081888E-6	2.310678E-9	1.000000E+0	
6.852873E+4	1.645000E+2	9.905484E-2	1.425880E+0	5.920267E+1	2.185122E-3	2.293236E-8	3.579280E-9	4.138899E-8	4.241755E-9	1.000000E+0	
6.857060E+4	1.645000E+2	2.971645E+0	1.425880E+0	5.920267E+1	2.185122E-3	-1.813704E-6	2.230087E-8	2.945275E-7	2.147778E-8	1.000000E+0	
6.861254E+4	1.645000E+2	4.952742E+0	1.425880E+0	5.920267E+1	2.185122E-3	-7.704751E-6	5.678200E-9	2.151923E-6	4.929081E-9	1.000000E+0	
6.865444E+4	1.645000E+2	6.438564E+0	1.425880E+0	5.920267E+1	2.185122E-3	-1.698591E-5	5.887951E-10	4.759924E-6	2.841892E-9	1.000000E+0	
6.869636E+4	1.645000E+2	7.924387E+0	1.425880E+0	5.920267E+1	2.185122E-3	-3.160958E-5	1.858848E-9	9.024493E-6	4.220741E-9	1.000000E+0	
6.875921E+4	1.645000E+2	9.905484E-2	1.200000E+0	5.920267E+1	2.185122E-3	-1.456807E-8	2.662419E-9	2.081620E-8	3.719976E-9	1.000000E+0	
6.880791E+4	1.645000E+2	2.971645E+0	1.200000E+0	5.920267E+1	2.185122E-3	-1.670290E-6	1.731904E-10	3.798205E-7	3.486559E-9	1.000000E+0	
6.885666E+4	1.645000E+2	4.952742E+0	1.200000E+0	5.920267E+1	2.185122E-3	-7.808920E-6	1.757696E-9	2.073312E-6	6.290992E-9	1.000000E+0	
6.890540E+4	1.645100E+2	6.438564E+0	1.200000E+0	5.920267E+1	2.185122E-3	-1.742367E-5	1.052249E-8	4.684071E-6	5.424134E-9	1.000000E+0	
6.895412E+4	1.645000E+2	7.924387E+0	1.200000E+0	5.920267E+1	2.185122E-3	-3.244139E-5	6.822788E-9	8.921471E-6	1.548198E-8	1.000000E+0	
--- > K and esd K (estimated based on user TCR) : -6.504483E+0	-3.354807E-2	

*** Temperature stable /K : 1.694600000E+2
--- > R0 : 5.956662E+1	5.956955E+1	5.957323E+1	5.957135E+1	5.956800E+1	5.956693E+1	5.956692E+1	5.957074E+1	5.957233E+1	5.957318E+1	5.956794E+1	5.956670E+1	
time /sec  	temp /K    	current /mA	freq /Hz   	R0 /Ohms   	esd R0     	V3X /V_rms 	esd V3X    	V3Y /V_rms 	esd V3Y    	Data_Valid?
6.922631E+4	1.694400E+2	9.905467E-2	8.000000E+0	5.956946E+1	2.600870E-3	-9.249863E-9	8.567815E-9	1.298364E-8	1.144834E-8	1.000000E+0	
6.923867E+4	1.694400E+2	2.971640E+0	8.000000E+0	5.956946E+1	2.600870E-3	-1.114070E-6	3.631478E-9	4.602832E-7	9.840436E-9	1.000000E+0	
6.925093E+4	1.694400E+2	4.952734E+0	8.000000E+0	5.956946E+1	2.600870E-3	-5.157295E-6	1.356617E-8	2.219788E-6	8.505044E-9	1.000000E+0	
6.926323E+4	1.694500E+2	6.438554E+0	8.000000E+0	5.956946E+1	2.600870E-3	-1.141693E-5	2.648165E-8	4.959151E-6	7.576938E-9	1.000000E+0	
6.927552E+4	1.694600E+2	7.924374E+0	8.000000E+0	5.956946E+1	2.600870E-3	-2.127632E-5	2.265362E-8	9.170694E-6	3.023295E-8	1.000000E+0	
6.929249E+4	1.694700E+2	9.905467E-2	6.732700E+0	5.956946E+1	2.600870E-3	1.011948E-8	4.463898E-9	-1.887475E-8	1.113285E-8	1.000000E+0	
6.930598E+4	1.694800E+2	2.971640E+0	6.732700E+0	5.956946E+1	2.600870E-3	-1.173216E-6	5.845177E-9	5.102407E-7	1.332975E-8	1.000000E+0	
6.931947E+4	1.694800E+2	4.952734E+0	6.732700E+0	5.956946E+1	2.600870E-3	-5.397492E-6	2.121629E-8	2.269044E-6	1.414806E-8	1.000000E+0	
6.933294E+4	1.694900E+2	6.438554E+0	6.732700E+0	5.956946E+1	2.600870E-3	-1.190383E-5	3.282236E-8	4.867097E-6	1.213229E-8	1.000000E+0	
6.934641E+4	1.695000E+2	7.924374E+0	6.732700E+0	5.956946E+1	2.600870E-3	-2.235089E-5	1.919261E-8	9.234564E-6	6.138357E-9	1.000000E+0	
6.936489E+4	1.695000E+2	9.905467E-2	5.666150E+0	5.956946E+1	2.600870E-3	-1.220966E-8	1.002181E-8	1.193846E-8	1.001010E-8	1.000000E+0	
6.937980E+4	1.695100E+2	2.971640E+0	5.666150E+0	5.956946E+1	2.600870E-3	-1.212670E-6	5.444133E-8	4.012467E-7	2.559465E-8	1.000000E+0	
6.939470E+4	1.695100E+2	4.952734E+0	5.666150E+0	5.956946E+1	2.600870E-3	-5.673861E-6	2.680017E-8	2.174585E-6	3.369732E-8	1.000000E+0	
6.940966E+4	1.695100E+2	6.438554E+0	5.666150E+0	5.956946E+1	2.600870E-3	-1.257182E-5	1.324672E-8	4.977979E-6	5.815708E-9	1.000000E+0	
6.942460E+4	1.695100E+2	7.924374E+0	5.666150E+0	5.956946E+1	2.600870E-3	-2.340146E-5	9.418772E-9	9.281375E-6	6.198248E-9	1.000000E+0	
6.944495E+4	1.695000E+2	9.905467E-2	4.768560E+0	5.956946E+1	2.600870E-3	4.401639E-8	2.076158E-9	-3.385114E-8	6.520356E-9	1.000000E+0	
6.946162E+4	1.695000E+2	2.971640E+0	4.768560E+0	5.956946E+1	2.600870E-3	-1.271475E-6	5.575091E-9	4.639150E-7	8.767779E-9	1.000000E+0	
6.947826E+4	1.695000E+2	4.952734E+0	4.768560E+0	5.956946E+1	2.600870E-3	-5.921650E-6	7.182431E-9	2.265949E-6	3.247191E-9	1.000000E+0	
6.949488E+4	1.695000E+2	6.438554E+0	4.768560E+0	5.956946E+1	2.600870E-3	-1.300723E-5	1.640308E-8	5.013878E-6	3.009329E-8	1.000000E+0	
6.951156E+4	1.695000E+2	7.924374E+0	4.768560E+0	5.956946E+1	2.600870E-3	-2.428723E-5	1.645216E-8	9.186347E-6	3.630299E-8	1.000000E+0	
6.953598E+4	1.695000E+2	9.905467E-2	4.013160E+0	5.956946E+1	2.600870E-3	-4.823636E-9	1.272808E-8	-1.021413E-8	1.427602E-8	1.000000E+0	
6.955465E+4	1.695000E+2	2.971640E+0	4.013160E+0	5.956946E+1	2.600870E-3	-1.291308E-6	1.355400E-8	4.755268E-7	6.971973E-9	1.000000E+0	
6.957329E+4	1.695000E+2	4.952734E+0	4.013160E+0	5.956946E+1	2.600870E-3	-6.150931E-6	7.341426E-9	2.166887E-6	1.355326E-8	1.000000E+0	
6.959195E+4	1.695000E+2	6.438554E+0	4.013160E+0	5.956946E+1	2.600870E-3	-1.364218E-5	6.859944E-9	4.969765E-6	3.237405E-9	1.000000E+0	
6.961059E+4	1.695000E+2	7.924374E+0	4.013160E+0	5.956946E+1	2.600870E-3	-2.543772E-5	1.655398E-8	9.209587E-6	8.989923E-9	1.000000E+0	
6.963798E+4	1.695000E+2	9.905467E-2	3.377430E+0	5.956946E+1	2.600870E-3	-3.719231E-11	9.393943E-9	1.444334E-8	4.757235E-9	1.000000E+0	
6.965909E+4	1.695000E+2	2.971640E+0	3.377430E+0	5.956946E+1	2.600870E-3	-1.381817E-6	6.538065E-9	5.629236E-7	8.373999E-9	1.000000E+0	
6.968013E+4	1.695000E+2	4.952734E+0	3.377430E+0	5.956946E+1	2.600870E-3	-6.432308E-6	2.608168E-8	2.222111E-6	2.507699E-8	1.000000E+0	
6.970127E+4	1.695000E+2	6.438554E+0	3.377430E+0	5.956946E+1	2.600870E-3	-1.410808E-5	1.093407E-8	4.919327E-6	2.937472E-9	1.000000E+0	
6.972237E+4	1.695000E+2	7.924374E+0	3.377430E+0	5.956946E+1	2.600870E-3	-2.625847E-5	4.089685E-9	9.127573E-6	1.678652E-8	1.000000E+0	
6.975331E+4	1.695000E+2	9.905467E-2	2.842400E+0	5.956946E+1	2.600870E-3	2.888808E-10	3.406682E-9	-7.085389E-10	8.952343E-10	1.000000E+0	
6.977730E+4	1.695000E+2	2.971640E+0	2.842400E+0	5.956946E+1	2.600870E-3	-1.408218E-6	1.743168E-9	4.430696E-7	5.829135E-9	1.000000E+0	
6.980129E+4	1.695000E+2	4.952734E+0	2.842400E+0	5.956946E+1	2.600870E-3	-6.465612E-6	1.226316E-8	2.134346E-6	4.140152E-8	1.000000E+0	
6.982524E+4	1.695000E+2	6.438554E+0	2.842400E+0	5.956946E+1	2.600870E-3	-1.473398E-5	1.102004E-8	4.915818E-6	1.020916E-8	1.000000E+0	
6.984917E+4	1.695000E+2	7.924374E+0	2.842400E+0	5.956946E+1	2.600870E-3	-2.744737E-5	3.615832E-9	9.158647E-6	1.239308E-8	1.000000E+0	
6.988492E+4	1.695000E+2	9.905467E-2	2.392130E+0	5.956946E+1	2.600870E-3	-1.065033E-7	4.087308E-9	-3.353560E-7	4.963202E-8	1.000000E+0	
6.991227E+4	1.695000E+2	2.971640E+0	2.392130E+0	5.956946E+1	2.600870E-3	-1.440900E-6	1.130645E-8	4.836114E-7	3.381274E-9	1.000000E+0	
6.993961E+4	1.695000E+2	4.952734E+0	2.392130E+0	5.956946E+1	2.600870E-3	-6.858662E-6	5.896117E-9	2.215803E-6	2.395790E-9	1.000000E+0	
6.996700E+4	1.695000E+2	6.438554E+0	2.392130E+0	5.956946E+1	2.600870E-3	-1.521758E-5	5.733146E-9	4.899738E-6	3.845091E-9	1.000000E+0	
6.999432E+4	1.695000E+2	7.924374E+0	2.392130E+0	5.956946E+1	2.600870E-3	-2.823312E-5	4.941643E-8	9.193913E-6	3.047185E-8	1.000000E+0	
7.003532E+4	1.695000E+2	9.905467E-2	2.013180E+0	5.956946E+1	2.600870E-3	9.023229E-9	3.401959E-9	-1.928739E-8	7.781936E-10	1.000000E+0	
7.006673E+4	1.695000E+2	2.971640E+0	2.013180E+0	5.956946E+1	2.600870E-3	-1.547196E-6	5.368561E-9	5.007515E-7	1.886848E-9	1.000000E+0	
7.009814E+4	1.695000E+2	4.952734E+0	2.013180E+0	5.956946E+1	2.600870E-3	-7.107223E-6	5.815202E-9	2.208006E-6	2.627588E-9	1.000000E+0	
7.012954E+4	1.695000E+2	6.438554E+0	2.013180E+0	5.956946E+1	2.600870E-3	-1.570747E-5	6.226209E-9	4.899484E-6	2.851131E-10	1.000000E+0	
7.016100E+4	1.695000E+2	7.924374E+0	2.013180E+0	5.956946E+1	2.600870E-3	-2.925387E-5	6.244156E-9	9.088943E-6	1.758630E-9	1.000000E+0	
7.020894E+4	1.695100E+2	9.905467E-2	1.694270E+0	5.956946E+1	2.600870E-3	-2.155137E-8	5.652605E-9	9.827551E-8	5.093122E-9	1.000000E+0	
7.024520E+4	1.695100E+2	2.971640E+0	1.694270E+0	5.956946E+1	2.600870E-3	-1.583511E-6	4.138445E-10	4.393834E-7	6.649550E-10	1.000000E+0	
7.028143E+4	1.695000E+2	4.952734E+0	1.694270E+0	5.956946E+1	2.600870E-3	-7.377174E-6	4.853707E-9	2.281989E-6	4.905194E-9	1.000000E+0	
7.031766E+4	1.695000E+2	6.438554E+0	1.694270E+0	5.956946E+1	2.600870E-3	-1.623742E-5	3.239966E-9	4.725427E-6	2.379964E-8	1.000000E+0	
7.035385E+4	1.695000E+2	7.924374E+0	1.694270E+0	5.956946E+1	2.600870E-3	-3.020538E-5	4.254499E-9	9.049607E-6	1.218858E-8	1.000000E+0	
7.040930E+4	1.695000E+2	9.905467E-2	1.425880E+0	5.956946E+1	2.600870E-3	-7.665686E-9	7.503653E-10	1.595964E-8	6.119965E-9	1.000000E+0	
7.045130E+4	1.695000E+2	2.971640E+0	1.425880E+0	5.956946E+1	2.600870E-3	-1.638877E-6	2.479851E-9	4.285244E-7	3.576851E-9	1.000000E+0	
7.049319E+4	1.695000E+2	4.952734E+0	1.425880E+0	5.956946E+1	2.600870E-3	-7.591941E-6	4.267694E-9	2.134698E-6	2.889093E-9	1.000000E+0	
7.053515E+4	1.695000E+2	6.438554E+0	1.425880E+0	5.956946E+1	2.600870E-3	-1.671609E-5	5.172309E-9	4.884700E-6	2.295082E-8	1.000000E+0	
7.057708E+4	1.695000E+2	7.924374E+0	1.425880E+0	5.956946E+1	2.600870E-3	-3.123754E-5	2.487032E-10	8.999287E-6	6.137923E-9	1.000000E+0	
7.064023E+4	1.695000E+2	9.905467E-2	1.200000E+0	5.956946E+1	2.600870E-3	-3.941680E-8	1.276460E-9	-3.114971E-8	1.258600E-9	1.000000E+0	
7.068900E+4	1.695000E+2	2.971640E+0	1.200000E+0	5.956946E+1	2.600870E-3	-1.610859E-6	6.329263E-9	3.132075E-7	2.973300E-9	1.000000E+0	
7.073776E+4	1.695000E+2	4.952734E+0	1.200000E+0	5.956946E+1	2.600870E-3	-7.758189E-6	1.768774E-9	2.032485E-6	2.927182E-9	1.000000E+0	
7.078648E+4	1.695000E+2	6.438554E+0	1.200000E+0	5.956946E+1	2.600870E-3	-1.722016E-5	8.560345E-9	4.664756E-6	9.892963E-9	1.000000E+0	
7.083523E+4	1.695000E+2	7.924374E+0	1.200000E+0	5.956946E+1	2.600870E-3	-3.206609E-5	6.819662E-9	8.791130E-6	1.020109E-9	1.000000E+0	
--- > K and esd K (estimated based on user TCR) : -6.563487E+0	-3.627607E-2	

*** Temperature stable /K : 1.744600000E+2
--- > R0 : 5.994993E+1	5.994892E+1	5.994648E+1	5.994538E+1	5.994637E+1	5.994808E+1	5.995169E+1	5.994969E+1	5.994735E+1	5.994426E+1	5.994722E+1	5.994846E+1	
time /sec  	temp /K    	current /mA	freq /Hz   	R0 /Ohms   	esd R0     	V3X /V_rms 	esd V3X    	V3Y /V_rms 	esd V3Y    	Data_Valid?
7.111009E+4	1.744400E+2	9.905455E-2	8.000000E+0	5.994782E+1	2.083639E-3	-1.728422E-9	2.343115E-8	1.248442E-8	2.343953E-9	1.000000E+0	
7.112238E+4	1.744400E+2	2.971637E+0	8.000000E+0	5.994782E+1	2.083639E-3	-1.100521E-6	3.098147E-8	4.250120E-7	1.529739E-8	1.000000E+0	
7.113471E+4	1.744400E+2	4.952728E+0	8.000000E+0	5.994782E+1	2.083639E-3	-5.083213E-6	1.234613E-8	2.211767E-6	9.918415E-9	1.000000E+0	
7.114703E+4	1.744500E+2	6.438546E+0	8.000000E+0	5.994782E+1	2.083639E-3	-1.124550E-5	6.098378E-9	4.949509E-6	1.565896E-8	1.000000E+0	
7.115932E+4	1.744500E+2	7.924365E+0	8.000000E+0	5.994782E+1	2.083639E-3	-2.095310E-5	1.918161E-8	9.158823E-6	2.082708E-8	1.000000E+0	
7.117619E+4	1.744600E+2	9.905455E-2	6.732700E+0	5.994782E+1	2.083639E-3	-4.918455E-10	1.453370E-8	-2.627599E-8	5.464120E-9	1.000000E+0	
7.118963E+4	1.744700E+2	2.971637E+0	6.732700E+0	5.994782E+1	2.083639E-3	-1.128341E-6	6.814241E-9	4.675661E-7	6.555992E-9	1.000000E+0	
7.120312E+4	1.744800E+2	4.952728E+0	6.732700E+0	5.994782E+1	2.083639E-3	-5.276961E-6	1.270023E-8	2.248673E-6	6.707774E-9	1.000000E+0	
7.121658E+4	1.744900E+2	6.438546E+0	6.732700E+0	5.994782E+1	2.083639E-3	-1.180062E-5	8.385086E-9	4.890834E-6	1.721284E-8	1.000000E+0	
7.123003E+4	1.744900E+2	7.924365E+0	6.732700E+0	5.994782E+1	2.083639E-3	-2.194236E-5	1.186748E-8	9.161397E-6	1.244247E-8	1.000000E+0	
7.124834E+4	1.745000E+2	9.905455E-2	5.666150E+0	5.994782E+1	2.083639E-3	2.245929E-9	1.185432E-8	1.768665E-8	6.820047E-9	1.000000E+0	
7.126330E+4	1.745000E+2	2.971637E+0	5.666150E+0	5.994782E+1	2.083639E-3	-1.190846E-6	1.354727E-8	4.740698E-7	3.509276E-9	1.000000E+0	
7.127826E+4	1.745000E+2	4.952728E+0	5.666150E+0	5.994782E+1	2.083639E-3	-5.568747E-6	1.548872E-8	2.189263E-6	5.392060E-9	1.000000E+0	
7.129318E+4	1.745100E+2	6.438546E+0	5.666150E+0	5.994782E+1	2.083639E-3	-1.236474E-5	2.360729E-8	4.941587E-6	7.450845E-9	1.000000E+0	
7.130812E+4	1.745100E+2	7.924365E+0	5.666150E+0	5.994782E+1	2.083639E-3	-2.300978E-5	5.637391E-9	9.176820E-6	7.247337E-9	1.000000E+0	
7.132847E+4	1.745100E+2	9.905455E-2	4.768560E+0	5.994782E+1	2.083639E-3	-1.055051E-8	7.262677E-9	1.691108E-9	1.650642E-8	1.000000E+0	
7.134510E+4	1.745100E+2	2.971637E+0	4.768560E+0	5.994782E+1	2.083639E-3	-1.302766E-6	3.386064E-8	4.477417E-7	5.230264E-8	1.000000E+0	
7.136177E+4	1.745100E+2	4.952728E+0	4.768560E+0	5.994782E+1	2.083639E-3	-5.809047E-6	1.353062E-8	2.221324E-6	7.971289E-9	1.000000E+0	
7.137844E+4	1.745100E+2	6.438546E+0	4.768560E+0	5.994782E+1	2.083639E-3	-1.286187E-5	6.699772E-9	4.903907E-6	5.381051E-9	1.000000E+0	
7.139509E+4	1.745100E+2	7.924365E+0	4.768560E+0	5.994782E+1	2.083639E-3	-2.400745E-5	3.073105E-9	9.156658E-6	2.137066E-9	1.000000E+0	
7.141988E+4	1.745000E+2	9.905455E-2	4.013160E+0	5.994782E+1	2.083639E-3	-4.670345E-9	4.727980E-9	1.856146E-8	2.961282E-9	1.000000E+0	
7.143855E+4	1.745000E+2	2.971637E+0	4.013160E+0	5.994782E+1	2.083639E-3	-1.145260E-6	5.893422E-8	6.239650E-7	1.118905E-8	1.000000E+0	
7.145720E+4	1.745000E+2	4.952728E+0	4.013160E+0	5.994782E+1	2.083639E-3	-6.113843E-6	2.003011E-8	2.269905E-6	7.093378E-9	1.000000E+0	
7.147585E+4	1.745000E+2	6.438546E+0	4.013160E+0	5.994782E+1	2.083639E-3	-1.341541E-5	1.240091E-8	4.886891E-6	4.412838E-9	1.000000E+0	
7.149449E+4	1.745000E+2	7.924365E+0	4.013160E+0	5.994782E+1	2.083639E-3	-2.507325E-5	1.420451E-8	9.169791E-6	8.956128E-9	1.000000E+0	
7.152170E+4	1.745000E+2	9.905455E-2	3.377430E+0	5.994782E+1	2.083639E-3	-2.574081E-9	1.799865E-9	-1.107816E-8	9.763987E-9	1.000000E+0	
7.154278E+4	1.745000E+2	2.971637E+0	3.377430E+0	5.994782E+1	2.083639E-3	-1.365685E-6	3.673970E-9	4.570961E-7	1.113048E-8	1.000000E+0	
7.156388E+4	1.745000E+2	4.952728E+0	3.377430E+0	5.994782E+1	2.083639E-3	-6.239059E-6	3.583566E-9	2.192598E-6	7.961749E-9	1.000000E+0	
7.158495E+4	1.745000E+2	6.438546E+0	3.377430E+0	5.994782E+1	2.083639E-3	-1.386690E-5	1.781379E-8	4.916868E-6	3.426427E-9	1.000000E+0	
7.160596E+4	1.745000E+2	7.924365E+0	3.377430E+0	5.994782E+1	2.083639E-3	-2.596249E-5	4.374457E-9	9.084860E-6	4.878749E-9	1.000000E+0	
7.163830E+4	1.745000E+2	9.905455E-2	2.842400E+0	5.994782E+1	2.083639E-3	1.466099E-8	2.564495E-9	-1.745731E-8	2.763566E-9	1.000000E+0	
7.166230E+4	1.745000E+2	2.971637E+0	2.842400E+0	5.994782E+1	2.083639E-3	-1.393556E-6	1.084414E-8	4.465198E-7	6.166531E-9	1.000000E+0	
7.168625E+4	1.745000E+2	4.952728E+0	2.842400E+0	5.994782E+1	2.083639E-3	-6.523690E-6	3.299675E-9	2.193180E-6	4.430940E-9	1.000000E+0	
7.171020E+4	1.745000E+2	6.438546E+0	2.842400E+0	5.994782E+1	2.083639E-3	-1.443042E-5	3.033181E-9	4.879565E-6	9.793225E-10	1.000000E+0	
7.173423E+4	1.745000E+2	7.924365E+0	2.842400E+0	5.994782E+1	2.083639E-3	-2.705817E-5	1.869531E-8	9.042349E-6	2.963400E-8	1.000000E+0	
7.176970E+4	1.745000E+2	9.905455E-2	2.392130E+0	5.994782E+1	2.083639E-3	2.467755E-8	6.062533E-9	2.696334E-8	9.577900E-9	1.000000E+0	
7.179703E+4	1.745000E+2	2.971637E+0	2.392130E+0	5.994782E+1	2.083639E-3	-1.478182E-6	8.025788E-9	4.592746E-7	2.977470E-9	1.000000E+0	
7.182435E+4	1.745000E+2	4.952728E+0	2.392130E+0	5.994782E+1	2.083639E-3	-6.666301E-6	3.161972E-9	2.174539E-6	4.702084E-9	1.000000E+0	
7.185165E+4	1.745000E+2	6.438546E+0	2.392130E+0	5.994782E+1	2.083639E-3	-1.489506E-5	1.736770E-8	4.684519E-6	3.297721E-8	1.000000E+0	
7.187898E+4	1.745000E+2	7.924365E+0	2.392130E+0	5.994782E+1	2.083639E-3	-2.759965E-5	3.868541E-8	8.842226E-6	5.257664E-8	1.000000E+0	
7.192028E+4	1.745000E+2	9.905455E-2	2.013180E+0	5.994782E+1	2.083639E-3	-3.779039E-8	8.913779E-10	9.504493E-10	3.421663E-9	1.000000E+0	
7.195170E+4	1.745000E+2	2.971637E+0	2.013180E+0	5.994782E+1	2.083639E-3	-1.452508E-6	3.054242E-9	4.924335E-7	5.784464E-9	1.000000E+0	
7.198315E+4	1.745000E+2	4.952728E+0	2.013180E+0	5.994782E+1	2.083639E-3	-6.949688E-6	9.801369E-9	2.200477E-6	2.382643E-9	1.000000E+0	
7.201460E+4	1.745000E+2	6.438546E+0	2.013180E+0	5.994782E+1	2.083639E-3	-1.553103E-5	1.800080E-8	4.855733E-6	1.700717E-8	1.000000E+0	
7.204605E+4	1.744900E+2	7.924365E+0	2.013180E+0	5.994782E+1	2.083639E-3	-2.870554E-5	9.778148E-9	9.031652E-6	6.447332E-9	1.000000E+0	
7.209366E+4	1.744900E+2	9.905455E-2	1.694270E+0	5.994782E+1	2.083639E-3	8.840308E-9	7.456001E-10	2.106280E-8	2.317208E-9	1.000000E+0	
7.212981E+4	1.744900E+2	2.971637E+0	1.694270E+0	5.994782E+1	2.083639E-3	-1.548258E-6	2.316106E-9	5.238628E-7	1.142099E-8	1.000000E+0	
7.216602E+4	1.745000E+2	4.952728E+0	1.694270E+0	5.994782E+1	2.083639E-3	-7.293661E-6	1.429975E-8	2.167171E-6	3.794255E-9	1.000000E+0	
7.220223E+4	1.745000E+2	6.438546E+0	1.694270E+0	5.994782E+1	2.083639E-3	-1.600321E-5	2.636118E-8	4.788518E-6	1.114562E-8	1.000000E+0	
7.223846E+4	1.745000E+2	7.924365E+0	1.694270E+0	5.994782E+1	2.083639E-3	-3.005782E-5	1.040323E-8	8.946230E-6	2.258793E-9	1.000000E+0	
7.229406E+4	1.745000E+2	9.905455E-2	1.425880E+0	5.994782E+1	2.083639E-3	5.799678E-8	1.314622E-9	-1.651955E-8	1.624594E-9	1.000000E+0	
7.233596E+4	1.745100E+2	2.971637E+0	1.425880E+0	5.994782E+1	2.083639E-3	-1.572341E-6	5.424915E-9	4.613073E-7	1.971799E-9	1.000000E+0	
7.237786E+4	1.745100E+2	4.952728E+0	1.425880E+0	5.994782E+1	2.083639E-3	-6.590099E-6	1.686654E-8	2.205765E-6	2.502312E-8	1.000000E+0	
7.241978E+4	1.745000E+2	6.438546E+0	1.425880E+0	5.994782E+1	2.083639E-3	-1.637441E-5	2.657878E-8	4.590977E-6	2.423567E-8	1.000000E+0	
7.246163E+4	1.745000E+2	7.924365E+0	1.425880E+0	5.994782E+1	2.083639E-3	-3.083386E-5	3.264659E-8	9.061262E-6	2.406346E-8	1.000000E+0	
7.252405E+4	1.745000E+2	9.905455E-2	1.200000E+0	5.994782E+1	2.083639E-3	-1.553080E-7	1.347972E-8	2.047229E-7	2.396616E-8	1.000000E+0	
7.257282E+4	1.745000E+2	2.971637E+0	1.200000E+0	5.994782E+1	2.083639E-3	-1.595157E-6	6.850394E-9	4.239032E-7	1.275520E-8	1.000000E+0	
7.262159E+4	1.745000E+2	4.952728E+0	1.200000E+0	5.994782E+1	2.083639E-3	-7.538024E-6	5.905203E-9	1.959499E-6	4.701672E-9	1.000000E+0	
7.267040E+4	1.745000E+2	6.438546E+0	1.200000E+0	5.994782E+1	2.083639E-3	-1.684377E-5	1.449796E-9	4.584517E-6	2.146997E-9	1.000000E+0	
7.271912E+4	1.745000E+2	7.924365E+0	1.200000E+0	5.994782E+1	2.083639E-3	-3.160196E-5	3.499142E-9	8.705092E-6	5.877244E-10	1.000000E+0	
--- > K and esd K (estimated based on user TCR) : -6.804700E+0	-4.871761E-2	

*** Temperature stable /K : 1.794600000E+2
--- > R0 : 6.031072E+1	6.031025E+1	6.030595E+1	6.030502E+1	6.030841E+1	6.030903E+1	6.031215E+1	6.030996E+1	6.030568E+1	6.030645E+1	6.030582E+1	6.031073E+1	
time /sec  	temp /K    	current /mA	freq /Hz   	R0 /Ohms   	esd R0     	V3X /V_rms 	esd V3X    	V3Y /V_rms 	esd V3Y    	Data_Valid?
7.299338E+4	1.794400E+2	9.905443E-2	8.000000E+0	6.030835E+1	2.456860E-3	-2.202939E-8	1.758510E-8	1.374698E-8	1.902322E-8	1.000000E+0	
7.300564E+4	1.794400E+2	2.971633E+0	8.000000E+0	6.030835E+1	2.456860E-3	-1.066091E-6	5.063195E-9	5.090814E-7	1.386663E-8	1.000000E+0	
7.301793E+4	1.794400E+2	4.952722E+0	8.000000E+0	6.030835E+1	2.456860E-3	-5.001610E-6	1.031190E-8	2.206389E-6	4.457179E-9	1.000000E+0	
7.303023E+4	1.794400E+2	6.438539E+0	8.000000E+0	6.030835E+1	2.456860E-3	-1.107536E-5	9.944396E-9	4.846646E-6	2.192519E-8	1.000000E+0	
7.304253E+4	1.794500E+2	7.924355E+0	8.000000E+0	6.030835E+1	2.456860E-3	-2.065617E-5	2.497857E-8	9.116397E-6	2.615919E-8	1.000000E+0	
7.305957E+4	1.794600E+2	9.905443E-2	6.732700E+0	6.030835E+1	2.456860E-3	7.697103E-9	5.444421E-9	-2.753939E-9	6.620043E-9	1.000000E+0	
7.307305E+4	1.794700E+2	2.971633E+0	6.732700E+0	6.030835E+1	2.456860E-3	-1.144834E-6	4.629273E-9	4.817094E-7	1.832248E-8	1.000000E+0	
7.308658E+4	1.794800E+2	4.952722E+0	6.732700E+0	6.030835E+1	2.456860E-3	-5.235234E-6	1.432822E-8	2.223613E-6	1.710316E-8	1.000000E+0	
7.310004E+4	1.794900E+2	6.438539E+0	6.732700E+0	6.030835E+1	2.456860E-3	-1.168359E-5	1.876850E-8	4.905427E-6	7.000021E-9	1.000000E+0	
7.311355E+4	1.794900E+2	7.924355E+0	6.732700E+0	6.030835E+1	2.456860E-3	-2.171212E-5	6.006671E-9	9.192338E-6	1.942434E-8	1.000000E+0	
7.313394E+4	1.795000E+2	9.905443E-2	5.666150E+0	6.030835E+1	2.456860E-3	5.028168E-8	2.073059E-8	-6.881380E-8	3.774392E-8	1.000000E+0	
7.314886E+4	1.795000E+2	2.971633E+0	5.666150E+0	6.030835E+1	2.456860E-3	-1.180515E-6	5.230375E-9	4.893198E-7	1.470107E-8	1.000000E+0	
7.316377E+4	1.795000E+2	4.952722E+0	5.666150E+0	6.030835E+1	2.456860E-3	-5.531814E-6	2.387977E-8	2.178381E-6	4.780127E-9	1.000000E+0	
7.317871E+4	1.795000E+2	6.438539E+0	5.666150E+0	6.030835E+1	2.456860E-3	-1.219006E-5	6.114437E-9	4.927897E-6	2.406417E-9	1.000000E+0	
7.319363E+4	1.795000E+2	7.924355E+0	5.666150E+0	6.030835E+1	2.456860E-3	-2.281156E-5	8.699097E-9	9.231654E-6	2.237442E-8	1.000000E+0	
7.321395E+4	1.795000E+2	9.905443E-2	4.768560E+0	6.030835E+1	2.456860E-3	7.177828E-9	7.458045E-9	7.394989E-9	3.126671E-9	1.000000E+0	
7.323055E+4	1.795000E+2	2.971633E+0	4.768560E+0	6.030835E+1	2.456860E-3	-1.249063E-6	1.548004E-8	4.664829E-7	7.816282E-9	1.000000E+0	
7.324717E+4	1.795000E+2	4.952722E+0	4.768560E+0	6.030835E+1	2.456860E-3	-5.607068E-6	3.680619E-8	2.081896E-6	4.946401E-8	1.000000E+0	
7.326384E+4	1.795000E+2	6.438539E+0	4.768560E+0	6.030835E+1	2.456860E-3	-1.245685E-5	1.692557E-8	4.773284E-6	6.515391E-8	1.000000E+0	
7.328049E+4	1.795000E+2	7.924355E+0	4.768560E+0	6.030835E+1	2.456860E-3	-2.362995E-5	7.679926E-9	9.144213E-6	8.848041E-9	1.000000E+0	
7.330509E+4	1.795000E+2	9.905443E-2	4.013160E+0	6.030835E+1	2.456860E-3	-3.230653E-9	1.463730E-8	7.299401E-9	1.575271E-8	1.000000E+0	
7.332366E+4	1.795000E+2	2.971633E+0	4.013160E+0	6.030835E+1	2.456860E-3	-1.216363E-6	1.948425E-8	4.479784E-7	1.479928E-8	1.000000E+0	
7.334230E+4	1.795000E+2	4.952722E+0	4.013160E+0	6.030835E+1	2.456860E-3	-5.867703E-6	6.854464E-9	2.231364E-6	3.299946E-9	1.000000E+0	
7.336100E+4	1.795000E+2	6.438539E+0	4.013160E+0	6.030835E+1	2.456860E-3	-1.336372E-5	7.905270E-9	4.863903E-6	3.452755E-9	1.000000E+0	
7.337966E+4	1.795000E+2	7.924355E+0	4.013160E+0	6.030835E+1	2.456860E-3	-2.439444E-5	1.573734E-8	9.044665E-6	1.253432E-8	1.000000E+0	
7.340727E+4	1.795000E+2	9.905443E-2	3.377430E+0	6.030835E+1	2.456860E-3	-7.042384E-9	9.819989E-10	-1.542024E-8	3.370225E-9	1.000000E+0	
7.342836E+4	1.795000E+2	2.971633E+0	3.377430E+0	6.030835E+1	2.456860E-3	-1.303331E-6	4.304259E-9	4.650138E-7	5.322763E-9	1.000000E+0	
7.344940E+4	1.795000E+2	4.952722E+0	3.377430E+0	6.030835E+1	2.456860E-3	-6.164830E-6	3.942696E-9	2.206388E-6	2.869324E-9	1.000000E+0	
7.347048E+4	1.795000E+2	6.438539E+0	3.377430E+0	6.030835E+1	2.456860E-3	-1.369966E-5	1.563949E-9	4.816644E-6	3.644057E-9	1.000000E+0	
7.349155E+4	1.795000E+2	7.924355E+0	3.377430E+0	6.030835E+1	2.456860E-3	-2.548930E-5	1.209117E-8	9.288005E-6	1.828375E-8	1.000000E+0	
7.352262E+4	1.795000E+2	9.905443E-2	2.842400E+0	6.030835E+1	2.456860E-3	-2.152542E-8	1.562002E-9	-6.279065E-8	1.343593E-8	1.000000E+0	
7.354655E+4	1.795000E+2	2.971633E+0	2.842400E+0	6.030835E+1	2.456860E-3	-1.479957E-6	4.033242E-8	5.244215E-7	2.090569E-8	1.000000E+0	
7.357048E+4	1.795000E+2	4.952722E+0	2.842400E+0	6.030835E+1	2.456860E-3	-6.468652E-6	1.281123E-8	2.227262E-6	1.379694E-8	1.000000E+0	
7.359445E+4	1.795000E+2	6.438539E+0	2.842400E+0	6.030835E+1	2.456860E-3	-1.415655E-5	1.386254E-9	4.868531E-6	9.186183E-9	1.000000E+0	
7.361839E+4	1.795000E+2	7.924355E+0	2.842400E+0	6.030835E+1	2.456860E-3	-2.641363E-5	1.011630E-8	9.027707E-6	4.681356E-9	1.000000E+0	
7.365371E+4	1.795000E+2	9.905443E-2	2.392130E+0	6.030835E+1	2.456860E-3	-1.089472E-8	3.107569E-9	3.491201E-8	2.911432E-9	1.000000E+0	
7.368106E+4	1.795000E+2	2.971633E+0	2.392130E+0	6.030835E+1	2.456860E-3	-1.448958E-6	7.867263E-9	4.553098E-7	3.722245E-9	1.000000E+0	
7.370840E+4	1.795000E+2	4.952722E+0	2.392130E+0	6.030835E+1	2.456860E-3	-6.692059E-6	2.191996E-9	2.264276E-6	2.215028E-8	1.000000E+0	
7.373576E+4	1.795000E+2	6.438539E+0	2.392130E+0	6.030835E+1	2.456860E-3	-1.479447E-5	2.387889E-9	4.889500E-6	1.059877E-8	1.000000E+0	
7.376308E+4	1.795000E+2	7.924355E+0	2.392130E+0	6.030835E+1	2.456860E-3	-2.749952E-5	1.441115E-8	9.032475E-6	1.230432E-9	1.000000E+0	
7.380397E+4	1.795000E+2	9.905443E-2	2.013180E+0	6.030835E+1	2.456860E-3	-8.214831E-9	3.402978E-9	-1.820488E-8	4.308974E-9	1.000000E+0	
7.383535E+4	1.795000E+2	2.971633E+0	2.013180E+0	6.030835E+1	2.456860E-3	-1.524771E-6	1.053878E-8	4.775424E-7	3.596289E-8	1.000000E+0	
7.386678E+4	1.795000E+2	4.952722E+0	2.013180E+0	6.030835E+1	2.456860E-3	-6.929083E-6	8.198676E-9	2.136590E-6	1.225920E-9	1.000000E+0	
7.389824E+4	1.795000E+2	6.438539E+0	2.013180E+0	6.030835E+1	2.456860E-3	-1.535046E-5	2.266393E-8	4.997202E-6	5.819270E-8	1.000000E+0	
7.392963E+4	1.795000E+2	7.924355E+0	2.013180E+0	6.030835E+1	2.456860E-3	-2.828720E-5	4.498140E-9	9.086202E-6	3.707772E-8	1.000000E+0	
7.397740E+4	1.795000E+2	9.905443E-2	1.694270E+0	6.030835E+1	2.456860E-3	-3.105091E-8	2.828741E-9	3.179519E-8	2.498045E-9	1.000000E+0	
7.401364E+4	1.795000E+2	2.971633E+0	1.694270E+0	6.030835E+1	2.456860E-3	-1.495586E-6	4.106886E-9	4.718995E-7	1.546353E-9	1.000000E+0	
7.404987E+4	1.795000E+2	4.952722E+0	1.694270E+0	6.030835E+1	2.456860E-3	-7.210815E-6	2.100729E-8	2.187342E-6	1.323327E-8	1.000000E+0	
7.408614E+4	1.795000E+2	6.438539E+0	1.694270E+0	6.030835E+1	2.456860E-3	-1.592076E-5	1.159495E-8	4.614968E-6	6.998818E-8	1.000000E+0	
7.412237E+4	1.795000E+2	7.924355E+0	1.694270E+0	6.030835E+1	2.456860E-3	-2.932061E-5	1.710912E-8	8.828342E-6	3.315913E-8	1.000000E+0	
7.417779E+4	1.795000E+2	9.905443E-2	1.425880E+0	6.030835E+1	2.456860E-3	-1.514607E-8	4.168754E-9	-1.397814E-8	1.334675E-9	1.000000E+0	
7.421971E+4	1.795000E+2	2.971633E+0	1.425880E+0	6.030835E+1	2.456860E-3	-1.575140E-6	2.073260E-9	9.487520E-8	1.985394E-8	1.000000E+0	
7.426166E+4	1.795000E+2	4.952722E+0	1.425880E+0	6.030835E+1	2.456860E-3	-7.408471E-6	1.933346E-8	2.290088E-6	2.379880E-8	1.000000E+0	
7.430359E+4	1.795000E+2	6.438539E+0	1.425880E+0	6.030835E+1	2.456860E-3	-1.625913E-5	6.179306E-9	4.759605E-6	4.275486E-9	1.000000E+0	
7.434547E+4	1.795000E+2	7.924355E+0	1.425880E+0	6.030835E+1	2.456860E-3	-3.029603E-5	7.681811E-10	8.932172E-6	1.380536E-9	1.000000E+0	
7.440784E+4	1.795000E+2	9.905443E-2	1.200000E+0	6.030835E+1	2.456860E-3	-4.170007E-8	2.562387E-9	-1.828667E-8	6.091893E-9	1.000000E+0	
7.445654E+4	1.795100E+2	2.971633E+0	1.200000E+0	6.030835E+1	2.456860E-3	-1.523209E-6	1.265996E-8	4.013773E-7	6.769782E-9	1.000000E+0	
7.450524E+4	1.795000E+2	4.952722E+0	1.200000E+0	6.030835E+1	2.456860E-3	-7.263257E-6	2.338652E-8	1.957961E-6	9.076591E-9	1.000000E+0	
7.455396E+4	1.795000E+2	6.438539E+0	1.200000E+0	6.030835E+1	2.456860E-3	-1.609829E-5	2.638398E-8	4.815338E-6	2.356449E-9	1.000000E+0	
7.460266E+4	1.795000E+2	7.924355E+0	1.200000E+0	6.030835E+1	2.456860E-3	-3.125873E-5	7.915079E-10	8.755108E-6	2.296440E-9	1.000000E+0	
--- > K and esd K (estimated based on user TCR) : -6.883756E+0	-2.817487E-2	

*** Temperature stable /K : 1.844600000E+2
--- > R0 : 6.067728E+1	6.067691E+1	6.067129E+1	6.067243E+1	6.067466E+1	6.067690E+1	6.067791E+1	6.067715E+1	6.067362E+1	6.067261E+1	6.067298E+1	6.067695E+1	
time /sec  	temp /K    	current /mA	freq /Hz   	R0 /Ohms   	esd R0     	V3X /V_rms 	esd V3X    	V3Y /V_rms 	esd V3Y    	Data_Valid?
7.487709E+4	1.844400E+2	9.905431E-2	8.000000E+0	6.067506E+1	2.365775E-3	1.973737E-8	1.762739E-8	7.939861E-9	2.208972E-8	1.000000E+0	
7.488940E+4	1.844400E+2	2.971629E+0	8.000000E+0	6.067506E+1	2.365775E-3	-1.009416E-6	1.360354E-8	4.911975E-7	1.281460E-8	1.000000E+0	
7.490169E+4	1.844500E+2	4.952715E+0	8.000000E+0	6.067506E+1	2.365775E-3	-4.878968E-6	1.839732E-8	2.156598E-6	1.387957E-8	1.000000E+0	
7.491399E+4	1.844500E+2	6.438530E+0	8.000000E+0	6.067506E+1	2.365775E-3	-1.085996E-5	2.748965E-8	4.849746E-6	8.220979E-9	1.000000E+0	
7.492630E+4	1.844600E+2	7.924345E+0	8.000000E+0	6.067506E+1	2.365775E-3	-2.030568E-5	8.891696E-9	9.039424E-6	2.096554E-8	1.000000E+0	
7.494316E+4	1.844700E+2	9.905431E-2	6.732700E+0	6.067506E+1	2.365775E-3	-1.092273E-8	1.177307E-8	-1.779076E-8	1.439316E-8	1.000000E+0	
7.495662E+4	1.844800E+2	2.971629E+0	6.732700E+0	6.067506E+1	2.365775E-3	-1.073573E-6	6.803436E-9	4.512354E-7	1.218049E-8	1.000000E+0	
7.497003E+4	1.844900E+2	4.952715E+0	6.732700E+0	6.067506E+1	2.365775E-3	-5.155767E-6	8.488025E-9	2.120355E-6	2.145342E-8	1.000000E+0	
7.498350E+4	1.845000E+2	6.438530E+0	6.732700E+0	6.067506E+1	2.365775E-3	-1.138154E-5	6.874678E-9	4.769336E-6	2.881573E-8	1.000000E+0	
7.499696E+4	1.845000E+2	7.924345E+0	6.732700E+0	6.067506E+1	2.365775E-3	-2.116800E-5	4.436676E-9	9.001446E-6	5.258371E-9	1.000000E+0	
7.501542E+4	1.845000E+2	9.905431E-2	5.666150E+0	6.067506E+1	2.365775E-3	1.608734E-8	4.716538E-9	1.761572E-8	1.181536E-8	1.000000E+0	
7.503034E+4	1.845000E+2	2.971629E+0	5.666150E+0	6.067506E+1	2.365775E-3	-1.140326E-6	1.722706E-8	4.810552E-7	1.008448E-8	1.000000E+0	
7.504523E+4	1.845000E+2	4.952715E+0	5.666150E+0	6.067506E+1	2.365775E-3	-5.292332E-6	1.259280E-8	1.963837E-6	6.173618E-8	1.000000E+0	
7.506017E+4	1.845000E+2	6.438530E+0	5.666150E+0	6.067506E+1	2.365775E-3	-1.196948E-5	2.579607E-8	4.892730E-6	1.852883E-8	1.000000E+0	
7.507509E+4	1.845000E+2	7.924345E+0	5.666150E+0	6.067506E+1	2.365775E-3	-2.236706E-5	4.429988E-8	9.162454E-6	5.678449E-8	1.000000E+0	
7.509546E+4	1.845000E+2	9.905431E-2	4.768560E+0	6.067506E+1	2.365775E-3	8.552727E-8	2.843009E-8	-4.789341E-8	8.819456E-9	1.000000E+0	
7.511211E+4	1.845000E+2	2.971629E+0	4.768560E+0	6.067506E+1	2.365775E-3	-1.188057E-6	1.275794E-8	4.506030E-7	2.297305E-8	1.000000E+0	
7.512877E+4	1.845000E+2	4.952715E+0	4.768560E+0	6.067506E+1	2.365775E-3	-5.691352E-6	1.749900E-9	2.159118E-6	5.223415E-9	1.000000E+0	
7.514537E+4	1.845000E+2	6.438530E+0	4.768560E+0	6.067506E+1	2.365775E-3	-1.246395E-5	4.784216E-9	4.853925E-6	5.078596E-9	1.000000E+0	
7.516202E+4	1.845000E+2	7.924345E+0	4.768560E+0	6.067506E+1	2.365775E-3	-2.326033E-5	2.394373E-8	8.976765E-6	4.773439E-8	1.000000E+0	
7.518688E+4	1.845000E+2	9.905431E-2	4.013160E+0	6.067506E+1	2.365775E-3	1.243687E-8	3.550418E-9	-5.220544E-9	7.874163E-9	1.000000E+0	
7.520555E+4	1.845000E+2	2.971629E+0	4.013160E+0	6.067506E+1	2.365775E-3	-1.267761E-6	1.323824E-8	4.602190E-7	1.363964E-9	1.000000E+0	
7.522420E+4	1.845000E+2	4.952715E+0	4.013160E+0	6.067506E+1	2.365775E-3	-5.811707E-6	6.568111E-9	2.171540E-6	1.496126E-8	1.000000E+0	
7.524286E+4	1.845000E+2	6.438530E+0	4.013160E+0	6.067506E+1	2.365775E-3	-1.297026E-5	3.124803E-9	4.876952E-6	6.932775E-9	1.000000E+0	
7.526151E+4	1.845000E+2	7.924345E+0	4.013160E+0	6.067506E+1	2.365775E-3	-2.417649E-5	7.220104E-9	9.009484E-6	4.782625E-9	1.000000E+0	
7.528905E+4	1.845000E+2	9.905431E-2	3.377430E+0	6.067506E+1	2.365775E-3	-1.957723E-8	6.379403E-9	3.005694E-8	7.715760E-9	1.000000E+0	
7.531016E+4	1.845000E+2	2.971629E+0	3.377430E+0	6.067506E+1	2.365775E-3	-1.351601E-6	8.724522E-9	4.842132E-7	3.587432E-9	1.000000E+0	
7.533127E+4	1.845000E+2	4.952715E+0	3.377430E+0	6.067506E+1	2.365775E-3	-6.066647E-6	2.276079E-9	2.159135E-6	1.095739E-8	1.000000E+0	
7.535232E+4	1.845000E+2	6.438530E+0	3.377430E+0	6.067506E+1	2.365775E-3	-1.352609E-5	5.837347E-9	4.829206E-6	1.718142E-8	1.000000E+0	
7.537340E+4	1.845000E+2	7.924345E+0	3.377430E+0	6.067506E+1	2.365775E-3	-2.520782E-5	3.529949E-9	9.073980E-6	8.308182E-9	1.000000E+0	
7.540453E+4	1.845000E+2	9.905431E-2	2.842400E+0	6.067506E+1	2.365775E-3	-4.398670E-8	1.865964E-8	5.836002E-8	5.197047E-9	1.000000E+0	
7.542852E+4	1.845000E+2	2.971629E+0	2.842400E+0	6.067506E+1	2.365775E-3	-1.332244E-6	6.832541E-9	4.679929E-7	2.695903E-9	1.000000E+0	
7.545245E+4	1.845000E+2	4.952715E+0	2.842400E+0	6.067506E+1	2.365775E-3	-6.368151E-6	4.510018E-9	2.225974E-6	9.978399E-9	1.000000E+0	
7.547638E+4	1.845000E+2	6.438530E+0	2.842400E+0	6.067506E+1	2.365775E-3	-1.406433E-5	1.805216E-9	4.830647E-6	2.259399E-9	1.000000E+0	
7.550033E+4	1.845000E+2	7.924345E+0	2.842400E+0	6.067506E+1	2.365775E-3	-2.627058E-5	2.849645E-8	9.053402E-6	9.488094E-9	1.000000E+0	
7.553577E+4	1.845000E+2	9.905431E-2	2.392130E+0	6.067506E+1	2.365775E-3	-1.858099E-8	7.849032E-9	-4.607922E-8	3.053990E-9	1.000000E+0	
7.556308E+4	1.845000E+2	2.971629E+0	2.392130E+0	6.067506E+1	2.365775E-3	-1.447350E-6	4.399411E-10	4.866210E-7	1.414859E-9	1.000000E+0	
7.559040E+4	1.845000E+2	4.952715E+0	2.392130E+0	6.067506E+1	2.365775E-3	-6.607920E-6	1.951080E-9	2.152962E-6	1.219773E-8	1.000000E+0	
7.561777E+4	1.845000E+2	6.438530E+0	2.392130E+0	6.067506E+1	2.365775E-3	-1.458895E-5	3.543888E-9	4.825168E-6	7.745832E-9	1.000000E+0	
7.564512E+4	1.845000E+2	7.924345E+0	2.392130E+0	6.067506E+1	2.365775E-3	-2.707187E-5	4.262985E-9	9.056453E-6	4.901817E-8	1.000000E+0	
7.568848E+4	1.845000E+2	9.905431E-2	2.013180E+0	6.067506E+1	2.365775E-3	-7.048702E-8	7.998074E-9	-4.594220E-8	1.166404E-8	1.000000E+0	
7.571995E+4	1.845000E+2	2.971629E+0	2.013180E+0	6.067506E+1	2.365775E-3	-1.477093E-6	1.280742E-8	5.141720E-7	2.277784E-9	1.000000E+0	
7.575141E+4	1.845000E+2	4.952715E+0	2.013180E+0	6.067506E+1	2.365775E-3	-6.759880E-6	7.416936E-9	2.138207E-6	4.558380E-9	1.000000E+0	
7.578284E+4	1.845000E+2	6.438530E+0	2.013180E+0	6.067506E+1	2.365775E-3	-1.494904E-5	3.004469E-8	4.626711E-6	5.382488E-8	1.000000E+0	
7.581430E+4	1.845000E+2	7.924345E+0	2.013180E+0	6.067506E+1	2.365775E-3	-2.811781E-5	6.474672E-9	9.033152E-6	7.862089E-9	1.000000E+0	
7.586178E+4	1.845000E+2	9.905431E-2	1.694270E+0	6.067506E+1	2.365775E-3	-1.867375E-9	1.655482E-9	2.497090E-9	5.176043E-9	1.000000E+0	
7.589797E+4	1.845000E+2	2.971629E+0	1.694270E+0	6.067506E+1	2.365775E-3	-1.524885E-6	8.969349E-9	4.733858E-7	7.862583E-9	1.000000E+0	
7.593420E+4	1.845000E+2	4.952715E+0	1.694270E+0	6.067506E+1	2.365775E-3	-7.078837E-6	1.068897E-9	2.169694E-6	3.585627E-10	1.000000E+0	
7.597041E+4	1.845000E+2	6.438530E+0	1.694270E+0	6.067506E+1	2.365775E-3	-1.562141E-5	1.171559E-8	4.780608E-6	2.433700E-9	1.000000E+0	
7.600659E+4	1.845000E+2	7.924345E+0	1.694270E+0	6.067506E+1	2.365775E-3	-2.904207E-5	3.819340E-9	9.007406E-6	2.790663E-9	1.000000E+0	
7.606216E+4	1.845000E+2	9.905431E-2	1.425880E+0	6.067506E+1	2.365775E-3	1.072262E-7	7.355887E-10	-1.508142E-7	1.419089E-8	1.000000E+0	
7.610409E+4	1.845000E+2	2.971629E+0	1.425880E+0	6.067506E+1	2.365775E-3	-1.583103E-6	6.777081E-10	4.396132E-7	7.759653E-10	1.000000E+0	
7.614602E+4	1.845000E+2	4.952715E+0	1.425880E+0	6.067506E+1	2.365775E-3	-7.298506E-6	4.145015E-9	2.139500E-6	8.279536E-9	1.000000E+0	
7.618796E+4	1.845000E+2	6.438530E+0	1.425880E+0	6.067506E+1	2.365775E-3	-1.615248E-5	2.894914E-9	4.808793E-6	1.216703E-9	1.000000E+0	
7.622993E+4	1.845000E+2	7.924345E+0	1.425880E+0	6.067506E+1	2.365775E-3	-3.009146E-5	3.585898E-9	8.937112E-6	4.343748E-9	1.000000E+0	
7.629364E+4	1.845000E+2	9.905431E-2	1.200000E+0	6.067506E+1	2.365775E-3	1.574572E-7	2.796415E-8	1.530592E-8	4.645200E-9	1.000000E+0	
7.634236E+4	1.845000E+2	2.971629E+0	1.200000E+0	6.067506E+1	2.365775E-3	-1.762726E-6	1.241683E-8	-9.114225E-8	3.475960E-8	1.000000E+0	
7.639112E+4	1.845000E+2	4.952715E+0	1.200000E+0	6.067506E+1	2.365775E-3	-7.893844E-6	4.865400E-8	1.955947E-6	8.484537E-9	1.000000E+0	
7.643987E+4	1.845000E+2	6.438530E+0	1.200000E+0	6.067506E+1	2.365775E-3	-1.676456E-5	9.321273E-9	4.435798E-6	9.445302E-9	1.000000E+0	
7.648859E+4	1.845000E+2	7.924345E+0	1.200000E+0	6.067506E+1	2.365775E-3	-3.086078E-5	1.196303E-8	8.767518E-6	4.692768E-9	1.000000E+0	
--- > K and esd K (estimated based on user TCR) : -6.820640E+0	-3.476791E-2	

*** Temperature stable /K : 1.894600000E+2
--- > R0 : 6.101479E+1	6.101139E+1	6.100841E+1	6.100890E+1	6.101053E+1	6.101647E+1	6.101466E+1	6.101073E+1	6.100996E+1	6.101062E+1	6.101175E+1	6.101259E+1	
time /sec  	temp /K    	current /mA	freq /Hz   	R0 /Ohms   	esd R0     	V3X /V_rms 	esd V3X    	V3Y /V_rms 	esd V3Y    	Data_Valid?
7.676294E+4	1.894500E+2	9.905417E-2	8.000000E+0	6.101173E+1	2.470099E-3	1.296217E-8	1.268117E-8	1.919150E-8	1.519896E-8	1.000000E+0	
7.677520E+4	1.894400E+2	2.971625E+0	8.000000E+0	6.101173E+1	2.470099E-3	-1.027966E-6	2.641643E-8	4.604455E-7	1.771259E-8	1.000000E+0	
7.678749E+4	1.894400E+2	4.952708E+0	8.000000E+0	6.101173E+1	2.470099E-3	-4.805644E-6	1.092834E-8	2.187110E-6	6.528190E-9	1.000000E+0	
7.679983E+4	1.894500E+2	6.438521E+0	8.000000E+0	6.101173E+1	2.470099E-3	-1.072737E-5	1.065734E-8	4.773701E-6	1.060911E-8	1.000000E+0	
7.681213E+4	1.894600E+2	7.924333E+0	8.000000E+0	6.101173E+1	2.470099E-3	-1.990763E-5	1.080925E-8	8.930373E-6	6.325623E-9	1.000000E+0	
7.682912E+4	1.894700E+2	9.905417E-2	6.732700E+0	6.101173E+1	2.470099E-3	-1.340113E-8	6.077595E-9	-9.007729E-9	1.304166E-8	1.000000E+0	
7.684254E+4	1.894800E+2	2.971625E+0	6.732700E+0	6.101173E+1	2.470099E-3	-1.141360E-6	1.987324E-8	4.436038E-7	3.166349E-8	1.000000E+0	
7.685598E+4	1.894800E+2	4.952708E+0	6.732700E+0	6.101173E+1	2.470099E-3	-5.065791E-6	1.418868E-8	2.213243E-6	2.188062E-8	1.000000E+0	
7.686944E+4	1.894900E+2	6.438521E+0	6.732700E+0	6.101173E+1	2.470099E-3	-1.131107E-5	2.394742E-9	4.869755E-6	1.383630E-8	1.000000E+0	
7.688290E+4	1.895000E+2	7.924333E+0	6.732700E+0	6.101173E+1	2.470099E-3	-2.100569E-5	2.063115E-8	9.042243E-6	1.694268E-8	1.000000E+0	
7.690134E+4	1.895000E+2	9.905417E-2	5.666150E+0	6.101173E+1	2.470099E-3	-1.487695E-8	3.523983E-8	-1.540602E-8	1.522993E-8	1.000000E+0	
7.691626E+4	1.895000E+2	2.971625E+0	5.666150E+0	6.101173E+1	2.470099E-3	-1.164452E-6	1.972325E-8	4.827654E-7	1.115984E-8	1.000000E+0	
7.693118E+4	1.895100E+2	4.952708E+0	5.666150E+0	6.101173E+1	2.470099E-3	-5.429098E-6	7.448565E-9	2.206381E-6	5.997323E-9	1.000000E+0	
7.694613E+4	1.895100E+2	6.438521E+0	5.666150E+0	6.101173E+1	2.470099E-3	-1.190524E-5	1.710205E-8	4.909753E-6	2.005002E-8	1.000000E+0	
7.696102E+4	1.895100E+2	7.924333E+0	5.666150E+0	6.101173E+1	2.470099E-3	-2.232398E-5	6.368628E-9	9.208753E-6	1.202694E-8	1.000000E+0	
7.698137E+4	1.895100E+2	9.905417E-2	4.768560E+0	6.101173E+1	2.470099E-3	2.881410E-8	7.686393E-9	-3.830656E-8	2.359647E-8	1.000000E+0	
7.699802E+4	1.895100E+2	2.971625E+0	4.768560E+0	6.101173E+1	2.470099E-3	-1.192175E-6	2.434549E-8	4.668919E-7	3.212579E-9	1.000000E+0	
7.701462E+4	1.895000E+2	4.952708E+0	4.768560E+0	6.101173E+1	2.470099E-3	-5.580512E-6	1.771364E-8	2.188688E-6	1.729965E-8	1.000000E+0	
7.703118E+4	1.895000E+2	6.438521E+0	4.768560E+0	6.101173E+1	2.470099E-3	-1.234379E-5	4.435565E-9	4.896464E-6	1.119720E-9	1.000000E+0	
7.704785E+4	1.895000E+2	7.924333E+0	4.768560E+0	6.101173E+1	2.470099E-3	-2.288294E-5	4.078245E-8	8.907259E-6	5.482940E-8	1.000000E+0	
7.707230E+4	1.895000E+2	9.905417E-2	4.013160E+0	6.101173E+1	2.470099E-3	-9.150758E-9	1.010352E-8	-2.725583E-8	7.848853E-9	1.000000E+0	
7.709096E+4	1.895000E+2	2.971625E+0	4.013160E+0	6.101173E+1	2.470099E-3	-1.227468E-6	1.051061E-8	4.748619E-7	7.085995E-9	1.000000E+0	
7.710959E+4	1.895000E+2	4.952708E+0	4.013160E+0	6.101173E+1	2.470099E-3	-5.865678E-6	9.813666E-9	2.162398E-6	1.161630E-8	1.000000E+0	
7.712830E+4	1.895000E+2	6.438521E+0	4.013160E+0	6.101173E+1	2.470099E-3	-1.286420E-5	3.182180E-8	4.947967E-6	5.309519E-8	1.000000E+0	
7.714697E+4	1.895000E+2	7.924333E+0	4.013160E+0	6.101173E+1	2.470099E-3	-2.397737E-5	2.823851E-8	9.036538E-6	6.010046E-9	1.000000E+0	
7.717446E+4	1.895000E+2	9.905417E-2	3.377430E+0	6.101173E+1	2.470099E-3	5.018902E-8	3.243669E-9	-5.834337E-9	1.535343E-9	1.000000E+0	
7.719554E+4	1.895000E+2	2.971625E+0	3.377430E+0	6.101173E+1	2.470099E-3	-1.338794E-6	4.736675E-9	4.729226E-7	1.633320E-9	1.000000E+0	
7.721664E+4	1.895000E+2	4.952708E+0	3.377430E+0	6.101173E+1	2.470099E-3	-6.076501E-6	2.576785E-9	2.163465E-6	5.302709E-9	1.000000E+0	
7.723773E+4	1.895000E+2	6.438521E+0	3.377430E+0	6.101173E+1	2.470099E-3	-1.340245E-5	2.513323E-9	4.810335E-6	3.204352E-9	1.000000E+0	
7.725880E+4	1.895000E+2	7.924333E+0	3.377430E+0	6.101173E+1	2.470099E-3	-2.496118E-5	6.226982E-9	8.998206E-6	2.134706E-8	1.000000E+0	
7.728960E+4	1.895000E+2	9.905417E-2	2.842400E+0	6.101173E+1	2.470099E-3	2.677801E-8	5.284181E-9	2.210071E-7	4.856185E-8	1.000000E+0	
7.731356E+4	1.895000E+2	2.971625E+0	2.842400E+0	6.101173E+1	2.470099E-3	-1.353044E-6	1.429234E-9	4.932093E-7	4.144943E-9	1.000000E+0	
7.733749E+4	1.895000E+2	4.952708E+0	2.842400E+0	6.101173E+1	2.470099E-3	-6.361040E-6	2.515854E-8	2.201879E-6	3.940181E-9	1.000000E+0	
7.736146E+4	1.895000E+2	6.438521E+0	2.842400E+0	6.101173E+1	2.470099E-3	-1.398648E-5	7.239803E-9	4.902085E-6	9.555806E-9	1.000000E+0	
7.738539E+4	1.895000E+2	7.924333E+0	2.842400E+0	6.101173E+1	2.470099E-3	-2.603874E-5	2.838722E-9	9.176638E-6	1.394828E-8	1.000000E+0	
7.742091E+4	1.895000E+2	9.905417E-2	2.392130E+0	6.101173E+1	2.470099E-3	4.087897E-8	5.588499E-9	-5.331044E-10	4.053355E-9	1.000000E+0	
7.744830E+4	1.895000E+2	2.971625E+0	2.392130E+0	6.101173E+1	2.470099E-3	-1.397958E-6	4.573003E-9	4.534124E-7	7.641146E-9	1.000000E+0	
7.747565E+4	1.895000E+2	4.952708E+0	2.392130E+0	6.101173E+1	2.470099E-3	-6.385977E-6	2.376452E-8	2.081684E-6	1.779269E-8	1.000000E+0	
7.750294E+4	1.895000E+2	6.438521E+0	2.392130E+0	6.101173E+1	2.470099E-3	-1.441961E-5	3.083364E-9	4.825306E-6	9.989271E-10	1.000000E+0	
7.753021E+4	1.895000E+2	7.924333E+0	2.392130E+0	6.101173E+1	2.470099E-3	-2.693168E-5	1.482190E-8	9.018644E-6	1.716016E-8	1.000000E+0	
7.757116E+4	1.895000E+2	9.905417E-2	2.013180E+0	6.101173E+1	2.470099E-3	4.061282E-9	6.147117E-10	2.493546E-8	1.065588E-9	1.000000E+0	
7.760256E+4	1.895000E+2	2.971625E+0	2.013180E+0	6.101173E+1	2.470099E-3	-1.682005E-6	2.856039E-8	3.698426E-7	1.036021E-8	1.000000E+0	
7.763401E+4	1.895000E+2	4.952708E+0	2.013180E+0	6.101173E+1	2.470099E-3	-6.797648E-6	2.343722E-9	2.190952E-6	1.925838E-9	1.000000E+0	
7.766542E+4	1.895000E+2	6.438521E+0	2.013180E+0	6.101173E+1	2.470099E-3	-1.509791E-5	1.260079E-8	4.685902E-6	1.759327E-8	1.000000E+0	
7.769682E+4	1.895000E+2	7.924333E+0	2.013180E+0	6.101173E+1	2.470099E-3	-2.785194E-5	2.990716E-9	9.042998E-6	2.680187E-9	1.000000E+0	
7.774480E+4	1.895000E+2	9.905417E-2	1.694270E+0	6.101173E+1	2.470099E-3	1.542999E-7	1.204559E-8	-2.131738E-7	1.507058E-8	1.000000E+0	
7.778103E+4	1.895000E+2	2.971625E+0	1.694270E+0	6.101173E+1	2.470099E-3	-1.499781E-6	1.109702E-9	4.433423E-7	1.516519E-9	1.000000E+0	
7.781726E+4	1.895000E+2	4.952708E+0	1.694270E+0	6.101173E+1	2.470099E-3	-7.225368E-6	5.071535E-8	2.176514E-6	1.365682E-8	1.000000E+0	
7.785347E+4	1.895000E+2	6.438521E+0	1.694270E+0	6.101173E+1	2.470099E-3	-1.545177E-5	5.047417E-9	4.829048E-6	6.827024E-10	1.000000E+0	
7.788964E+4	1.895000E+2	7.924333E+0	1.694270E+0	6.101173E+1	2.470099E-3	-2.866863E-5	7.815922E-8	8.922413E-6	1.293428E-8	1.000000E+0	
7.794502E+4	1.895000E+2	9.905417E-2	1.425880E+0	6.101173E+1	2.470099E-3	4.347131E-9	4.538880E-9	4.900272E-8	1.162708E-8	1.000000E+0	
7.798688E+4	1.895000E+2	2.971625E+0	1.425880E+0	6.101173E+1	2.470099E-3	-1.451439E-6	1.885980E-9	7.109635E-8	9.142512E-9	1.000000E+0	
7.802880E+4	1.895000E+2	4.952708E+0	1.425880E+0	6.101173E+1	2.470099E-3	-7.263634E-6	5.263778E-9	2.123902E-6	2.131149E-9	1.000000E+0	
7.807074E+4	1.895000E+2	6.438521E+0	1.425880E+0	6.101173E+1	2.470099E-3	-1.600845E-5	5.203866E-9	4.730675E-6	3.070176E-9	1.000000E+0	
7.811268E+4	1.895000E+2	7.924333E+0	1.425880E+0	6.101173E+1	2.470099E-3	-2.980990E-5	3.013706E-9	8.877650E-6	1.727287E-9	1.000000E+0	
7.817524E+4	1.895000E+2	9.905417E-2	1.200000E+0	6.101173E+1	2.470099E-3	-6.634454E-9	9.001774E-10	-7.133772E-8	4.291614E-9	1.000000E+0	
7.822398E+4	1.895000E+2	2.971625E+0	1.200000E+0	6.101173E+1	2.470099E-3	-1.541396E-6	4.388741E-9	3.069629E-7	3.618587E-10	1.000000E+0	
7.827268E+4	1.895000E+2	4.952708E+0	1.200000E+0	6.101173E+1	2.470099E-3	-7.482855E-6	1.518654E-8	2.073281E-6	3.052701E-8	1.000000E+0	
7.832139E+4	1.895000E+2	6.438521E+0	1.200000E+0	6.101173E+1	2.470099E-3	-1.618992E-5	3.085415E-8	4.580620E-6	1.483231E-9	1.000000E+0	
7.837010E+4	1.895000E+2	7.924333E+0	1.200000E+0	6.101173E+1	2.470099E-3	-3.054384E-5	7.663811E-9	8.652675E-6	6.582745E-9	1.000000E+0	
--- > K and esd K (estimated based on user TCR) : -6.949465E+0	-4.223760E-2	

*** Temperature stable /K : 1.944600000E+2
--- > R0 : 6.133112E+1	6.132856E+1	6.133128E+1	6.133393E+1	6.133624E+1	6.133574E+1	6.133012E+1	6.133022E+1	6.133133E+1	6.133448E+1	6.133670E+1	6.133390E+1	
time /sec  	temp /K    	current /mA	freq /Hz   	R0 /Ohms   	esd R0     	V3X /V_rms 	esd V3X    	V3Y /V_rms 	esd V3Y    	Data_Valid?
7.864480E+4	1.944400E+2	9.905399E-2	8.000000E+0	6.133280E+1	2.698252E-3	4.855512E-8	5.965649E-9	1.789655E-8	4.615693E-9	1.000000E+0	
7.865708E+4	1.944400E+2	2.971620E+0	8.000000E+0	6.133280E+1	2.698252E-3	-1.041561E-6	1.146104E-8	4.621617E-7	1.045211E-8	1.000000E+0	
7.866938E+4	1.944400E+2	4.952700E+0	8.000000E+0	6.133280E+1	2.698252E-3	-4.795493E-6	1.413223E-8	2.173692E-6	1.102995E-8	1.000000E+0	
7.868168E+4	1.944500E+2	6.438510E+0	8.000000E+0	6.133280E+1	2.698252E-3	-1.050698E-5	1.225109E-8	4.721194E-6	1.110220E-8	1.000000E+0	
7.869399E+4	1.944600E+2	7.924320E+0	8.000000E+0	6.133280E+1	2.698252E-3	-1.965539E-5	2.078359E-8	8.826089E-6	1.234342E-8	1.000000E+0	
7.871094E+4	1.944700E+2	9.905399E-2	6.732700E+0	6.133280E+1	2.698252E-3	-1.333313E-8	1.402666E-8	-5.970183E-9	7.345059E-9	1.000000E+0	
7.872440E+4	1.944800E+2	2.971620E+0	6.732700E+0	6.133280E+1	2.698252E-3	-1.041476E-6	8.346394E-9	4.784095E-7	9.906943E-9	1.000000E+0	
7.873785E+4	1.944800E+2	4.952700E+0	6.732700E+0	6.133280E+1	2.698252E-3	-5.024910E-6	1.812555E-8	2.155106E-6	7.437606E-9	1.000000E+0	
7.875134E+4	1.944900E+2	6.438510E+0	6.732700E+0	6.133280E+1	2.698252E-3	-1.107578E-5	4.922120E-9	4.777250E-6	1.434010E-8	1.000000E+0	
7.876476E+4	1.944900E+2	7.924320E+0	6.732700E+0	6.133280E+1	2.698252E-3	-2.054907E-5	2.834443E-8	8.946998E-6	2.372263E-8	1.000000E+0	
7.878320E+4	1.945000E+2	9.905399E-2	5.666150E+0	6.133280E+1	2.698252E-3	-4.388506E-8	1.400887E-8	-2.962139E-8	1.825770E-9	1.000000E+0	
7.879814E+4	1.945000E+2	2.971620E+0	5.666150E+0	6.133280E+1	2.698252E-3	-1.116766E-6	1.744402E-8	4.747160E-7	1.130047E-9	1.000000E+0	
7.881303E+4	1.945100E+2	4.952700E+0	5.666150E+0	6.133280E+1	2.698252E-3	-5.244306E-6	7.448646E-9	2.144827E-6	1.218589E-8	1.000000E+0	
7.882797E+4	1.945100E+2	6.438510E+0	5.666150E+0	6.133280E+1	2.698252E-3	-1.159730E-5	1.166944E-8	4.765320E-6	2.547887E-8	1.000000E+0	
7.884286E+4	1.945100E+2	7.924320E+0	5.666150E+0	6.133280E+1	2.698252E-3	-2.165170E-5	1.683942E-8	8.927685E-6	3.942656E-9	1.000000E+0	
7.886303E+4	1.945100E+2	9.905399E-2	4.768560E+0	6.133280E+1	2.698252E-3	7.500395E-9	3.794006E-9	-1.846633E-8	3.517758E-9	1.000000E+0	
7.887966E+4	1.945000E+2	2.971620E+0	4.768560E+0	6.133280E+1	2.698252E-3	-1.184204E-6	1.505233E-8	4.699654E-7	1.826909E-8	1.000000E+0	
7.889634E+4	1.945000E+2	4.952700E+0	4.768560E+0	6.133280E+1	2.698252E-3	-5.566773E-6	2.342158E-8	2.081498E-6	1.732324E-8	1.000000E+0	
7.891297E+4	1.945000E+2	6.438510E+0	4.768560E+0	6.133280E+1	2.698252E-3	-1.219212E-5	9.267894E-9	4.806503E-6	3.284756E-8	1.000000E+0	
7.892961E+4	1.945000E+2	7.924320E+0	4.768560E+0	6.133280E+1	2.698252E-3	-2.261818E-5	5.201438E-9	8.873473E-6	1.160702E-8	1.000000E+0	
7.895406E+4	1.945000E+2	9.905399E-2	4.013160E+0	6.133280E+1	2.698252E-3	-8.002027E-9	5.242287E-9	2.356945E-8	7.823536E-9	1.000000E+0	
7.897270E+4	1.945000E+2	2.971620E+0	4.013160E+0	6.133280E+1	2.698252E-3	-1.226710E-6	3.178127E-8	5.662753E-7	1.305798E-8	1.000000E+0	
7.899134E+4	1.945000E+2	4.952700E+0	4.013160E+0	6.133280E+1	2.698252E-3	-5.984622E-6	6.389564E-8	2.012929E-6	3.455921E-8	1.000000E+0	
7.901002E+4	1.945000E+2	6.438510E+0	4.013160E+0	6.133280E+1	2.698252E-3	-1.290257E-5	1.740076E-8	5.275172E-6	1.777470E-8	1.000000E+0	
7.902869E+4	1.945000E+2	7.924320E+0	4.013160E+0	6.133280E+1	2.698252E-3	-2.343599E-5	8.372298E-8	8.714965E-6	1.091308E-7	1.000000E+0	
7.905584E+4	1.945000E+2	9.905399E-2	3.377430E+0	6.133280E+1	2.698252E-3	-1.184105E-7	3.284195E-8	3.927016E-9	2.649666E-9	1.000000E+0	
7.907693E+4	1.945000E+2	2.971620E+0	3.377430E+0	6.133280E+1	2.698252E-3	-1.220072E-6	1.947156E-8	4.568349E-7	5.627879E-9	1.000000E+0	
7.909802E+4	1.945000E+2	4.952700E+0	3.377430E+0	6.133280E+1	2.698252E-3	-5.976742E-6	1.261091E-8	2.139136E-6	1.808679E-8	1.000000E+0	
7.911910E+4	1.945000E+2	6.438510E+0	3.377430E+0	6.133280E+1	2.698252E-3	-1.319409E-5	1.599822E-8	4.764507E-6	7.886842E-9	1.000000E+0	
7.914020E+4	1.945000E+2	7.924320E+0	3.377430E+0	6.133280E+1	2.698252E-3	-2.465904E-5	4.334425E-9	8.853821E-6	4.365206E-9	1.000000E+0	
7.917119E+4	1.945000E+2	9.905399E-2	2.842400E+0	6.133280E+1	2.698252E-3	4.903402E-9	1.194080E-8	3.253639E-8	7.604338E-9	1.000000E+0	
7.919509E+4	1.945000E+2	2.971620E+0	2.842400E+0	6.133280E+1	2.698252E-3	-1.340857E-6	7.586570E-9	4.754251E-7	1.238693E-9	1.000000E+0	
7.921902E+4	1.945000E+2	4.952700E+0	2.842400E+0	6.133280E+1	2.698252E-3	-6.197956E-6	6.442020E-9	2.156367E-6	2.882571E-9	1.000000E+0	
7.924297E+4	1.945000E+2	6.438510E+0	2.842400E+0	6.133280E+1	2.698252E-3	-1.377879E-5	4.608497E-9	4.852238E-6	1.382551E-8	1.000000E+0	
7.926691E+4	1.945000E+2	7.924320E+0	2.842400E+0	6.133280E+1	2.698252E-3	-2.557131E-5	1.554544E-8	8.947754E-6	5.366783E-9	1.000000E+0	
7.930256E+4	1.945000E+2	9.905399E-2	2.392130E+0	6.133280E+1	2.698252E-3	2.342444E-8	6.155357E-9	2.705241E-8	2.677515E-9	1.000000E+0	
7.932990E+4	1.945000E+2	2.971620E+0	2.392130E+0	6.133280E+1	2.698252E-3	-1.355104E-6	3.355274E-9	4.613185E-7	7.509566E-9	1.000000E+0	
7.935719E+4	1.945000E+2	4.952700E+0	2.392130E+0	6.133280E+1	2.698252E-3	-6.478435E-6	3.406086E-8	2.157466E-6	2.014505E-8	1.000000E+0	
7.938451E+4	1.945000E+2	6.438510E+0	2.392130E+0	6.133280E+1	2.698252E-3	-1.429416E-5	7.841454E-10	4.837052E-6	4.310311E-9	1.000000E+0	
7.941184E+4	1.945000E+2	7.924320E+0	2.392130E+0	6.133280E+1	2.698252E-3	-2.663823E-5	7.406127E-9	8.998542E-6	2.906198E-10	1.000000E+0	
7.945324E+4	1.945000E+2	9.905399E-2	2.013180E+0	6.133280E+1	2.698252E-3	2.297973E-8	8.864103E-9	-2.267967E-8	3.700091E-10	1.000000E+0	
7.948463E+4	1.945000E+2	2.971620E+0	2.013180E+0	6.133280E+1	2.698252E-3	-1.473791E-6	1.090343E-9	4.400055E-7	7.092447E-9	1.000000E+0	
7.951606E+4	1.945000E+2	4.952700E+0	2.013180E+0	6.133280E+1	2.698252E-3	-6.820665E-6	2.363163E-8	2.126585E-6	1.232829E-8	1.000000E+0	
7.954751E+4	1.945000E+2	6.438510E+0	2.013180E+0	6.133280E+1	2.698252E-3	-1.480436E-5	2.430296E-9	4.843887E-6	4.058844E-9	1.000000E+0	
7.957895E+4	1.945000E+2	7.924320E+0	2.013180E+0	6.133280E+1	2.698252E-3	-2.762776E-5	1.742166E-9	8.955815E-6	1.513977E-8	1.000000E+0	
7.962633E+4	1.945000E+2	9.905399E-2	1.694270E+0	6.133280E+1	2.698252E-3	4.433224E-8	3.154151E-9	-3.623533E-8	1.760041E-9	1.000000E+0	
7.966248E+4	1.945000E+2	2.971620E+0	1.694270E+0	6.133280E+1	2.698252E-3	-1.475698E-6	3.437072E-9	4.373642E-7	1.900224E-9	1.000000E+0	
7.969868E+4	1.945000E+2	4.952700E+0	1.694270E+0	6.133280E+1	2.698252E-3	-6.932672E-6	5.241447E-10	2.153067E-6	4.029053E-9	1.000000E+0	
7.973493E+4	1.945000E+2	6.438510E+0	1.694270E+0	6.133280E+1	2.698252E-3	-1.534051E-5	3.320993E-9	4.821858E-6	3.242849E-9	1.000000E+0	
7.977120E+4	1.945000E+2	7.924320E+0	1.694270E+0	6.133280E+1	2.698252E-3	-2.863922E-5	1.313658E-8	8.860514E-6	2.435827E-8	1.000000E+0	
7.982702E+4	1.945000E+2	9.905399E-2	1.425880E+0	6.133280E+1	2.698252E-3	-4.314220E-8	4.420530E-9	7.759493E-8	1.948754E-8	1.000000E+0	
7.986892E+4	1.945000E+2	2.971620E+0	1.425880E+0	6.133280E+1	2.698252E-3	-1.722718E-6	2.069689E-8	4.912386E-7	4.480223E-9	1.000000E+0	
7.991087E+4	1.945000E+2	4.952700E+0	1.425880E+0	6.133280E+1	2.698252E-3	-7.158754E-6	4.481136E-9	2.142908E-6	6.985239E-9	1.000000E+0	
7.995275E+4	1.945000E+2	6.438510E+0	1.425880E+0	6.133280E+1	2.698252E-3	-1.589188E-5	5.630299E-10	4.772740E-6	4.574019E-10	1.000000E+0	
7.999462E+4	1.945000E+2	7.924320E+0	1.425880E+0	6.133280E+1	2.698252E-3	-2.958602E-5	4.588102E-9	9.018526E-6	1.232750E-8	1.000000E+0	
8.005699E+4	1.945000E+2	9.905399E-2	1.200000E+0	6.133280E+1	2.698252E-3	4.174239E-8	2.280649E-9	-6.038885E-9	4.189729E-9	1.000000E+0	
8.010573E+4	1.945000E+2	2.971620E+0	1.200000E+0	6.133280E+1	2.698252E-3	-1.049864E-6	1.134600E-8	1.022877E-7	4.233890E-8	1.000000E+0	
8.015440E+4	1.945000E+2	4.952700E+0	1.200000E+0	6.133280E+1	2.698252E-3	-7.248228E-6	7.156141E-9	2.256976E-6	1.503874E-8	1.000000E+0	
8.020312E+4	1.945000E+2	6.438510E+0	1.200000E+0	6.133280E+1	2.698252E-3	-1.630805E-5	5.688284E-9	4.540488E-6	6.104631E-9	1.000000E+0	
8.025190E+4	1.945000E+2	7.924320E+0	1.200000E+0	6.133280E+1	2.698252E-3	-3.039799E-5	8.865594E-10	8.698550E-6	1.282637E-9	1.000000E+0	
--- > K and esd K (estimated based on user TCR) : -6.836578E+0	-5.159698E-2	

*** Temperature stable /K : 1.994600000E+2
--- > R0 : 6.167950E+1	6.167761E+1	6.167675E+1	6.167155E+1	6.167321E+1	6.167514E+1	6.167694E+1	6.167599E+1	6.167625E+1	6.167358E+1	6.167524E+1	6.167322E+1	
time /sec  	temp /K    	current /mA	freq /Hz   	R0 /Ohms   	esd R0     	V3X /V_rms 	esd V3X    	V3Y /V_rms 	esd V3Y    	Data_Valid?
8.052646E+4	1.994400E+2	9.905383E-2	8.000000E+0	6.167542E+1	2.230780E-3	-3.334517E-8	1.212866E-8	-1.501298E-8	4.314213E-9	1.000000E+0	
8.053878E+4	1.994400E+2	2.971615E+0	8.000000E+0	6.167542E+1	2.230780E-3	-1.013692E-6	5.870689E-9	4.532696E-7	4.680322E-9	1.000000E+0	
8.055101E+4	1.994400E+2	4.952692E+0	8.000000E+0	6.167542E+1	2.230780E-3	-4.724048E-6	7.005172E-9	2.110148E-6	1.658302E-8	1.000000E+0	
8.056332E+4	1.994500E+2	6.438499E+0	8.000000E+0	6.167542E+1	2.230780E-3	-1.038933E-5	2.179732E-8	4.816482E-6	2.488768E-8	1.000000E+0	
8.057562E+4	1.994600E+2	7.924306E+0	8.000000E+0	6.167542E+1	2.230780E-3	-1.951400E-5	1.648682E-8	8.851628E-6	5.804984E-9	1.000000E+0	
8.059246E+4	1.994700E+2	9.905383E-2	6.732700E+0	6.167542E+1	2.230780E-3	2.778602E-8	2.040436E-8	3.979066E-9	7.072972E-9	1.000000E+0	
8.060587E+4	1.994800E+2	2.971615E+0	6.732700E+0	6.167542E+1	2.230780E-3	-1.078961E-6	6.187936E-9	4.617158E-7	2.893197E-9	1.000000E+0	
8.061933E+4	1.994800E+2	4.952692E+0	6.732700E+0	6.167542E+1	2.230780E-3	-5.007080E-6	2.403401E-8	2.137721E-6	1.070609E-8	1.000000E+0	
8.063276E+4	1.994900E+2	6.438499E+0	6.732700E+0	6.167542E+1	2.230780E-3	-1.101201E-5	7.943262E-9	4.779516E-6	1.114279E-8	1.000000E+0	
8.064622E+4	1.995000E+2	7.924306E+0	6.732700E+0	6.167542E+1	2.230780E-3	-2.047010E-5	8.502599E-9	8.857149E-6	1.213804E-8	1.000000E+0	
8.066476E+4	1.995000E+2	9.905383E-2	5.666150E+0	6.167542E+1	2.230780E-3	1.360968E-8	1.211013E-8	4.765897E-9	7.898977E-9	1.000000E+0	
8.067970E+4	1.995000E+2	2.971615E+0	5.666150E+0	6.167542E+1	2.230780E-3	-1.122004E-6	1.120739E-8	4.842036E-7	1.055390E-8	1.000000E+0	
8.069462E+4	1.995100E+2	4.952692E+0	5.666150E+0	6.167542E+1	2.230780E-3	-5.222036E-6	9.811572E-9	2.140786E-6	5.436055E-9	1.000000E+0	
8.070955E+4	1.995100E+2	6.438499E+0	5.666150E+0	6.167542E+1	2.230780E-3	-1.153439E-5	1.954316E-8	4.775574E-6	1.916136E-8	1.000000E+0	
8.072451E+4	1.995100E+2	7.924306E+0	5.666150E+0	6.167542E+1	2.230780E-3	-2.145829E-5	1.787145E-8	8.979147E-6	3.161421E-8	1.000000E+0	
8.074484E+4	1.995100E+2	9.905383E-2	4.768560E+0	6.167542E+1	2.230780E-3	2.712409E-8	4.573861E-9	-4.911873E-8	4.618837E-9	1.000000E+0	
8.076146E+4	1.995100E+2	2.971615E+0	4.768560E+0	6.167542E+1	2.230780E-3	-1.143301E-6	2.596109E-8	5.305662E-7	2.766612E-8	1.000000E+0	
8.077809E+4	1.995000E+2	4.952692E+0	4.768560E+0	6.167542E+1	2.230780E-3	-5.430689E-6	1.046271E-8	2.145016E-6	1.751640E-9	1.000000E+0	
8.079470E+4	1.995000E+2	6.438499E+0	4.768560E+0	6.167542E+1	2.230780E-3	-1.205818E-5	7.107436E-9	4.859289E-6	1.046315E-8	1.000000E+0	
8.081134E+4	1.995000E+2	7.924306E+0	4.768560E+0	6.167542E+1	2.230780E-3	-2.248841E-5	6.403949E-9	8.974262E-6	7.103706E-9	1.000000E+0	
8.083610E+4	1.995000E+2	9.905383E-2	4.013160E+0	6.167542E+1	2.230780E-3	4.283529E-8	1.258719E-8	-3.503050E-8	4.452622E-9	1.000000E+0	
8.085478E+4	1.995000E+2	2.971615E+0	4.013160E+0	6.167542E+1	2.230780E-3	-1.110525E-6	1.522182E-8	3.101419E-7	2.480652E-8	1.000000E+0	
8.087344E+4	1.995000E+2	4.952692E+0	4.013160E+0	6.167542E+1	2.230780E-3	-5.670652E-6	7.815258E-9	2.167332E-6	1.981344E-8	1.000000E+0	
8.089212E+4	1.995000E+2	6.438499E+0	4.013160E+0	6.167542E+1	2.230780E-3	-1.262748E-5	9.943396E-9	4.819096E-6	2.237496E-8	1.000000E+0	
8.091082E+4	1.995000E+2	7.924306E+0	4.013160E+0	6.167542E+1	2.230780E-3	-2.351796E-5	5.505740E-9	8.940506E-6	4.634993E-9	1.000000E+0	
8.093826E+4	1.995000E+2	9.905383E-2	3.377430E+0	6.167542E+1	2.230780E-3	-1.987077E-8	1.233418E-8	-3.981162E-8	4.286827E-9	1.000000E+0	
8.095933E+4	1.995000E+2	2.971615E+0	3.377430E+0	6.167542E+1	2.230780E-3	-1.296198E-6	4.458356E-9	4.817922E-7	5.571759E-9	1.000000E+0	
8.098040E+4	1.995000E+2	4.952692E+0	3.377430E+0	6.167542E+1	2.230780E-3	-5.978687E-6	3.897371E-9	2.139153E-6	3.625799E-9	1.000000E+0	
8.100146E+4	1.995000E+2	6.438499E+0	3.377430E+0	6.167542E+1	2.230780E-3	-1.315512E-5	6.597351E-9	4.812850E-6	3.711641E-9	1.000000E+0	
8.102253E+4	1.995000E+2	7.924306E+0	3.377430E+0	6.167542E+1	2.230780E-3	-2.451839E-5	9.612946E-9	8.961224E-6	2.124381E-9	1.000000E+0	
8.105319E+4	1.995000E+2	9.905383E-2	2.842400E+0	6.167542E+1	2.230780E-3	-3.030101E-8	2.687106E-9	5.702892E-9	1.795731E-8	1.000000E+0	
8.107717E+4	1.995000E+2	2.971615E+0	2.842400E+0	6.167542E+1	2.230780E-3	-1.292540E-6	1.320298E-9	4.347106E-7	1.333359E-9	1.000000E+0	
8.110120E+4	1.995000E+2	4.952692E+0	2.842400E+0	6.167542E+1	2.230780E-3	-6.110009E-6	6.291334E-9	1.926463E-6	1.890671E-8	1.000000E+0	
8.112515E+4	1.995000E+2	6.438499E+0	2.842400E+0	6.167542E+1	2.230780E-3	-1.368542E-5	9.778029E-9	4.757759E-6	7.277951E-8	1.000000E+0	
8.114912E+4	1.995000E+2	7.924306E+0	2.842400E+0	6.167542E+1	2.230780E-3	-2.544793E-5	2.647698E-9	8.949633E-6	1.965893E-9	1.000000E+0	
8.118473E+4	1.995000E+2	9.905383E-2	2.392130E+0	6.167542E+1	2.230780E-3	-1.185604E-7	4.318934E-8	8.369584E-8	3.633515E-8	1.000000E+0	
8.121202E+4	1.995000E+2	2.971615E+0	2.392130E+0	6.167542E+1	2.230780E-3	-1.375893E-6	7.077863E-9	4.752779E-7	5.006289E-9	1.000000E+0	
8.123940E+4	1.995000E+2	4.952692E+0	2.392130E+0	6.167542E+1	2.230780E-3	-6.420277E-6	1.526070E-8	2.186189E-6	6.607178E-9	1.000000E+0	
8.126667E+4	1.995000E+2	6.438499E+0	2.392130E+0	6.167542E+1	2.230780E-3	-1.418325E-5	3.262082E-9	4.825914E-6	3.539697E-9	1.000000E+0	
8.129403E+4	1.995000E+2	7.924306E+0	2.392130E+0	6.167542E+1	2.230780E-3	-2.644380E-5	1.914344E-9	8.961587E-6	6.423227E-9	1.000000E+0	
8.133541E+4	1.995000E+2	9.905383E-2	2.013180E+0	6.167542E+1	2.230780E-3	-6.024904E-9	4.528164E-9	-3.300857E-8	2.101115E-9	1.000000E+0	
8.136682E+4	1.995000E+2	2.971615E+0	2.013180E+0	6.167542E+1	2.230780E-3	-1.459918E-6	2.331026E-8	4.871290E-7	3.575629E-9	1.000000E+0	
8.139818E+4	1.995000E+2	4.952692E+0	2.013180E+0	6.167542E+1	2.230780E-3	-6.698807E-6	3.329319E-9	2.010339E-6	2.021839E-8	1.000000E+0	
8.142959E+4	1.995000E+2	6.438499E+0	2.013180E+0	6.167542E+1	2.230780E-3	-1.472112E-5	7.092622E-10	4.767804E-6	1.197726E-9	1.000000E+0	
8.146102E+4	1.995000E+2	7.924306E+0	2.013180E+0	6.167542E+1	2.230780E-3	-2.746805E-5	1.702818E-8	8.930262E-6	1.121063E-8	1.000000E+0	
8.150891E+4	1.995000E+2	9.905383E-2	1.694270E+0	6.167542E+1	2.230780E-3	-5.295663E-10	1.875140E-9	-5.098849E-8	1.830005E-8	1.000000E+0	
8.154516E+4	1.995000E+2	2.971615E+0	1.694270E+0	6.167542E+1	2.230780E-3	-1.486651E-6	5.791410E-9	4.592499E-7	1.124239E-8	1.000000E+0	
8.158143E+4	1.995000E+2	4.952692E+0	1.694270E+0	6.167542E+1	2.230780E-3	-6.890159E-6	1.284447E-9	2.165997E-6	1.611516E-9	1.000000E+0	
8.161762E+4	1.995000E+2	6.438499E+0	1.694270E+0	6.167542E+1	2.230780E-3	-1.531217E-5	2.920472E-9	4.794735E-6	1.294685E-8	1.000000E+0	
8.165378E+4	1.995000E+2	7.924306E+0	1.694270E+0	6.167542E+1	2.230780E-3	-2.845285E-5	4.643257E-9	8.740722E-6	3.892803E-8	1.000000E+0	
8.170927E+4	1.995000E+2	9.905383E-2	1.425880E+0	6.167542E+1	2.230780E-3	-6.790319E-8	2.574667E-8	3.990945E-7	5.355853E-9	1.000000E+0	
8.175120E+4	1.995000E+2	2.971615E+0	1.425880E+0	6.167542E+1	2.230780E-3	-1.379305E-6	8.224263E-9	2.798569E-7	4.100319E-9	1.000000E+0	
8.179307E+4	1.995000E+2	4.952692E+0	1.425880E+0	6.167542E+1	2.230780E-3	-7.530630E-6	1.102523E-7	2.098777E-6	1.830871E-8	1.000000E+0	
8.183501E+4	1.995000E+2	6.438499E+0	1.425880E+0	6.167542E+1	2.230780E-3	-1.573679E-5	4.183910E-8	4.838158E-6	4.101751E-8	1.000000E+0	
8.187692E+4	1.995000E+2	7.924306E+0	1.425880E+0	6.167542E+1	2.230780E-3	-2.958648E-5	1.675070E-8	9.031602E-6	1.141403E-8	1.000000E+0	
8.194050E+4	1.995000E+2	9.905383E-2	1.200000E+0	6.167542E+1	2.230780E-3	1.657664E-8	8.611631E-9	-4.696915E-8	3.858608E-9	1.000000E+0	
8.198921E+4	1.995000E+2	2.971615E+0	1.200000E+0	6.167542E+1	2.230780E-3	-1.551347E-6	2.679297E-9	3.689010E-7	1.947709E-9	1.000000E+0	
8.203798E+4	1.995000E+2	4.952692E+0	1.200000E+0	6.167542E+1	2.230780E-3	-7.270004E-6	3.076942E-9	2.039661E-6	3.501566E-9	1.000000E+0	
8.208670E+4	1.995000E+2	6.438499E+0	1.200000E+0	6.167542E+1	2.230780E-3	-1.612781E-5	3.081227E-9	4.630856E-6	5.482341E-9	1.000000E+0	
8.213542E+4	1.995000E+2	7.924306E+0	1.200000E+0	6.167542E+1	2.230780E-3	-3.020315E-5	6.948484E-9	8.627935E-6	1.414864E-8	1.000000E+0	
--- > K and esd K (estimated based on user TCR) : -6.926760E+0	-4.593832E-2	

*** Temperature stable /K : 2.044600000E+2
--- > R0 : 6.197879E+1	6.197932E+1	6.197883E+1	6.197852E+1	6.197516E+1	6.197617E+1	6.197554E+1	6.198113E+1	6.198109E+1	6.197830E+1	6.197598E+1	6.197582E+1	
time /sec  	temp /K    	current /mA	freq /Hz   	R0 /Ohms   	esd R0     	V3X /V_rms 	esd V3X    	V3Y /V_rms 	esd V3Y    	Data_Valid?
8.241078E+4	2.044400E+2	9.905367E-2	8.000000E+0	6.197789E+1	2.109726E-3	-7.786919E-10	2.202696E-8	-8.146283E-9	7.032065E-9	1.000000E+0	
8.242308E+4	2.044400E+2	2.971610E+0	8.000000E+0	6.197789E+1	2.109726E-3	-9.965687E-7	1.321109E-8	4.823331E-7	1.643460E-8	1.000000E+0	
8.243539E+4	2.044400E+2	4.952683E+0	8.000000E+0	6.197789E+1	2.109726E-3	-4.648509E-6	1.247262E-8	2.115266E-6	8.580425E-9	1.000000E+0	
8.244772E+4	2.044500E+2	6.438488E+0	8.000000E+0	6.197789E+1	2.109726E-3	-1.032991E-5	4.028665E-8	4.721364E-6	2.508190E-8	1.000000E+0	
8.246001E+4	2.044500E+2	7.924293E+0	8.000000E+0	6.197789E+1	2.109726E-3	-1.931704E-5	1.529433E-8	8.843171E-6	1.632084E-8	1.000000E+0	
8.247670E+4	2.044700E+2	9.905367E-2	6.732700E+0	6.197789E+1	2.109726E-3	-5.588175E-9	2.129421E-8	1.423393E-8	3.280752E-9	1.000000E+0	
8.249017E+4	2.044700E+2	2.971610E+0	6.732700E+0	6.197789E+1	2.109726E-3	-1.027768E-6	8.706129E-9	4.574048E-7	7.352747E-9	1.000000E+0	
8.250366E+4	2.044800E+2	4.952683E+0	6.732700E+0	6.197789E+1	2.109726E-3	-4.886968E-6	6.295138E-9	2.140325E-6	1.063726E-8	1.000000E+0	
8.251710E+4	2.044900E+2	6.438488E+0	6.732700E+0	6.197789E+1	2.109726E-3	-1.095359E-5	5.287795E-9	4.784994E-6	1.534879E-9	1.000000E+0	
8.253060E+4	2.044900E+2	7.924293E+0	6.732700E+0	6.197789E+1	2.109726E-3	-2.035141E-5	8.161375E-9	8.850666E-6	1.139468E-8	1.000000E+0	
8.254893E+4	2.045000E+2	9.905367E-2	5.666150E+0	6.197789E+1	2.109726E-3	2.218051E-8	7.411662E-9	1.076987E-7	4.625253E-8	1.000000E+0	
8.256384E+4	2.045000E+2	2.971610E+0	5.666150E+0	6.197789E+1	2.109726E-3	-1.104998E-6	1.552548E-9	5.593334E-7	3.264108E-8	1.000000E+0	
8.257878E+4	2.045000E+2	4.952683E+0	5.666150E+0	6.197789E+1	2.109726E-3	-5.149322E-6	1.080499E-8	2.155266E-6	1.669390E-8	1.000000E+0	
8.259370E+4	2.045100E+2	6.438488E+0	5.666150E+0	6.197789E+1	2.109726E-3	-1.146242E-5	9.938423E-9	4.801635E-6	1.268696E-8	1.000000E+0	
8.260862E+4	2.045100E+2	7.924293E+0	5.666150E+0	6.197789E+1	2.109726E-3	-2.134443E-5	1.192257E-8	8.932230E-6	1.370737E-8	1.000000E+0	
8.262896E+4	2.045100E+2	9.905367E-2	4.768560E+0	6.197789E+1	2.109726E-3	6.911242E-9	2.422585E-9	-2.619344E-8	8.160296E-9	1.000000E+0	
8.264550E+4	2.045100E+2	2.971610E+0	4.768560E+0	6.197789E+1	2.109726E-3	-1.190002E-6	1.381564E-8	5.063393E-7	2.875564E-8	1.000000E+0	
8.266212E+4	2.045100E+2	4.952683E+0	4.768560E+0	6.197789E+1	2.109726E-3	-5.399147E-6	2.203798E-9	2.138291E-6	2.694511E-9	1.000000E+0	
8.267875E+4	2.045000E+2	6.438488E+0	4.768560E+0	6.197789E+1	2.109726E-3	-1.198378E-5	1.307346E-8	4.810713E-6	2.507193E-8	1.000000E+0	
8.269540E+4	2.045000E+2	7.924293E+0	4.768560E+0	6.197789E+1	2.109726E-3	-2.238241E-5	9.055599E-9	8.881962E-6	1.825396E-8	1.000000E+0	
8.271997E+4	2.045000E+2	9.905367E-2	4.013160E+0	6.197789E+1	2.109726E-3	-1.803838E-8	5.777956E-9	1.322287E-8	2.662792E-9	1.000000E+0	
8.273859E+4	2.045000E+2	2.971610E+0	4.013160E+0	6.197789E+1	2.109726E-3	-1.231967E-6	1.670834E-8	4.144900E-7	7.830173E-9	1.000000E+0	
8.275716E+4	2.045000E+2	4.952683E+0	4.013160E+0	6.197789E+1	2.109726E-3	-5.594735E-6	2.556304E-8	2.202647E-6	2.805784E-8	1.000000E+0	
8.277581E+4	2.045000E+2	6.438488E+0	4.013160E+0	6.197789E+1	2.109726E-3	-1.257270E-5	1.883648E-8	4.844605E-6	1.270599E-8	1.000000E+0	
8.279445E+4	2.045000E+2	7.924293E+0	4.013160E+0	6.197789E+1	2.109726E-3	-2.332628E-5	4.831243E-8	8.818723E-6	5.095228E-8	1.000000E+0	
8.282263E+4	2.045000E+2	9.905367E-2	3.377430E+0	6.197789E+1	2.109726E-3	4.205271E-9	1.451265E-9	-2.782587E-8	8.126015E-9	1.000000E+0	
8.284371E+4	2.045000E+2	2.971610E+0	3.377430E+0	6.197789E+1	2.109726E-3	-1.311865E-6	6.793019E-9	4.861091E-7	8.845589E-9	1.000000E+0	
8.286475E+4	2.045000E+2	4.952683E+0	3.377430E+0	6.197789E+1	2.109726E-3	-5.912938E-6	4.705107E-9	2.138113E-6	6.837422E-9	1.000000E+0	
8.288580E+4	2.045000E+2	6.438488E+0	3.377430E+0	6.197789E+1	2.109726E-3	-1.299864E-5	9.640499E-9	4.805489E-6	2.468071E-9	1.000000E+0	
8.290695E+4	2.045000E+2	7.924293E+0	3.377430E+0	6.197789E+1	2.109726E-3	-2.426259E-5	5.344801E-9	8.942189E-6	5.539809E-9	1.000000E+0	
8.293801E+4	2.045000E+2	9.905367E-2	2.842400E+0	6.197789E+1	2.109726E-3	5.342742E-9	1.068132E-9	-1.215295E-8	7.936533E-9	1.000000E+0	
8.296199E+4	2.045000E+2	2.971610E+0	2.842400E+0	6.197789E+1	2.109726E-3	-1.346353E-6	1.069315E-8	3.912669E-7	5.718856E-9	1.000000E+0	
8.298594E+4	2.045000E+2	4.952683E+0	2.842400E+0	6.197789E+1	2.109726E-3	-6.114106E-6	1.313900E-8	2.174091E-6	2.314023E-8	1.000000E+0	
8.300992E+4	2.045000E+2	6.438488E+0	2.842400E+0	6.197789E+1	2.109726E-3	-1.359478E-5	1.876148E-8	4.781238E-6	3.691517E-9	1.000000E+0	
8.303391E+4	2.045000E+2	7.924293E+0	2.842400E+0	6.197789E+1	2.109726E-3	-2.534005E-5	5.510851E-9	8.940003E-6	3.070495E-9	1.000000E+0	
8.306946E+4	2.045000E+2	9.905367E-2	2.392130E+0	6.197789E+1	2.109726E-3	-2.905288E-8	1.398583E-9	9.930273E-9	3.335607E-9	1.000000E+0	
8.309680E+4	2.045100E+2	2.971610E+0	2.392130E+0	6.197789E+1	2.109726E-3	-1.310362E-6	1.181330E-8	4.678356E-7	5.893211E-9	1.000000E+0	
8.312409E+4	2.045000E+2	4.952683E+0	2.392130E+0	6.197789E+1	2.109726E-3	-6.368821E-6	3.660589E-9	2.193809E-6	9.580204E-9	1.000000E+0	
8.315145E+4	2.045000E+2	6.438488E+0	2.392130E+0	6.197789E+1	2.109726E-3	-1.412896E-5	4.295368E-9	4.856103E-6	3.638922E-9	1.000000E+0	
8.317875E+4	2.045000E+2	7.924293E+0	2.392130E+0	6.197789E+1	2.109726E-3	-2.606046E-5	4.257337E-8	9.151985E-6	3.092440E-8	1.000000E+0	
8.321970E+4	2.045000E+2	9.905367E-2	2.013180E+0	6.197789E+1	2.109726E-3	-1.311931E-7	3.927327E-8	2.657227E-8	1.134634E-9	1.000000E+0	
8.325112E+4	2.045000E+2	2.971610E+0	2.013180E+0	6.197789E+1	2.109726E-3	-1.441807E-6	6.043325E-9	4.654368E-7	8.548698E-9	1.000000E+0	
8.328255E+4	2.045000E+2	4.952683E+0	2.013180E+0	6.197789E+1	2.109726E-3	-6.696742E-6	1.226648E-8	2.089724E-6	2.439684E-8	1.000000E+0	
8.331397E+4	2.045000E+2	6.438488E+0	2.013180E+0	6.197789E+1	2.109726E-3	-1.464867E-5	3.089330E-9	4.766635E-6	3.167578E-9	1.000000E+0	
8.334537E+4	2.045000E+2	7.924293E+0	2.013180E+0	6.197789E+1	2.109726E-3	-2.725877E-5	2.173360E-9	8.918987E-6	4.144199E-9	1.000000E+0	
8.339294E+4	2.045000E+2	9.905367E-2	1.694270E+0	6.197789E+1	2.109726E-3	2.380004E-8	2.484266E-9	4.361168E-8	5.724714E-9	1.000000E+0	
8.342915E+4	2.045000E+2	2.971610E+0	1.694270E+0	6.197789E+1	2.109726E-3	-1.503012E-6	9.090866E-9	4.757459E-7	6.453407E-9	1.000000E+0	
8.346530E+4	2.045000E+2	4.952683E+0	1.694270E+0	6.197789E+1	2.109726E-3	-6.831554E-6	2.746494E-9	2.181493E-6	1.101459E-9	1.000000E+0	
8.350146E+4	2.045000E+2	6.438488E+0	1.694270E+0	6.197789E+1	2.109726E-3	-1.504211E-5	4.705906E-8	4.788616E-6	2.978559E-8	1.000000E+0	
8.353765E+4	2.045000E+2	7.924293E+0	1.694270E+0	6.197789E+1	2.109726E-3	-2.821228E-5	5.164351E-10	8.954949E-6	3.146288E-9	1.000000E+0	
8.359297E+4	2.045000E+2	9.905367E-2	1.425880E+0	6.197789E+1	2.109726E-3	-2.652492E-8	9.023803E-10	-3.621685E-8	4.203847E-9	1.000000E+0	
8.363490E+4	2.045000E+2	2.971610E+0	1.425880E+0	6.197789E+1	2.109726E-3	-1.532774E-6	6.013436E-9	4.591547E-7	1.926543E-9	1.000000E+0	
8.367682E+4	2.045000E+2	4.952683E+0	1.425880E+0	6.197789E+1	2.109726E-3	-7.038396E-6	7.767761E-10	1.979869E-6	3.599354E-9	1.000000E+0	
8.371873E+4	2.045000E+2	6.438488E+0	1.425880E+0	6.197789E+1	2.109726E-3	-1.566658E-5	1.105167E-9	4.703633E-6	7.876674E-9	1.000000E+0	
8.376068E+4	2.045000E+2	7.924293E+0	1.425880E+0	6.197789E+1	2.109726E-3	-2.937717E-5	7.490936E-9	8.738719E-6	1.585154E-8	1.000000E+0	
8.382293E+4	2.045000E+2	9.905367E-2	1.200000E+0	6.197789E+1	2.109726E-3	3.191286E-8	2.796725E-9	-3.290365E-8	1.652799E-8	1.000000E+0	
8.387164E+4	2.045000E+2	2.971610E+0	1.200000E+0	6.197789E+1	2.109726E-3	-1.507512E-6	6.224660E-9	3.914136E-7	9.450140E-10	1.000000E+0	
8.392040E+4	2.045000E+2	4.952683E+0	1.200000E+0	6.197789E+1	2.109726E-3	-7.270054E-6	2.268677E-9	2.032836E-6	3.534246E-9	1.000000E+0	
8.396914E+4	2.045000E+2	6.438488E+0	1.200000E+0	6.197789E+1	2.109726E-3	-1.610989E-5	1.909007E-9	4.655959E-6	1.776243E-9	1.000000E+0	
8.401791E+4	2.044900E+2	7.924293E+0	1.200000E+0	6.197789E+1	2.109726E-3	-2.994468E-5	7.002090E-9	8.193023E-6	1.864316E-8	1.000000E+0	
--- > K and esd K (estimated based on user TCR) : -7.071986E+0	-3.988392E-2	

*** Temperature stable /K : 2.094600000E+2
--- > R0 : 6.217499E+1	6.217366E+1	6.217635E+1	6.218029E+1	6.217987E+1	6.217566E+1	6.217334E+1	6.217504E+1	6.217682E+1	6.217992E+1	6.217878E+1	6.217801E+1	
time /sec  	temp /K    	current /mA	freq /Hz   	R0 /Ohms   	esd R0     	V3X /V_rms 	esd V3X    	V3Y /V_rms 	esd V3Y    	Data_Valid?
8.429254E+4	2.094400E+2	9.905352E-2	8.000000E+0	6.217690E+1	2.455857E-3	1.411622E-8	1.045206E-8	-6.136155E-9	3.470148E-9	1.000000E+0	
8.430484E+4	2.094400E+2	2.971606E+0	8.000000E+0	6.217690E+1	2.455857E-3	-1.033537E-6	2.507915E-8	4.827111E-7	3.688750E-8	1.000000E+0	
8.431709E+4	2.094400E+2	4.952676E+0	8.000000E+0	6.217690E+1	2.455857E-3	-4.601241E-6	9.080059E-9	2.106700E-6	1.980488E-8	1.000000E+0	
8.432937E+4	2.094500E+2	6.438479E+0	8.000000E+0	6.217690E+1	2.455857E-3	-1.024070E-5	1.330653E-8	4.656409E-6	3.305142E-8	1.000000E+0	
8.434167E+4	2.094500E+2	7.924282E+0	8.000000E+0	6.217690E+1	2.455857E-3	-1.910295E-5	8.821628E-9	8.783672E-6	1.133099E-8	1.000000E+0	
8.435841E+4	2.094700E+2	9.905352E-2	6.732700E+0	6.217690E+1	2.455857E-3	-2.844598E-8	1.519102E-8	4.078055E-9	2.191341E-8	1.000000E+0	
8.437184E+4	2.094700E+2	2.971606E+0	6.732700E+0	6.217690E+1	2.455857E-3	-1.031190E-6	2.347968E-8	4.969930E-7	9.874627E-9	1.000000E+0	
8.438527E+4	2.094800E+2	4.952676E+0	6.732700E+0	6.217690E+1	2.455857E-3	-4.869121E-6	9.840778E-9	2.167351E-6	1.143154E-8	1.000000E+0	
8.439874E+4	2.094900E+2	6.438479E+0	6.732700E+0	6.217690E+1	2.455857E-3	-1.078565E-5	1.304067E-8	4.733746E-6	3.959144E-9	1.000000E+0	
8.441221E+4	2.094900E+2	7.924282E+0	6.732700E+0	6.217690E+1	2.455857E-3	-2.013241E-5	1.886640E-8	8.842806E-6	4.789188E-9	1.000000E+0	
8.443052E+4	2.095000E+2	9.905352E-2	5.666150E+0	6.217690E+1	2.455857E-3	-5.255929E-9	7.579122E-9	1.970893E-9	7.873526E-9	1.000000E+0	
8.444545E+4	2.095000E+2	2.971606E+0	5.666150E+0	6.217690E+1	2.455857E-3	-1.112181E-6	1.160234E-8	4.787272E-7	1.217413E-8	1.000000E+0	
8.446033E+4	2.095000E+2	4.952676E+0	5.666150E+0	6.217690E+1	2.455857E-3	-5.123957E-6	1.217083E-8	2.130367E-6	2.523741E-9	1.000000E+0	
8.447528E+4	2.095000E+2	6.438479E+0	5.666150E+0	6.217690E+1	2.455857E-3	-1.133158E-5	1.483086E-8	4.762137E-6	8.798334E-9	1.000000E+0	
8.449020E+4	2.095000E+2	7.924282E+0	5.666150E+0	6.217690E+1	2.455857E-3	-2.107232E-5	1.135570E-8	8.845268E-6	7.472368E-9	1.000000E+0	
8.451035E+4	2.095000E+2	9.905352E-2	4.768560E+0	6.217690E+1	2.455857E-3	-7.288500E-9	5.868014E-9	-2.961962E-8	3.600477E-9	1.000000E+0	
8.452698E+4	2.095000E+2	2.971606E+0	4.768560E+0	6.217690E+1	2.455857E-3	-1.145204E-6	4.433534E-9	4.513525E-7	1.149291E-8	1.000000E+0	
8.454357E+4	2.095000E+2	4.952676E+0	4.768560E+0	6.217690E+1	2.455857E-3	-5.351759E-6	1.281805E-8	2.144978E-6	3.701489E-8	1.000000E+0	
8.456023E+4	2.095000E+2	6.438479E+0	4.768560E+0	6.217690E+1	2.455857E-3	-1.189089E-5	6.786717E-9	4.732644E-6	1.743639E-8	1.000000E+0	
8.457687E+4	2.095000E+2	7.924282E+0	4.768560E+0	6.217690E+1	2.455857E-3	-2.211118E-5	1.234903E-8	8.870751E-6	6.685028E-9	1.000000E+0	
8.460130E+4	2.095000E+2	9.905352E-2	4.013160E+0	6.217690E+1	2.455857E-3	6.387088E-9	6.002842E-9	-2.680251E-8	9.839712E-9	1.000000E+0	
8.462000E+4	2.095000E+2	2.971606E+0	4.013160E+0	6.217690E+1	2.455857E-3	-1.178170E-6	3.253520E-9	4.373000E-7	4.367108E-9	1.000000E+0	
8.463863E+4	2.095000E+2	4.952676E+0	4.013160E+0	6.217690E+1	2.455857E-3	-5.604781E-6	6.261831E-9	2.153365E-6	4.148373E-9	1.000000E+0	
8.465731E+4	2.095000E+2	6.438479E+0	4.013160E+0	6.217690E+1	2.455857E-3	-1.240744E-5	9.961100E-9	4.786081E-6	1.470655E-8	1.000000E+0	
8.467595E+4	2.095000E+2	7.924282E+0	4.013160E+0	6.217690E+1	2.455857E-3	-2.310666E-5	3.516049E-9	8.932198E-6	9.623353E-9	1.000000E+0	
8.470308E+4	2.095000E+2	9.905352E-2	3.377430E+0	6.217690E+1	2.455857E-3	-2.547625E-8	8.897456E-9	-3.100077E-8	6.512587E-9	1.000000E+0	
8.472416E+4	2.095000E+2	2.971606E+0	3.377430E+0	6.217690E+1	2.455857E-3	-1.247919E-6	1.115204E-9	4.743227E-7	3.506387E-9	1.000000E+0	
8.474526E+4	2.095000E+2	4.952676E+0	3.377430E+0	6.217690E+1	2.455857E-3	-5.818504E-6	6.030788E-9	2.153643E-6	1.415172E-9	1.000000E+0	
8.476638E+4	2.095000E+2	6.438479E+0	3.377430E+0	6.217690E+1	2.455857E-3	-1.295087E-5	3.717806E-9	4.813895E-6	2.515391E-9	1.000000E+0	
8.478745E+4	2.095000E+2	7.924282E+0	3.377430E+0	6.217690E+1	2.455857E-3	-2.414909E-5	1.075827E-8	8.957359E-6	8.218169E-9	1.000000E+0	
8.481981E+4	2.095000E+2	9.905352E-2	2.842400E+0	6.217690E+1	2.455857E-3	-1.824742E-10	8.600368E-9	1.718756E-8	8.875845E-9	1.000000E+0	
8.484376E+4	2.095000E+2	2.971606E+0	2.842400E+0	6.217690E+1	2.455857E-3	-1.376746E-6	2.669746E-8	4.579537E-7	4.224996E-8	1.000000E+0	
8.486770E+4	2.095000E+2	4.952676E+0	2.842400E+0	6.217690E+1	2.455857E-3	-6.034286E-6	1.282223E-9	2.193361E-6	5.789745E-9	1.000000E+0	
8.489161E+4	2.095000E+2	6.438479E+0	2.842400E+0	6.217690E+1	2.455857E-3	-1.351040E-5	6.628750E-9	4.822783E-6	3.392952E-9	1.000000E+0	
8.491555E+4	2.095000E+2	7.924282E+0	2.842400E+0	6.217690E+1	2.455857E-3	-2.507568E-5	4.376475E-9	8.949766E-6	6.303850E-9	1.000000E+0	
8.495112E+4	2.095000E+2	9.905352E-2	2.392130E+0	6.217690E+1	2.455857E-3	-1.399681E-8	5.459730E-9	1.286793E-8	1.583627E-9	1.000000E+0	
8.497847E+4	2.095000E+2	2.971606E+0	2.392130E+0	6.217690E+1	2.455857E-3	-1.406867E-6	1.036488E-8	2.498690E-7	3.831408E-8	1.000000E+0	
8.500577E+4	2.095000E+2	4.952676E+0	2.392130E+0	6.217690E+1	2.455857E-3	-6.340500E-6	6.202281E-9	2.130345E-6	2.632191E-9	1.000000E+0	
8.503312E+4	2.095000E+2	6.438479E+0	2.392130E+0	6.217690E+1	2.455857E-3	-1.402640E-5	3.200194E-9	4.781685E-6	6.347028E-9	1.000000E+0	
8.506045E+4	2.095000E+2	7.924282E+0	2.392130E+0	6.217690E+1	2.455857E-3	-2.614142E-5	9.777031E-9	9.106544E-6	2.975729E-8	1.000000E+0	
8.510158E+4	2.095000E+2	9.905352E-2	2.013180E+0	6.217690E+1	2.455857E-3	5.325246E-8	1.133869E-8	-3.069390E-8	1.152076E-8	1.000000E+0	
8.513298E+4	2.095000E+2	2.971606E+0	2.013180E+0	6.217690E+1	2.455857E-3	-1.405582E-6	2.824723E-9	4.483522E-7	4.225325E-9	1.000000E+0	
8.516441E+4	2.095000E+2	4.952676E+0	2.013180E+0	6.217690E+1	2.455857E-3	-6.568694E-6	3.700600E-9	2.168764E-6	7.108458E-9	1.000000E+0	
8.519587E+4	2.095000E+2	6.438479E+0	2.013180E+0	6.217690E+1	2.455857E-3	-1.452792E-5	5.459671E-9	4.809564E-6	4.867138E-9	1.000000E+0	
8.522730E+4	2.095000E+2	7.924282E+0	2.013180E+0	6.217690E+1	2.455857E-3	-2.709656E-5	9.337255E-9	8.981124E-6	3.029983E-9	1.000000E+0	
8.527480E+4	2.095000E+2	9.905352E-2	1.694270E+0	6.217690E+1	2.455857E-3	9.727853E-8	2.742824E-8	-8.296500E-8	2.377346E-8	1.000000E+0	
8.531105E+4	2.095000E+2	2.971606E+0	1.694270E+0	6.217690E+1	2.455857E-3	-1.456573E-6	3.253212E-9	4.654711E-7	1.671869E-10	1.000000E+0	
8.534718E+4	2.095000E+2	4.952676E+0	1.694270E+0	6.217690E+1	2.455857E-3	-6.790893E-6	3.072609E-8	2.127759E-6	2.149771E-8	1.000000E+0	
8.538336E+4	2.095000E+2	6.438479E+0	1.694270E+0	6.217690E+1	2.455857E-3	-1.509411E-5	4.987920E-9	4.808156E-6	7.692047E-10	1.000000E+0	
8.541955E+4	2.095000E+2	7.924282E+0	1.694270E+0	6.217690E+1	2.455857E-3	-2.802995E-5	7.939765E-9	8.770521E-6	1.949134E-8	1.000000E+0	
8.547501E+4	2.095000E+2	9.905352E-2	1.425880E+0	6.217690E+1	2.455857E-3	6.096099E-8	1.755694E-8	-2.099719E-7	2.094176E-8	1.000000E+0	
8.551695E+4	2.095000E+2	2.971606E+0	1.425880E+0	6.217690E+1	2.455857E-3	-1.469490E-6	2.298291E-8	4.902254E-7	2.599730E-8	1.000000E+0	
8.555889E+4	2.095000E+2	4.952676E+0	1.425880E+0	6.217690E+1	2.455857E-3	-7.088325E-6	1.646877E-8	2.051378E-6	8.981557E-9	1.000000E+0	
8.560079E+4	2.095000E+2	6.438479E+0	1.425880E+0	6.217690E+1	2.455857E-3	-1.552705E-5	1.742957E-9	4.775657E-6	1.789255E-9	1.000000E+0	
8.564270E+4	2.095000E+2	7.924282E+0	1.425880E+0	6.217690E+1	2.455857E-3	-2.896854E-5	9.177916E-10	8.861997E-6	1.812243E-9	1.000000E+0	
8.570525E+4	2.095000E+2	9.905352E-2	1.200000E+0	6.217690E+1	2.455857E-3	-3.135580E-9	8.095168E-9	4.441577E-8	6.029062E-9	1.000000E+0	
8.575400E+4	2.095000E+2	2.971606E+0	1.200000E+0	6.217690E+1	2.455857E-3	-1.535827E-6	4.590750E-9	3.744464E-7	4.185777E-9	1.000000E+0	
8.580270E+4	2.095000E+2	4.952676E+0	1.200000E+0	6.217690E+1	2.455857E-3	-7.211850E-6	2.517313E-8	1.924351E-6	1.741564E-8	1.000000E+0	
8.585143E+4	2.095000E+2	6.438479E+0	1.200000E+0	6.217690E+1	2.455857E-3	-1.600760E-5	2.618240E-8	4.668453E-6	5.036509E-9	1.000000E+0	
8.590010E+4	2.095000E+2	7.924282E+0	1.200000E+0	6.217690E+1	2.455857E-3	-2.971730E-5	1.992775E-8	8.658218E-6	1.015373E-8	1.000000E+0	
--- > K and esd K (estimated based on user TCR) : -7.137113E+0	-2.575307E-2	

*** Temperature stable /K : 2.144600000E+2
--- > R0 : 6.240904E+1	6.241112E+1	6.240987E+1	6.240446E+1	6.240367E+1	6.240495E+1	6.240850E+1	6.241186E+1	6.240832E+1	6.240545E+1	6.240318E+1	6.240278E+1	
time /sec  	temp /K    	current /mA	freq /Hz   	R0 /Ohms   	esd R0     	V3X /V_rms 	esd V3X    	V3Y /V_rms 	esd V3Y    	Data_Valid?
8.617487E+4	2.144400E+2	9.905340E-2	8.000000E+0	6.240693E+1	3.212084E-3	2.238575E-8	1.131397E-8	-2.620779E-8	1.121238E-8	1.000000E+0	
8.618717E+4	2.144400E+2	2.971602E+0	8.000000E+0	6.240693E+1	3.212084E-3	-1.002957E-6	2.874178E-9	4.520617E-7	1.995376E-8	1.000000E+0	
8.619946E+4	2.144400E+2	4.952670E+0	8.000000E+0	6.240693E+1	3.212084E-3	-4.584188E-6	1.225472E-8	2.042975E-6	3.048665E-8	1.000000E+0	
8.621176E+4	2.144500E+2	6.438471E+0	8.000000E+0	6.240693E+1	3.212084E-3	-1.014705E-5	7.331026E-9	4.718104E-6	2.357919E-8	1.000000E+0	
8.622407E+4	2.144600E+2	7.924272E+0	8.000000E+0	6.240693E+1	3.212084E-3	-1.890013E-5	8.621835E-9	8.698597E-6	1.061814E-8	1.000000E+0	
8.624095E+4	2.144700E+2	9.905340E-2	6.732700E+0	6.240693E+1	3.212084E-3	-4.686854E-9	5.795671E-9	-2.801878E-9	8.986109E-9	1.000000E+0	
8.625441E+4	2.144800E+2	2.971602E+0	6.732700E+0	6.240693E+1	3.212084E-3	-1.008301E-6	6.046093E-9	4.607907E-7	4.333829E-9	1.000000E+0	
8.626784E+4	2.144800E+2	4.952670E+0	6.732700E+0	6.240693E+1	3.212084E-3	-4.812234E-6	7.141010E-9	2.142174E-6	1.217445E-8	1.000000E+0	
8.628131E+4	2.144900E+2	6.438471E+0	6.732700E+0	6.240693E+1	3.212084E-3	-1.072472E-5	3.921763E-9	4.707258E-6	1.130489E-8	1.000000E+0	
8.629479E+4	2.145000E+2	7.924272E+0	6.732700E+0	6.240693E+1	3.212084E-3	-1.991779E-5	6.073678E-9	8.855515E-6	2.516573E-8	1.000000E+0	
8.631324E+4	2.145000E+2	9.905340E-2	5.666150E+0	6.240693E+1	3.212084E-3	-1.765354E-8	8.503380E-9	-3.428575E-8	2.611016E-8	1.000000E+0	
8.632813E+4	2.145100E+2	2.971602E+0	5.666150E+0	6.240693E+1	3.212084E-3	-1.066232E-6	6.957776E-9	4.189629E-7	8.526499E-9	1.000000E+0	
8.634305E+4	2.145100E+2	4.952670E+0	5.666150E+0	6.240693E+1	3.212084E-3	-5.075359E-6	4.366549E-9	2.120814E-6	5.848155E-9	1.000000E+0	
8.635802E+4	2.145100E+2	6.438471E+0	5.666150E+0	6.240693E+1	3.212084E-3	-1.122052E-5	6.580292E-9	4.726421E-6	6.122984E-9	1.000000E+0	
8.637297E+4	2.145100E+2	7.924272E+0	5.666150E+0	6.240693E+1	3.212084E-3	-2.095339E-5	5.156937E-9	8.815442E-6	1.330770E-8	1.000000E+0	
8.639323E+4	2.145100E+2	9.905340E-2	4.768560E+0	6.240693E+1	3.212084E-3	5.735668E-8	1.270053E-8	6.661055E-8	2.827822E-8	1.000000E+0	
8.640987E+4	2.145100E+2	2.971602E+0	4.768560E+0	6.240693E+1	3.212084E-3	-1.130574E-6	5.300602E-9	4.433012E-7	2.924235E-9	1.000000E+0	
8.642652E+4	2.145000E+2	4.952670E+0	4.768560E+0	6.240693E+1	3.212084E-3	-5.314335E-6	1.435873E-8	2.136953E-6	1.030651E-8	1.000000E+0	
8.644316E+4	2.145000E+2	6.438471E+0	4.768560E+0	6.240693E+1	3.212084E-3	-1.182483E-5	1.680560E-8	4.779711E-6	1.072303E-8	1.000000E+0	
8.645985E+4	2.145000E+2	7.924272E+0	4.768560E+0	6.240693E+1	3.212084E-3	-2.199909E-5	1.202117E-8	8.872187E-6	7.268202E-9	1.000000E+0	
8.648422E+4	2.145000E+2	9.905340E-2	4.013160E+0	6.240693E+1	3.212084E-3	3.870327E-9	7.961308E-9	-1.327284E-8	6.104787E-9	1.000000E+0	
8.650285E+4	2.145000E+2	2.971602E+0	4.013160E+0	6.240693E+1	3.212084E-3	-1.177332E-6	1.809235E-8	4.641610E-7	1.070745E-8	1.000000E+0	
8.652152E+4	2.145000E+2	4.952670E+0	4.013160E+0	6.240693E+1	3.212084E-3	-5.582632E-6	8.523505E-9	2.131673E-6	3.421476E-9	1.000000E+0	
8.654016E+4	2.145000E+2	6.438471E+0	4.013160E+0	6.240693E+1	3.212084E-3	-1.238336E-5	5.312707E-9	4.765050E-6	1.017629E-8	1.000000E+0	
8.655881E+4	2.145000E+2	7.924272E+0	4.013160E+0	6.240693E+1	3.212084E-3	-2.300852E-5	1.419073E-8	8.865647E-6	1.068703E-8	1.000000E+0	
8.658623E+4	2.145000E+2	9.905340E-2	3.377430E+0	6.240693E+1	3.212084E-3	-7.752839E-9	9.788991E-9	1.514062E-7	4.049503E-8	1.000000E+0	
8.660728E+4	2.145000E+2	2.971602E+0	3.377430E+0	6.240693E+1	3.212084E-3	-1.211434E-6	1.579976E-8	4.686238E-7	2.800568E-8	1.000000E+0	
8.662834E+4	2.145000E+2	4.952670E+0	3.377430E+0	6.240693E+1	3.212084E-3	-5.787855E-6	1.040117E-8	2.159321E-6	2.155135E-9	1.000000E+0	
8.664942E+4	2.145000E+2	6.438471E+0	3.377430E+0	6.240693E+1	3.212084E-3	-1.286258E-5	1.283414E-8	4.799719E-6	4.046725E-9	1.000000E+0	
8.667050E+4	2.145000E+2	7.924272E+0	3.377430E+0	6.240693E+1	3.212084E-3	-2.395517E-5	1.668154E-8	8.952582E-6	1.031714E-8	1.000000E+0	
8.670116E+4	2.145000E+2	9.905340E-2	2.842400E+0	6.240693E+1	3.212084E-3	2.065929E-8	8.496015E-9	-2.276750E-8	2.083044E-9	1.000000E+0	
8.672507E+4	2.145000E+2	2.971602E+0	2.842400E+0	6.240693E+1	3.212084E-3	-1.304205E-6	8.032126E-9	4.631087E-7	9.278906E-9	1.000000E+0	
8.674902E+4	2.145000E+2	4.952670E+0	2.842400E+0	6.240693E+1	3.212084E-3	-6.066512E-6	2.476123E-9	2.283552E-6	5.111611E-9	1.000000E+0	
8.677299E+4	2.145000E+2	6.438471E+0	2.842400E+0	6.240693E+1	3.212084E-3	-1.357113E-5	5.497196E-8	4.877883E-6	1.022217E-8	1.000000E+0	
8.679695E+4	2.145000E+2	7.924272E+0	2.842400E+0	6.240693E+1	3.212084E-3	-2.497073E-5	5.594609E-9	8.939224E-6	2.637413E-8	1.000000E+0	
8.683245E+4	2.145000E+2	9.905340E-2	2.392130E+0	6.240693E+1	3.212084E-3	-4.898214E-9	9.118990E-9	2.281567E-9	8.428695E-9	1.000000E+0	
8.685978E+4	2.145000E+2	2.971602E+0	2.392130E+0	6.240693E+1	3.212084E-3	-1.325802E-6	1.930494E-9	4.868344E-7	2.121646E-9	1.000000E+0	
8.688702E+4	2.145000E+2	4.952670E+0	2.392130E+0	6.240693E+1	3.212084E-3	-6.298719E-6	1.872733E-9	2.167958E-6	6.083780E-9	1.000000E+0	
8.691430E+4	2.145000E+2	6.438471E+0	2.392130E+0	6.240693E+1	3.212084E-3	-1.395997E-5	1.156136E-8	4.807555E-6	7.222658E-9	1.000000E+0	
8.694167E+4	2.145000E+2	7.924272E+0	2.392130E+0	6.240693E+1	3.212084E-3	-2.587858E-5	2.845751E-9	8.903122E-6	3.527208E-9	1.000000E+0	
8.698463E+4	2.145000E+2	9.905340E-2	2.013180E+0	6.240693E+1	3.212084E-3	-5.265788E-9	3.767904E-8	-4.641086E-9	9.235662E-9	1.000000E+0	
8.701605E+4	2.145000E+2	2.971602E+0	2.013180E+0	6.240693E+1	3.212084E-3	-1.381881E-6	2.714559E-9	4.638307E-7	8.800409E-10	1.000000E+0	
8.704751E+4	2.145000E+2	4.952670E+0	2.013180E+0	6.240693E+1	3.212084E-3	-6.563125E-6	1.920787E-8	2.159441E-6	5.626667E-9	1.000000E+0	
8.707892E+4	2.145000E+2	6.438471E+0	2.013180E+0	6.240693E+1	3.212084E-3	-1.444980E-5	6.317955E-9	4.788176E-6	8.623239E-9	1.000000E+0	
8.711033E+4	2.145000E+2	7.924272E+0	2.013180E+0	6.240693E+1	3.212084E-3	-2.695412E-5	1.646658E-9	8.973448E-6	4.303632E-9	1.000000E+0	
8.715786E+4	2.145000E+2	9.905340E-2	1.694270E+0	6.240693E+1	3.212084E-3	-1.587890E-8	3.844486E-9	5.357798E-8	6.145455E-9	1.000000E+0	
8.719406E+4	2.145000E+2	2.971602E+0	1.694270E+0	6.240693E+1	3.212084E-3	-1.453451E-6	3.188080E-9	4.733187E-7	8.712313E-10	1.000000E+0	
8.723027E+4	2.145000E+2	4.952670E+0	1.694270E+0	6.240693E+1	3.212084E-3	-6.714932E-6	1.111005E-8	2.078813E-6	3.032435E-8	1.000000E+0	
8.726646E+4	2.145000E+2	6.438471E+0	1.694270E+0	6.240693E+1	3.212084E-3	-1.498383E-5	3.192691E-9	4.751822E-6	7.999247E-9	1.000000E+0	
8.730267E+4	2.145000E+2	7.924272E+0	1.694270E+0	6.240693E+1	3.212084E-3	-2.792476E-5	9.648605E-9	8.917998E-6	3.045560E-9	1.000000E+0	
8.735806E+4	2.145000E+2	9.905340E-2	1.425880E+0	6.240693E+1	3.212084E-3	-8.475646E-9	3.886951E-9	1.180804E-8	5.767264E-9	1.000000E+0	
8.739993E+4	2.145000E+2	2.971602E+0	1.425880E+0	6.240693E+1	3.212084E-3	-1.500793E-6	1.704452E-9	4.467865E-7	1.607397E-9	1.000000E+0	
8.744184E+4	2.145000E+2	4.952670E+0	1.425880E+0	6.240693E+1	3.212084E-3	-6.956592E-6	3.868975E-9	2.076875E-6	1.430209E-8	1.000000E+0	
8.748371E+4	2.145000E+2	6.438471E+0	1.425880E+0	6.240693E+1	3.212084E-3	-1.546817E-5	4.829526E-9	4.727127E-6	2.621159E-10	1.000000E+0	
8.752562E+4	2.145000E+2	7.924272E+0	1.425880E+0	6.240693E+1	3.212084E-3	-2.875314E-5	1.249592E-8	9.339235E-6	4.636902E-8	1.000000E+0	
8.758831E+4	2.145000E+2	9.905340E-2	1.200000E+0	6.240693E+1	3.212084E-3	1.768306E-8	1.188926E-9	-5.047454E-9	2.978970E-9	1.000000E+0	
8.763703E+4	2.145000E+2	2.971602E+0	1.200000E+0	6.240693E+1	3.212084E-3	-1.570329E-6	1.397062E-8	1.327429E-7	1.482779E-8	1.000000E+0	
8.768576E+4	2.145000E+2	4.952670E+0	1.200000E+0	6.240693E+1	3.212084E-3	-7.114259E-6	7.022318E-10	1.646933E-6	6.844933E-8	1.000000E+0	
8.773447E+4	2.145000E+2	6.438471E+0	1.200000E+0	6.240693E+1	3.212084E-3	-1.594428E-5	6.658166E-9	4.577805E-6	1.259343E-9	1.000000E+0	
8.778319E+4	2.145000E+2	7.924272E+0	1.200000E+0	6.240693E+1	3.212084E-3	-2.983837E-5	4.011734E-9	8.868099E-6	2.045615E-8	1.000000E+0	
--- > K and esd K (estimated based on user TCR) : -7.129989E+0	-4.096493E-2	

*** Temperature stable /K : 2.194600000E+2
--- > R0 : 6.272039E+1	6.271624E+1	6.271598E+1	6.271345E+1	6.271540E+1	6.271556E+1	6.271878E+1	6.271820E+1	6.271730E+1	6.271413E+1	6.271625E+1	6.271552E+1	
time /sec  	temp /K    	current /mA	freq /Hz   	R0 /Ohms   	esd R0     	V3X /V_rms 	esd V3X    	V3Y /V_rms 	esd V3Y    	Data_Valid?
8.805612E+4	2.194500E+2	9.905327E-2	8.000000E+0	6.271643E+1	1.956129E-3	-1.793427E-9	5.953290E-9	-6.986663E-8	7.547664E-9	1.000000E+0	
8.806838E+4	2.194400E+2	2.971598E+0	8.000000E+0	6.271643E+1	1.956129E-3	-9.816564E-7	9.868195E-9	4.597030E-7	1.413996E-8	1.000000E+0	
8.808070E+4	2.194400E+2	4.952663E+0	8.000000E+0	6.271643E+1	1.956129E-3	-4.566536E-6	3.922659E-9	2.107161E-6	8.891130E-9	1.000000E+0	
8.809299E+4	2.194500E+2	6.438462E+0	8.000000E+0	6.271643E+1	1.956129E-3	-1.013447E-5	1.200975E-8	4.694687E-6	4.352475E-9	1.000000E+0	
8.810527E+4	2.194600E+2	7.924262E+0	8.000000E+0	6.271643E+1	1.956129E-3	-1.880994E-5	2.576587E-8	8.715877E-6	1.095641E-8	1.000000E+0	
8.812216E+4	2.194700E+2	9.905327E-2	6.732700E+0	6.271643E+1	1.956129E-3	5.079912E-9	1.902200E-8	-9.348430E-9	2.677634E-8	1.000000E+0	
8.813562E+4	2.194800E+2	2.971598E+0	6.732700E+0	6.271643E+1	1.956129E-3	-1.023556E-6	3.164982E-9	4.446907E-7	1.252088E-8	1.000000E+0	
8.814908E+4	2.194800E+2	4.952663E+0	6.732700E+0	6.271643E+1	1.956129E-3	-4.778108E-6	6.355409E-9	2.117358E-6	1.772877E-9	1.000000E+0	
8.816255E+4	2.194900E+2	6.438462E+0	6.732700E+0	6.271643E+1	1.956129E-3	-1.064280E-5	6.940178E-9	4.674725E-6	1.079773E-8	1.000000E+0	
8.817602E+4	2.194900E+2	7.924262E+0	6.732700E+0	6.271643E+1	1.956129E-3	-1.979101E-5	4.172555E-8	8.766839E-6	1.909780E-8	1.000000E+0	
8.819453E+4	2.195000E+2	9.905327E-2	5.666150E+0	6.271643E+1	1.956129E-3	-4.148707E-8	5.688310E-9	-1.312533E-8	6.204445E-9	1.000000E+0	
8.820943E+4	2.195000E+2	2.971598E+0	5.666150E+0	6.271643E+1	1.956129E-3	-1.078826E-6	8.079983E-9	4.425757E-7	2.134610E-8	1.000000E+0	
8.822438E+4	2.195000E+2	4.952663E+0	5.666150E+0	6.271643E+1	1.956129E-3	-5.050051E-6	2.788151E-8	2.125350E-6	1.724908E-8	1.000000E+0	
8.823929E+4	2.195000E+2	6.438462E+0	5.666150E+0	6.271643E+1	1.956129E-3	-1.117337E-5	5.554819E-9	4.714854E-6	1.335062E-8	1.000000E+0	
8.825421E+4	2.195000E+2	7.924262E+0	5.666150E+0	6.271643E+1	1.956129E-3	-2.082211E-5	1.093731E-8	8.767620E-6	1.704645E-8	1.000000E+0	
8.827434E+4	2.195000E+2	9.905327E-2	4.768560E+0	6.271643E+1	1.956129E-3	-6.366871E-9	8.750859E-9	1.661330E-9	1.017465E-8	1.000000E+0	
8.829095E+4	2.195000E+2	2.971598E+0	4.768560E+0	6.271643E+1	1.956129E-3	-1.140292E-6	8.430600E-9	4.801764E-7	6.519163E-9	1.000000E+0	
8.830759E+4	2.195000E+2	4.952663E+0	4.768560E+0	6.271643E+1	1.956129E-3	-5.402263E-6	3.674111E-8	2.187989E-6	1.433475E-8	1.000000E+0	
8.832423E+4	2.195000E+2	6.438462E+0	4.768560E+0	6.271643E+1	1.956129E-3	-1.182128E-5	1.808842E-8	4.683477E-6	2.800998E-8	1.000000E+0	
8.834089E+4	2.195000E+2	7.924262E+0	4.768560E+0	6.271643E+1	1.956129E-3	-2.183154E-5	3.439167E-9	8.875279E-6	3.663809E-9	1.000000E+0	
8.836561E+4	2.195000E+2	9.905327E-2	4.013160E+0	6.271643E+1	1.956129E-3	-1.250547E-8	7.485395E-9	1.950086E-8	5.126236E-9	1.000000E+0	
8.838423E+4	2.195000E+2	2.971598E+0	4.013160E+0	6.271643E+1	1.956129E-3	-1.191812E-6	2.339214E-9	4.551201E-7	1.798322E-9	1.000000E+0	
8.840293E+4	2.195000E+2	4.952663E+0	4.013160E+0	6.271643E+1	1.956129E-3	-5.519422E-6	3.667759E-9	2.057514E-6	6.602423E-9	1.000000E+0	
8.842161E+4	2.195000E+2	6.438462E+0	4.013160E+0	6.271643E+1	1.956129E-3	-1.225471E-5	6.925520E-9	4.752399E-6	1.063568E-8	1.000000E+0	
8.844028E+4	2.195000E+2	7.924262E+0	4.013160E+0	6.271643E+1	1.956129E-3	-2.278707E-5	5.971363E-9	8.837343E-6	4.167148E-9	1.000000E+0	
8.846756E+4	2.195000E+2	9.905327E-2	3.377430E+0	6.271643E+1	1.956129E-3	4.454181E-9	3.855339E-9	4.726307E-9	5.764390E-9	1.000000E+0	
8.848863E+4	2.195000E+2	2.971598E+0	3.377430E+0	6.271643E+1	1.956129E-3	-1.239461E-6	1.128036E-8	4.915360E-7	1.060011E-8	1.000000E+0	
8.850972E+4	2.195000E+2	4.952663E+0	3.377430E+0	6.271643E+1	1.956129E-3	-5.769782E-6	4.915634E-9	2.154515E-6	8.918063E-9	1.000000E+0	
8.853082E+4	2.195000E+2	6.438462E+0	3.377430E+0	6.271643E+1	1.956129E-3	-1.279420E-5	4.108326E-9	4.790035E-6	1.898634E-8	1.000000E+0	
8.855191E+4	2.195000E+2	7.924262E+0	3.377430E+0	6.271643E+1	1.956129E-3	-2.385223E-5	1.730308E-8	9.002475E-6	5.857489E-8	1.000000E+0	
8.858283E+4	2.195000E+2	9.905327E-2	2.842400E+0	6.271643E+1	1.956129E-3	1.002293E-8	1.065796E-8	5.972323E-8	1.933858E-8	1.000000E+0	
8.860677E+4	2.195000E+2	2.971598E+0	2.842400E+0	6.271643E+1	1.956129E-3	-1.418404E-6	1.928872E-8	5.504464E-7	6.619658E-8	1.000000E+0	
8.863073E+4	2.195000E+2	4.952663E+0	2.842400E+0	6.271643E+1	1.956129E-3	-6.243820E-6	2.798874E-8	2.114015E-6	5.816052E-9	1.000000E+0	
8.865468E+4	2.195000E+2	6.438462E+0	2.842400E+0	6.271643E+1	1.956129E-3	-1.328783E-5	4.835513E-9	4.757800E-6	7.628272E-9	1.000000E+0	
8.867864E+4	2.195000E+2	7.924262E+0	2.842400E+0	6.271643E+1	1.956129E-3	-2.472926E-5	8.459961E-9	8.828149E-6	3.060765E-9	1.000000E+0	
8.871414E+4	2.195000E+2	9.905327E-2	2.392130E+0	6.271643E+1	1.956129E-3	-1.918520E-9	5.856189E-10	5.090033E-11	4.612399E-9	1.000000E+0	
8.874148E+4	2.195000E+2	2.971598E+0	2.392130E+0	6.271643E+1	1.956129E-3	-1.345780E-6	3.610765E-8	4.664265E-7	8.320033E-9	1.000000E+0	
8.876884E+4	2.195000E+2	4.952663E+0	2.392130E+0	6.271643E+1	1.956129E-3	-6.200147E-6	4.873689E-8	2.190815E-6	2.360940E-9	1.000000E+0	
8.879618E+4	2.195000E+2	6.438462E+0	2.392130E+0	6.271643E+1	1.956129E-3	-1.383402E-5	1.498404E-8	4.985820E-6	3.428771E-8	1.000000E+0	
8.882357E+4	2.195000E+2	7.924262E+0	2.392130E+0	6.271643E+1	1.956129E-3	-2.576680E-5	8.577994E-9	8.939012E-6	8.577908E-9	1.000000E+0	
8.886475E+4	2.195000E+2	9.905327E-2	2.013180E+0	6.271643E+1	1.956129E-3	-2.437901E-8	2.020136E-9	-1.074475E-8	1.039805E-8	1.000000E+0	
8.889616E+4	2.195000E+2	2.971598E+0	2.013180E+0	6.271643E+1	1.956129E-3	-1.548912E-6	3.741164E-8	5.104056E-7	1.398402E-8	1.000000E+0	
8.892760E+4	2.195000E+2	4.952663E+0	2.013180E+0	6.271643E+1	1.956129E-3	-6.535742E-6	2.330216E-9	2.167974E-6	1.428466E-9	1.000000E+0	
8.895900E+4	2.195000E+2	6.438462E+0	2.013180E+0	6.271643E+1	1.956129E-3	-1.415710E-5	1.578900E-8	4.501756E-6	2.461562E-8	1.000000E+0	
8.899041E+4	2.195000E+2	7.924262E+0	2.013180E+0	6.271643E+1	1.956129E-3	-2.657169E-5	4.357308E-8	8.999539E-6	4.566389E-9	1.000000E+0	
8.903824E+4	2.195000E+2	9.905327E-2	1.694270E+0	6.271643E+1	1.956129E-3	2.597913E-9	5.176211E-9	-1.602961E-8	9.097042E-9	1.000000E+0	
8.907446E+4	2.195000E+2	2.971598E+0	1.694270E+0	6.271643E+1	1.956129E-3	-1.425509E-6	3.251012E-9	4.625151E-7	6.601177E-10	1.000000E+0	
8.911066E+4	2.195000E+2	4.952663E+0	1.694270E+0	6.271643E+1	1.956129E-3	-6.715494E-6	1.788312E-9	2.111676E-6	7.944446E-9	1.000000E+0	
8.914687E+4	2.195000E+2	6.438462E+0	1.694270E+0	6.271643E+1	1.956129E-3	-1.505400E-5	4.967148E-8	4.723519E-6	3.247888E-8	1.000000E+0	
8.918305E+4	2.195000E+2	7.924262E+0	1.694270E+0	6.271643E+1	1.956129E-3	-2.768184E-5	6.833552E-9	8.898305E-6	9.893213E-10	1.000000E+0	
8.923834E+4	2.195000E+2	9.905327E-2	1.425880E+0	6.271643E+1	1.956129E-3	-2.103848E-7	6.703314E-9	2.688936E-7	6.709459E-9	1.000000E+0	
8.928023E+4	2.195000E+2	2.971598E+0	1.425880E+0	6.271643E+1	1.956129E-3	-1.501235E-6	1.147628E-9	4.370522E-7	4.773762E-10	1.000000E+0	
8.932210E+4	2.195000E+2	4.952663E+0	1.425880E+0	6.271643E+1	1.956129E-3	-6.722735E-6	2.906879E-8	2.032896E-6	1.150587E-8	1.000000E+0	
8.936403E+4	2.195000E+2	6.438462E+0	1.425880E+0	6.271643E+1	1.956129E-3	-1.537047E-5	1.103513E-8	4.911941E-6	1.976711E-8	1.000000E+0	
8.940592E+4	2.195000E+2	7.924262E+0	1.425880E+0	6.271643E+1	1.956129E-3	-2.877491E-5	2.003727E-8	8.962621E-6	4.167591E-8	1.000000E+0	
8.946859E+4	2.195000E+2	9.905327E-2	1.200000E+0	6.271643E+1	1.956129E-3	-1.761934E-7	2.198763E-8	1.203886E-7	1.055969E-8	1.000000E+0	
8.951728E+4	2.195000E+2	2.971598E+0	1.200000E+0	6.271643E+1	1.956129E-3	-1.517912E-6	2.084490E-9	3.923207E-7	4.110960E-9	1.000000E+0	
8.956597E+4	2.195000E+2	4.952663E+0	1.200000E+0	6.271643E+1	1.956129E-3	-7.093697E-6	3.590745E-9	1.997387E-6	6.689968E-10	1.000000E+0	
8.961468E+4	2.195000E+2	6.438462E+0	1.200000E+0	6.271643E+1	1.956129E-3	-1.594764E-5	1.277337E-8	4.649216E-6	4.552158E-9	1.000000E+0	
8.966344E+4	2.195000E+2	7.924262E+0	1.200000E+0	6.271643E+1	1.956129E-3	-2.951409E-5	2.872423E-9	8.715801E-6	6.854655E-9	1.000000E+0	
--- > K and esd K (estimated based on user TCR) : -7.259677E+0	-3.811795E-2	

*** Temperature stable /K : 2.244600000E+2
--- > R0 : 6.265849E+1	6.265926E+1	6.266066E+1	6.266546E+1	6.266427E+1	6.266135E+1	6.265741E+1	6.265912E+1	6.266191E+1	6.266410E+1	6.266202E+1	6.266117E+1	
time /sec  	temp /K    	current /mA	freq /Hz   	R0 /Ohms   	esd R0     	V3X /V_rms 	esd V3X    	V3Y /V_rms 	esd V3Y    	Data_Valid?
8.993542E+4	2.244500E+2	9.905303E-2	8.000000E+0	6.266127E+1	2.471469E-3	1.176771E-8	1.733363E-8	5.770216E-9	2.014497E-8	1.000000E+0	
8.994770E+4	2.244400E+2	2.971591E+0	8.000000E+0	6.266127E+1	2.471469E-3	-9.751026E-7	1.324257E-8	4.676363E-7	1.338912E-8	1.000000E+0	
8.996000E+4	2.244400E+2	4.952652E+0	8.000000E+0	6.266127E+1	2.471469E-3	-4.544203E-6	1.813130E-8	2.107123E-6	1.367687E-8	1.000000E+0	
8.997231E+4	2.244500E+2	6.438447E+0	8.000000E+0	6.266127E+1	2.471469E-3	-1.009816E-5	6.515541E-9	4.659145E-6	2.638530E-8	1.000000E+0	
8.998461E+4	2.244600E+2	7.924242E+0	8.000000E+0	6.266127E+1	2.471469E-3	-1.878543E-5	6.753681E-9	8.701421E-6	2.348605E-8	1.000000E+0	
9.000138E+4	2.244700E+2	9.905303E-2	6.732700E+0	6.266127E+1	2.471469E-3	-2.156255E-8	1.016367E-8	2.348178E-8	1.389976E-8	1.000000E+0	
9.001484E+4	2.244700E+2	2.971591E+0	6.732700E+0	6.266127E+1	2.471469E-3	-1.028281E-6	6.394322E-9	4.536108E-7	8.994846E-9	1.000000E+0	
9.002830E+4	2.244800E+2	4.952652E+0	6.732700E+0	6.266127E+1	2.471469E-3	-4.775922E-6	1.191451E-8	2.083741E-6	1.749678E-8	1.000000E+0	
9.004178E+4	2.244900E+2	6.438447E+0	6.732700E+0	6.266127E+1	2.471469E-3	-1.060719E-5	1.183525E-8	4.668002E-6	1.443216E-8	1.000000E+0	
9.005522E+4	2.244900E+2	7.924242E+0	6.732700E+0	6.266127E+1	2.471469E-3	-1.977350E-5	6.652795E-9	8.765957E-6	8.906815E-9	1.000000E+0	
9.007366E+4	2.245000E+2	9.905303E-2	5.666150E+0	6.266127E+1	2.471469E-3	1.098540E-8	5.752657E-9	-1.004102E-8	6.841726E-9	1.000000E+0	
9.008859E+4	2.245000E+2	2.971591E+0	5.666150E+0	6.266127E+1	2.471469E-3	-1.052501E-6	1.096051E-9	4.443002E-7	1.220912E-8	1.000000E+0	
9.010353E+4	2.245000E+2	4.952652E+0	5.666150E+0	6.266127E+1	2.471469E-3	-4.998189E-6	7.493951E-9	2.121053E-6	8.779931E-9	1.000000E+0	
9.011848E+4	2.245000E+2	6.438447E+0	5.666150E+0	6.266127E+1	2.471469E-3	-1.117638E-5	3.087668E-9	4.740672E-6	4.553830E-9	1.000000E+0	
9.013334E+4	2.245000E+2	7.924242E+0	5.666150E+0	6.266127E+1	2.471469E-3	-2.076347E-5	5.764996E-9	8.727729E-6	1.188537E-8	1.000000E+0	
9.015366E+4	2.245000E+2	9.905303E-2	4.768560E+0	6.266127E+1	2.471469E-3	-8.768659E-9	4.899163E-9	7.959076E-8	5.852786E-8	1.000000E+0	
9.017027E+4	2.245000E+2	2.971591E+0	4.768560E+0	6.266127E+1	2.471469E-3	-1.171235E-6	7.294693E-9	4.544067E-7	1.761872E-9	1.000000E+0	
9.018692E+4	2.245000E+2	4.952652E+0	4.768560E+0	6.266127E+1	2.471469E-3	-5.291112E-6	1.006124E-8	2.141111E-6	1.549384E-8	1.000000E+0	
9.020359E+4	2.245000E+2	6.438447E+0	4.768560E+0	6.266127E+1	2.471469E-3	-1.169474E-5	1.114448E-8	4.704507E-6	1.144323E-8	1.000000E+0	
9.022024E+4	2.245000E+2	7.924242E+0	4.768560E+0	6.266127E+1	2.471469E-3	-2.175241E-5	2.321062E-9	8.825195E-6	1.033474E-8	1.000000E+0	
9.024512E+4	2.245000E+2	9.905303E-2	4.013160E+0	6.266127E+1	2.471469E-3	-3.221027E-8	1.454279E-8	-6.256883E-8	1.101720E-8	1.000000E+0	
9.026381E+4	2.245000E+2	2.971591E+0	4.013160E+0	6.266127E+1	2.471469E-3	-1.199554E-6	1.722364E-9	5.893389E-7	5.505646E-8	1.000000E+0	
9.028247E+4	2.245000E+2	4.952652E+0	4.013160E+0	6.266127E+1	2.471469E-3	-5.432529E-6	5.708527E-8	2.035961E-6	4.190261E-8	1.000000E+0	
9.030110E+4	2.245000E+2	6.438447E+0	4.013160E+0	6.266127E+1	2.471469E-3	-1.226147E-5	1.745595E-8	4.755144E-6	3.526734E-8	1.000000E+0	
9.031975E+4	2.245000E+2	7.924242E+0	4.013160E+0	6.266127E+1	2.471469E-3	-2.277492E-5	1.804714E-8	8.783165E-6	2.000140E-8	1.000000E+0	
9.034716E+4	2.245000E+2	9.905303E-2	3.377430E+0	6.266127E+1	2.471469E-3	-3.791344E-9	4.364524E-9	1.637552E-8	5.587137E-9	1.000000E+0	
9.036823E+4	2.245000E+2	2.971591E+0	3.377430E+0	6.266127E+1	2.471469E-3	-1.191885E-6	1.502824E-9	4.212428E-7	3.115639E-9	1.000000E+0	
9.038930E+4	2.245000E+2	4.952652E+0	3.377430E+0	6.266127E+1	2.471469E-3	-5.755427E-6	1.557445E-8	2.140532E-6	2.834645E-9	1.000000E+0	
9.041042E+4	2.245000E+2	6.438447E+0	3.377430E+0	6.266127E+1	2.471469E-3	-1.273629E-5	9.822658E-9	4.740775E-6	1.204445E-8	1.000000E+0	
9.043148E+4	2.245000E+2	7.924242E+0	3.377430E+0	6.266127E+1	2.471469E-3	-2.373873E-5	4.258013E-9	8.833766E-6	4.967290E-9	1.000000E+0	
9.046343E+4	2.245000E+2	9.905303E-2	2.842400E+0	6.266127E+1	2.471469E-3	5.340761E-8	4.468497E-8	1.478573E-7	7.045477E-8	1.000000E+0	
9.048739E+4	2.245000E+2	2.971591E+0	2.842400E+0	6.266127E+1	2.471469E-3	-1.295759E-6	4.246274E-9	4.716452E-7	5.508804E-10	1.000000E+0	
9.051131E+4	2.245000E+2	4.952652E+0	2.842400E+0	6.266127E+1	2.471469E-3	-5.979651E-6	5.232420E-9	2.144463E-6	3.581701E-9	1.000000E+0	
9.053530E+4	2.245000E+2	6.438447E+0	2.842400E+0	6.266127E+1	2.471469E-3	-1.327782E-5	1.002976E-8	4.744350E-6	4.734089E-9	1.000000E+0	
9.055922E+4	2.245000E+2	7.924242E+0	2.842400E+0	6.266127E+1	2.471469E-3	-2.469418E-5	7.869917E-9	8.899695E-6	2.748560E-9	1.000000E+0	
9.059634E+4	2.245000E+2	9.905303E-2	2.392130E+0	6.266127E+1	2.471469E-3	1.368368E-7	2.391628E-8	-5.178238E-8	6.701206E-9	1.000000E+0	
9.062364E+4	2.245000E+2	2.971591E+0	2.392130E+0	6.266127E+1	2.471469E-3	-1.354557E-6	1.987409E-9	4.674488E-7	8.221778E-9	1.000000E+0	
9.065095E+4	2.245000E+2	4.952652E+0	2.392130E+0	6.266127E+1	2.471469E-3	-6.154700E-6	2.998630E-8	2.134823E-6	6.722977E-9	1.000000E+0	
9.067828E+4	2.245000E+2	6.438447E+0	2.392130E+0	6.266127E+1	2.471469E-3	-1.377747E-5	7.312499E-9	4.778766E-6	1.151366E-8	1.000000E+0	
9.070561E+4	2.245000E+2	7.924242E+0	2.392130E+0	6.266127E+1	2.471469E-3	-2.568562E-5	8.187470E-9	8.855913E-6	3.531949E-9	1.000000E+0	
9.074683E+4	2.245000E+2	9.905303E-2	2.013180E+0	6.266127E+1	2.471469E-3	-1.150288E-9	3.582070E-9	-1.399053E-8	5.369353E-9	1.000000E+0	
9.077823E+4	2.245000E+2	2.971591E+0	2.013180E+0	6.266127E+1	2.471469E-3	-1.301279E-6	6.763518E-9	7.421329E-7	3.934321E-8	1.000000E+0	
9.080970E+4	2.245000E+2	4.952652E+0	2.013180E+0	6.266127E+1	2.471469E-3	-6.457728E-6	8.422769E-9	2.150409E-6	3.932873E-9	1.000000E+0	
9.084118E+4	2.245000E+2	6.438447E+0	2.013180E+0	6.266127E+1	2.471469E-3	-1.430203E-5	2.476159E-9	4.737793E-6	5.104098E-9	1.000000E+0	
9.087259E+4	2.245000E+2	7.924242E+0	2.013180E+0	6.266127E+1	2.471469E-3	-2.665361E-5	8.254110E-10	8.908535E-6	3.870479E-9	1.000000E+0	
9.092001E+4	2.245000E+2	9.905303E-2	1.694270E+0	6.266127E+1	2.471469E-3	-1.930221E-8	1.036036E-8	-1.247505E-7	5.724208E-8	1.000000E+0	
9.095632E+4	2.245000E+2	2.971591E+0	1.694270E+0	6.266127E+1	2.471469E-3	-1.418525E-6	5.467932E-10	4.527802E-7	6.701159E-10	1.000000E+0	
9.099258E+4	2.245000E+2	4.952652E+0	1.694270E+0	6.266127E+1	2.471469E-3	-6.729995E-6	2.215794E-9	2.137985E-6	3.037285E-9	1.000000E+0	
9.102880E+4	2.245000E+2	6.438447E+0	1.694270E+0	6.266127E+1	2.471469E-3	-1.519714E-5	1.975236E-8	4.971441E-6	1.290700E-8	1.000000E+0	
9.106500E+4	2.245000E+2	7.924242E+0	1.694270E+0	6.266127E+1	2.471469E-3	-2.775277E-5	5.526416E-9	8.844473E-6	1.256020E-8	1.000000E+0	
9.112043E+4	2.245000E+2	9.905303E-2	1.425880E+0	6.266127E+1	2.471469E-3	-8.912771E-8	1.542536E-8	1.551563E-7	2.622920E-8	1.000000E+0	
9.116236E+4	2.245000E+2	2.971591E+0	1.425880E+0	6.266127E+1	2.471469E-3	-1.467292E-6	4.051089E-9	4.716400E-7	7.083755E-10	1.000000E+0	
9.120423E+4	2.245000E+2	4.952652E+0	1.425880E+0	6.266127E+1	2.471469E-3	-6.936330E-6	2.781945E-9	2.115351E-6	1.283880E-8	1.000000E+0	
9.124609E+4	2.245000E+2	6.438447E+0	1.425880E+0	6.266127E+1	2.471469E-3	-1.545395E-5	1.822127E-8	4.765308E-6	4.093956E-9	1.000000E+0	
9.128798E+4	2.245000E+2	7.924242E+0	1.425880E+0	6.266127E+1	2.471469E-3	-2.836898E-5	1.390172E-8	8.735286E-6	7.282902E-8	1.000000E+0	
9.135094E+4	2.245000E+2	9.905303E-2	1.200000E+0	6.266127E+1	2.471469E-3	5.016195E-9	2.435079E-9	3.663729E-10	9.769904E-10	1.000000E+0	
9.139959E+4	2.245000E+2	2.971591E+0	1.200000E+0	6.266127E+1	2.471469E-3	-1.354167E-6	1.276911E-8	4.032920E-7	8.796646E-9	1.000000E+0	
9.144827E+4	2.245000E+2	4.952652E+0	1.200000E+0	6.266127E+1	2.471469E-3	-7.167336E-6	3.460808E-9	1.945135E-6	4.967143E-9	1.000000E+0	
9.149691E+4	2.245000E+2	6.438447E+0	1.200000E+0	6.266127E+1	2.471469E-3	-1.585384E-5	1.373202E-9	4.649901E-6	4.219540E-9	1.000000E+0	
9.154570E+4	2.245000E+2	7.924242E+0	1.200000E+0	6.266127E+1	2.471469E-3	-2.963237E-5	7.168765E-10	8.745423E-6	2.671954E-9	1.000000E+0	
--- > K and esd K (estimated based on user TCR) : -7.268785E+0	-2.164243E-2	

*** Temperature stable /K : 2.294600000E+2
--- > R0 : 6.266574E+1	6.266065E+1	6.265805E+1	6.265882E+1	6.266315E+1	6.266346E+1	6.266309E+1	6.266249E+1	6.265907E+1	6.265929E+1	6.265977E+1	6.266494E+1	
time /sec  	temp /K    	current /mA	freq /Hz   	R0 /Ohms   	esd R0     	V3X /V_rms 	esd V3X    	V3Y /V_rms 	esd V3Y    	Data_Valid?
9.181745E+4	2.294400E+2	9.905283E-2	8.000000E+0	6.266154E+1	2.584685E-3	5.374257E-10	8.839803E-9	4.284406E-10	2.277054E-8	1.000000E+0	
9.182977E+4	2.294400E+2	2.971585E+0	8.000000E+0	6.266154E+1	2.584685E-3	-9.904302E-7	2.116841E-8	4.441301E-7	2.181711E-8	1.000000E+0	
9.184204E+4	2.294400E+2	4.952641E+0	8.000000E+0	6.266154E+1	2.584685E-3	-4.523441E-6	1.451656E-8	2.122656E-6	1.308303E-8	1.000000E+0	
9.185431E+4	2.294500E+2	6.438434E+0	8.000000E+0	6.266154E+1	2.584685E-3	-1.007740E-5	9.770678E-9	4.646869E-6	6.153101E-9	1.000000E+0	
9.186662E+4	2.294600E+2	7.924226E+0	8.000000E+0	6.266154E+1	2.584685E-3	-1.878087E-5	1.865340E-8	8.665939E-6	1.087412E-8	1.000000E+0	
9.188337E+4	2.294700E+2	9.905283E-2	6.732700E+0	6.266154E+1	2.584685E-3	-1.465935E-8	1.285441E-8	-3.242289E-8	5.980918E-9	1.000000E+0	
9.189682E+4	2.294800E+2	2.971585E+0	6.732700E+0	6.266154E+1	2.584685E-3	-1.009697E-6	1.782994E-8	4.526370E-7	3.160070E-8	1.000000E+0	
9.191028E+4	2.294800E+2	4.952641E+0	6.732700E+0	6.266154E+1	2.584685E-3	-4.800346E-6	1.730011E-9	2.103609E-6	1.118806E-8	1.000000E+0	
9.192377E+4	2.294900E+2	6.438434E+0	6.732700E+0	6.266154E+1	2.584685E-3	-1.066590E-5	1.615103E-8	4.708814E-6	1.431537E-8	1.000000E+0	
9.193720E+4	2.295000E+2	7.924226E+0	6.732700E+0	6.266154E+1	2.584685E-3	-1.974656E-5	9.580427E-9	8.709807E-6	1.386168E-8	1.000000E+0	
9.195560E+4	2.295000E+2	9.905283E-2	5.666150E+0	6.266154E+1	2.584685E-3	2.445812E-8	9.621187E-9	1.268983E-8	9.413833E-9	1.000000E+0	
9.197048E+4	2.295000E+2	2.971585E+0	5.666150E+0	6.266154E+1	2.584685E-3	-1.201618E-6	2.864923E-8	4.368442E-7	1.137654E-8	1.000000E+0	
9.198542E+4	2.295000E+2	4.952641E+0	5.666150E+0	6.266154E+1	2.584685E-3	-5.019886E-6	1.214779E-8	2.110634E-6	2.632326E-8	1.000000E+0	
9.200032E+4	2.295100E+2	6.438434E+0	5.666150E+0	6.266154E+1	2.584685E-3	-1.117626E-5	3.905938E-8	4.681607E-6	6.893160E-9	1.000000E+0	
9.201530E+4	2.295100E+2	7.924226E+0	5.666150E+0	6.266154E+1	2.584685E-3	-2.073248E-5	8.666770E-9	8.765357E-6	6.373468E-9	1.000000E+0	
9.203676E+4	2.295100E+2	9.905283E-2	4.768560E+0	6.266154E+1	2.584685E-3	2.400559E-8	4.520313E-9	3.603943E-9	2.337684E-8	1.000000E+0	
9.205334E+4	2.295000E+2	2.971585E+0	4.768560E+0	6.266154E+1	2.584685E-3	-1.108703E-6	7.157270E-9	4.568963E-7	1.007143E-8	1.000000E+0	
9.206998E+4	2.295000E+2	4.952641E+0	4.768560E+0	6.266154E+1	2.584685E-3	-5.305516E-6	1.431525E-8	2.129170E-6	8.814572E-9	1.000000E+0	
9.208662E+4	2.295000E+2	6.438434E+0	4.768560E+0	6.266154E+1	2.584685E-3	-1.166472E-5	5.400748E-9	4.728495E-6	3.830370E-9	1.000000E+0	
9.210325E+4	2.295000E+2	7.924226E+0	4.768560E+0	6.266154E+1	2.584685E-3	-2.178296E-5	2.158200E-9	8.796591E-6	1.651752E-8	1.000000E+0	
9.212805E+4	2.295000E+2	9.905283E-2	4.013160E+0	6.266154E+1	2.584685E-3	1.153014E-8	7.975378E-9	-2.480550E-8	5.207921E-9	1.000000E+0	
9.214671E+4	2.295000E+2	2.971585E+0	4.013160E+0	6.266154E+1	2.584685E-3	-1.010649E-6	3.913005E-8	5.449590E-7	3.137233E-8	1.000000E+0	
9.216537E+4	2.295000E+2	4.952641E+0	4.013160E+0	6.266154E+1	2.584685E-3	-5.606583E-6	3.016526E-8	2.041935E-6	8.285208E-8	1.000000E+0	
9.218402E+4	2.295000E+2	6.438434E+0	4.013160E+0	6.266154E+1	2.584685E-3	-1.216942E-5	1.344940E-8	4.741719E-6	2.165585E-8	1.000000E+0	
9.220273E+4	2.295000E+2	7.924226E+0	4.013160E+0	6.266154E+1	2.584685E-3	-2.278953E-5	2.719755E-8	8.870713E-6	2.962148E-9	1.000000E+0	
9.223009E+4	2.295000E+2	9.905283E-2	3.377430E+0	6.266154E+1	2.584685E-3	6.410139E-10	1.374037E-8	5.782607E-9	9.774803E-9	1.000000E+0	
9.225115E+4	2.295000E+2	2.971585E+0	3.377430E+0	6.266154E+1	2.584685E-3	-1.200764E-6	2.085551E-9	4.580387E-7	2.352619E-9	1.000000E+0	
9.227225E+4	2.295000E+2	4.952641E+0	3.377430E+0	6.266154E+1	2.584685E-3	-5.760193E-6	2.504611E-9	2.151940E-6	4.803223E-9	1.000000E+0	
9.229334E+4	2.295000E+2	6.438434E+0	3.377430E+0	6.266154E+1	2.584685E-3	-1.273072E-5	7.624075E-9	4.745825E-6	5.323087E-9	1.000000E+0	
9.231445E+4	2.295000E+2	7.924226E+0	3.377430E+0	6.266154E+1	2.584685E-3	-2.371748E-5	5.006596E-9	8.858771E-6	6.396267E-9	1.000000E+0	
9.234556E+4	2.295000E+2	9.905283E-2	2.842400E+0	6.266154E+1	2.584685E-3	7.031970E-8	2.306207E-8	-2.996841E-8	1.114685E-8	1.000000E+0	
9.236952E+4	2.295000E+2	2.971585E+0	2.842400E+0	6.266154E+1	2.584685E-3	-1.290112E-6	8.107473E-9	4.375361E-7	4.245569E-9	1.000000E+0	
9.239348E+4	2.295000E+2	4.952641E+0	2.842400E+0	6.266154E+1	2.584685E-3	-5.917569E-6	1.638610E-8	2.086263E-6	2.762601E-8	1.000000E+0	
9.241749E+4	2.295000E+2	6.438434E+0	2.842400E+0	6.266154E+1	2.584685E-3	-1.323174E-5	1.091577E-8	4.705180E-6	2.568697E-9	1.000000E+0	
9.244148E+4	2.295000E+2	7.924226E+0	2.842400E+0	6.266154E+1	2.584685E-3	-2.466783E-5	1.066105E-9	8.880615E-6	2.390496E-9	1.000000E+0	
9.247862E+4	2.295000E+2	9.905283E-2	2.392130E+0	6.266154E+1	2.584685E-3	8.228893E-8	1.727182E-8	-7.014592E-8	2.447323E-8	1.000000E+0	
9.250588E+4	2.295000E+2	2.971585E+0	2.392130E+0	6.266154E+1	2.584685E-3	-1.350505E-6	1.783822E-9	4.510997E-7	1.377448E-9	1.000000E+0	
9.253324E+4	2.295000E+2	4.952641E+0	2.392130E+0	6.266154E+1	2.584685E-3	-6.210018E-6	5.112165E-8	2.416253E-6	1.310117E-7	1.000000E+0	
9.256059E+4	2.295000E+2	6.438434E+0	2.392130E+0	6.266154E+1	2.584685E-3	-1.379730E-5	1.447868E-8	4.838506E-6	2.113559E-8	1.000000E+0	
9.258795E+4	2.295000E+2	7.924226E+0	2.392130E+0	6.266154E+1	2.584685E-3	-2.556829E-5	1.851945E-8	8.623807E-6	4.326365E-8	1.000000E+0	
9.262901E+4	2.295000E+2	9.905283E-2	2.013180E+0	6.266154E+1	2.584685E-3	-1.166284E-8	1.016613E-9	2.915723E-9	6.056524E-9	1.000000E+0	
9.266040E+4	2.295000E+2	2.971585E+0	2.013180E+0	6.266154E+1	2.584685E-3	-1.331009E-6	4.763830E-9	4.807706E-7	1.038303E-8	1.000000E+0	
9.269183E+4	2.295000E+2	4.952641E+0	2.013180E+0	6.266154E+1	2.584685E-3	-6.359332E-6	7.738956E-9	1.749922E-6	1.022047E-7	1.000000E+0	
9.272329E+4	2.295000E+2	6.438434E+0	2.013180E+0	6.266154E+1	2.584685E-3	-1.425744E-5	9.129582E-9	4.786725E-6	2.830017E-9	1.000000E+0	
9.275469E+4	2.295000E+2	7.924226E+0	2.013180E+0	6.266154E+1	2.584685E-3	-2.669632E-5	7.646179E-9	8.874942E-6	7.002354E-9	1.000000E+0	
9.280270E+4	2.295000E+2	9.905283E-2	1.694270E+0	6.266154E+1	2.584685E-3	5.235730E-8	1.368707E-9	-6.256653E-9	1.201005E-8	1.000000E+0	
9.283889E+4	2.295000E+2	2.971585E+0	1.694270E+0	6.266154E+1	2.584685E-3	-1.314423E-6	1.699957E-8	4.021722E-7	2.920372E-9	1.000000E+0	
9.287509E+4	2.295000E+2	4.952641E+0	1.694270E+0	6.266154E+1	2.584685E-3	-6.660384E-6	9.561695E-9	2.246950E-6	1.569034E-8	1.000000E+0	
9.291131E+4	2.295000E+2	6.438434E+0	1.694270E+0	6.266154E+1	2.584685E-3	-1.483573E-5	4.121299E-9	4.799191E-6	8.317256E-9	1.000000E+0	
9.294755E+4	2.295000E+2	7.924226E+0	1.694270E+0	6.266154E+1	2.584685E-3	-2.766206E-5	1.147391E-8	8.905196E-6	2.386789E-8	1.000000E+0	
9.300307E+4	2.295000E+2	9.905283E-2	1.425880E+0	6.266154E+1	2.584685E-3	7.865155E-9	5.616824E-9	-2.390608E-8	2.144885E-9	1.000000E+0	
9.304498E+4	2.295000E+2	2.971585E+0	1.425880E+0	6.266154E+1	2.584685E-3	-1.353947E-6	3.275177E-8	5.017914E-7	4.404264E-10	1.000000E+0	
9.308698E+4	2.295000E+2	4.952641E+0	1.425880E+0	6.266154E+1	2.584685E-3	-7.035755E-6	2.563331E-8	2.057112E-6	1.722399E-8	1.000000E+0	
9.312889E+4	2.295100E+2	6.438434E+0	1.425880E+0	6.266154E+1	2.584685E-3	-1.537991E-5	3.981191E-9	4.745074E-6	5.517946E-10	1.000000E+0	
9.317083E+4	2.295100E+2	7.924226E+0	1.425880E+0	6.266154E+1	2.584685E-3	-2.863391E-5	2.935402E-9	8.806499E-6	3.870786E-9	1.000000E+0	
9.323366E+4	2.295100E+2	9.905283E-2	1.200000E+0	6.266154E+1	2.584685E-3	1.491212E-7	2.052094E-8	-9.277466E-8	9.562734E-9	1.000000E+0	
9.328245E+4	2.295100E+2	2.971585E+0	1.200000E+0	6.266154E+1	2.584685E-3	-1.425912E-6	1.296970E-8	3.950064E-7	3.931246E-9	1.000000E+0	
9.333113E+4	2.295000E+2	4.952641E+0	1.200000E+0	6.266154E+1	2.584685E-3	-7.117208E-6	1.356064E-9	2.011263E-6	3.879489E-9	1.000000E+0	
9.337982E+4	2.295000E+2	6.438434E+0	1.200000E+0	6.266154E+1	2.584685E-3	-1.579564E-5	1.717334E-9	4.597087E-6	2.465890E-9	1.000000E+0	
9.342863E+4	2.295000E+2	7.924226E+0	1.200000E+0	6.266154E+1	2.584685E-3	-2.941945E-5	3.410416E-8	8.574211E-6	1.942149E-8	1.000000E+0	
--- > K and esd K (estimated based on user TCR) : -7.194291E+0	-3.337597E-2	

*** Temperature stable /K : 2.344900000E+2
--- > R0 : 6.290434E+1	6.290218E+1	6.290035E+1	6.289933E+1	6.290132E+1	6.290472E+1	6.290618E+1	6.290474E+1	6.289868E+1	6.290140E+1	6.290114E+1	6.290583E+1	
time /sec  	temp /K    	current /mA	freq /Hz   	R0 /Ohms   	esd R0     	V3X /V_rms 	esd V3X    	V3Y /V_rms 	esd V3Y    	Data_Valid?
9.369817E+4	2.344700E+2	9.905270E-2	8.000000E+0	6.290252E+1	2.554422E-3	-5.509573E-8	2.760290E-8	-5.299634E-8	1.256058E-8	1.000000E+0	
9.371048E+4	2.344700E+2	2.971581E+0	8.000000E+0	6.290252E+1	2.554422E-3	-9.566614E-7	2.112595E-8	4.857807E-7	1.340413E-8	1.000000E+0	
9.372284E+4	2.344700E+2	4.952635E+0	8.000000E+0	6.290252E+1	2.554422E-3	-4.517209E-6	2.557571E-8	2.118822E-6	1.603201E-8	1.000000E+0	
9.373516E+4	2.344800E+2	6.438426E+0	8.000000E+0	6.290252E+1	2.554422E-3	-9.994606E-6	2.007356E-8	4.717684E-6	2.990058E-8	1.000000E+0	
9.374745E+4	2.344800E+2	7.924216E+0	8.000000E+0	6.290252E+1	2.554422E-3	-1.863499E-5	4.056760E-8	8.616174E-6	2.078900E-8	1.000000E+0	
9.376430E+4	2.344900E+2	9.905270E-2	6.732700E+0	6.290252E+1	2.554422E-3	-7.520399E-9	6.378068E-9	6.469078E-9	1.354228E-8	1.000000E+0	
9.377778E+4	2.345000E+2	2.971581E+0	6.732700E+0	6.290252E+1	2.554422E-3	-1.037130E-6	7.490651E-9	4.333142E-7	5.526230E-9	1.000000E+0	
9.379126E+4	2.345100E+2	4.952635E+0	6.732700E+0	6.290252E+1	2.554422E-3	-4.758290E-6	4.090293E-9	2.102245E-6	2.851819E-9	1.000000E+0	
9.380475E+4	2.345100E+2	6.438426E+0	6.732700E+0	6.290252E+1	2.554422E-3	-1.058819E-5	8.078132E-9	4.673944E-6	9.331733E-9	1.000000E+0	
9.381821E+4	2.345200E+2	7.924216E+0	6.732700E+0	6.290252E+1	2.554422E-3	-1.968564E-5	3.900088E-8	8.698947E-6	2.203138E-8	1.000000E+0	
9.383666E+4	2.345200E+2	9.905270E-2	5.666150E+0	6.290252E+1	2.554422E-3	-3.519846E-8	2.258516E-8	-1.481058E-8	8.174559E-9	1.000000E+0	
9.385160E+4	2.345200E+2	2.971581E+0	5.666150E+0	6.290252E+1	2.554422E-3	-1.045550E-6	1.589737E-8	4.591771E-7	8.321002E-9	1.000000E+0	
9.386655E+4	2.345200E+2	4.952635E+0	5.666150E+0	6.290252E+1	2.554422E-3	-4.995317E-6	3.777592E-9	2.111043E-6	1.385428E-8	1.000000E+0	
9.388148E+4	2.345200E+2	6.438426E+0	5.666150E+0	6.290252E+1	2.554422E-3	-1.109483E-5	9.186371E-9	4.736203E-6	9.869968E-9	1.000000E+0	
9.389637E+4	2.345200E+2	7.924216E+0	5.666150E+0	6.290252E+1	2.554422E-3	-2.067763E-5	1.116094E-8	8.837317E-6	1.177783E-8	1.000000E+0	
9.391661E+4	2.345200E+2	9.905270E-2	4.768560E+0	6.290252E+1	2.554422E-3	1.499674E-7	2.827395E-8	3.597452E-8	1.277085E-8	1.000000E+0	
9.393325E+4	2.345100E+2	2.971581E+0	4.768560E+0	6.290252E+1	2.554422E-3	-9.921297E-7	3.902484E-8	3.551413E-7	2.325865E-8	1.000000E+0	
9.394992E+4	2.345100E+2	4.952635E+0	4.768560E+0	6.290252E+1	2.554422E-3	-4.840691E-6	6.329994E-9	2.025889E-6	3.670395E-9	1.000000E+0	
9.396661E+4	2.345100E+2	6.438426E+0	4.768560E+0	6.290252E+1	2.554422E-3	-1.049656E-5	2.444267E-8	4.586304E-6	8.888428E-9	1.000000E+0	
9.398328E+4	2.345100E+2	7.924216E+0	4.768560E+0	6.290252E+1	2.554422E-3	-1.962362E-5	8.952378E-8	8.577147E-6	4.626715E-8	1.000000E+0	
9.400814E+4	2.345100E+2	9.905270E-2	4.013160E+0	6.290252E+1	2.554422E-3	-4.320997E-8	3.691031E-9	-2.413461E-8	9.679527E-10	1.000000E+0	
9.402677E+4	2.345100E+2	2.971581E+0	4.013160E+0	6.290252E+1	2.554422E-3	-1.038196E-6	3.143450E-9	4.438683E-7	6.901573E-9	1.000000E+0	
9.404539E+4	2.345000E+2	4.952635E+0	4.013160E+0	6.290252E+1	2.554422E-3	-4.842696E-6	6.381828E-9	2.052132E-6	4.232990E-9	1.000000E+0	
9.406405E+4	2.345000E+2	6.438426E+0	4.013160E+0	6.290252E+1	2.554422E-3	-1.078995E-5	1.495309E-8	4.589050E-6	9.383774E-9	1.000000E+0	
9.408273E+4	2.345000E+2	7.924216E+0	4.013160E+0	6.290252E+1	2.554422E-3	-2.017504E-5	4.307963E-8	8.426694E-6	1.925555E-8	1.000000E+0	
9.411039E+4	2.345000E+2	9.905270E-2	3.377430E+0	6.290252E+1	2.554422E-3	-6.387419E-8	2.818803E-8	9.936259E-8	2.906170E-8	1.000000E+0	
9.413146E+4	2.345000E+2	2.971581E+0	3.377430E+0	6.290252E+1	2.554422E-3	-1.145349E-6	2.365054E-8	4.294167E-7	8.888901E-9	1.000000E+0	
9.415255E+4	2.345000E+2	4.952635E+0	3.377430E+0	6.290252E+1	2.554422E-3	-5.090736E-6	4.141292E-9	2.033396E-6	2.261447E-9	1.000000E+0	
9.417363E+4	2.345000E+2	6.438426E+0	3.377430E+0	6.290252E+1	2.554422E-3	-1.156983E-5	6.089519E-8	4.882288E-6	5.353633E-8	1.000000E+0	
9.419471E+4	2.345000E+2	7.924216E+0	3.377430E+0	6.290252E+1	2.554422E-3	-2.125445E-5	4.657394E-8	8.578258E-6	1.169239E-8	1.000000E+0	
9.422657E+4	2.345000E+2	9.905270E-2	2.842400E+0	6.290252E+1	2.554422E-3	-2.901638E-8	3.329980E-9	-9.337039E-9	7.346337E-9	1.000000E+0	
9.425053E+4	2.345000E+2	2.971581E+0	2.842400E+0	6.290252E+1	2.554422E-3	-1.165395E-6	1.330191E-8	4.331617E-7	6.239401E-9	1.000000E+0	
9.427452E+4	2.345000E+2	4.952635E+0	2.842400E+0	6.290252E+1	2.554422E-3	-5.404916E-6	3.675991E-9	2.319616E-6	2.471371E-8	1.000000E+0	
9.429848E+4	2.345000E+2	6.438426E+0	2.842400E+0	6.290252E+1	2.554422E-3	-1.199686E-5	6.876799E-9	4.726800E-6	2.350819E-8	1.000000E+0	
9.432241E+4	2.345000E+2	7.924216E+0	2.842400E+0	6.290252E+1	2.554422E-3	-2.197060E-5	3.279999E-9	8.639484E-6	2.823568E-9	1.000000E+0	
9.435812E+4	2.345000E+2	9.905270E-2	2.392130E+0	6.290252E+1	2.554422E-3	2.198572E-8	9.331977E-9	-4.134122E-8	4.404623E-9	1.000000E+0	
9.438545E+4	2.345000E+2	2.971581E+0	2.392130E+0	6.290252E+1	2.554422E-3	-1.227813E-6	1.559821E-8	4.570554E-7	6.429416E-9	1.000000E+0	
9.441281E+4	2.345000E+2	4.952635E+0	2.392130E+0	6.290252E+1	2.554422E-3	-5.567401E-6	7.188640E-9	2.087195E-6	3.080135E-9	1.000000E+0	
9.444016E+4	2.345000E+2	6.438426E+0	2.392130E+0	6.290252E+1	2.554422E-3	-1.213053E-5	2.385048E-8	4.714659E-6	4.492221E-9	1.000000E+0	
9.446752E+4	2.345000E+2	7.924216E+0	2.392130E+0	6.290252E+1	2.554422E-3	-2.282357E-5	2.784187E-8	8.683896E-6	7.901964E-9	1.000000E+0	
9.451007E+4	2.345000E+2	9.905270E-2	2.013180E+0	6.290252E+1	2.554422E-3	1.324345E-8	5.429477E-9	-7.986388E-9	1.992615E-9	1.000000E+0	
9.454153E+4	2.345000E+2	2.971581E+0	2.013180E+0	6.290252E+1	2.554422E-3	-1.258737E-6	2.292014E-9	4.181730E-7	2.664480E-8	1.000000E+0	
9.457294E+4	2.345000E+2	4.952635E+0	2.013180E+0	6.290252E+1	2.554422E-3	-5.862868E-6	4.177430E-9	2.111695E-6	1.247493E-8	1.000000E+0	
9.460435E+4	2.345000E+2	6.438426E+0	2.013180E+0	6.290252E+1	2.554422E-3	-1.297031E-5	9.943170E-9	4.672111E-6	3.854022E-9	1.000000E+0	
9.463573E+4	2.345000E+2	7.924216E+0	2.013180E+0	6.290252E+1	2.554422E-3	-2.409832E-5	1.154846E-8	8.858379E-6	1.350709E-8	1.000000E+0	
9.468330E+4	2.345000E+2	9.905270E-2	1.694270E+0	6.290252E+1	2.554422E-3	-2.439024E-8	1.026545E-9	-1.044396E-8	5.844737E-9	1.000000E+0	
9.471953E+4	2.345000E+2	2.971581E+0	1.694270E+0	6.290252E+1	2.554422E-3	-1.299597E-6	6.078313E-9	3.960056E-7	9.956050E-9	1.000000E+0	
9.475577E+4	2.345000E+2	4.952635E+0	1.694270E+0	6.290252E+1	2.554422E-3	-6.018364E-6	9.718457E-9	2.062287E-6	1.327110E-9	1.000000E+0	
9.479202E+4	2.345000E+2	6.438426E+0	1.694270E+0	6.290252E+1	2.554422E-3	-1.327059E-5	8.656536E-9	4.509380E-6	3.560327E-8	1.000000E+0	
9.482823E+4	2.345000E+2	7.924216E+0	1.694270E+0	6.290252E+1	2.554422E-3	-2.486238E-5	2.324691E-9	8.748212E-6	1.417745E-9	1.000000E+0	
9.488384E+4	2.345000E+2	9.905270E-2	1.425880E+0	6.290252E+1	2.554422E-3	-2.671680E-8	4.089256E-9	3.176460E-8	3.133207E-9	1.000000E+0	
9.492577E+4	2.345000E+2	2.971581E+0	1.425880E+0	6.290252E+1	2.554422E-3	-1.336606E-6	1.167336E-8	4.756770E-7	5.351609E-10	1.000000E+0	
9.496768E+4	2.345000E+2	4.952635E+0	1.425880E+0	6.290252E+1	2.554422E-3	-6.268947E-6	5.084823E-9	2.049668E-6	2.780304E-9	1.000000E+0	
9.500956E+4	2.345000E+2	6.438426E+0	1.425880E+0	6.290252E+1	2.554422E-3	-1.380953E-5	3.635125E-9	4.608579E-6	3.488377E-9	1.000000E+0	
9.505148E+4	2.345000E+2	7.924216E+0	1.425880E+0	6.290252E+1	2.554422E-3	-2.590475E-5	1.068143E-8	8.590901E-6	7.105890E-9	1.000000E+0	
9.511424E+4	2.345000E+2	9.905270E-2	1.200000E+0	6.290252E+1	2.554422E-3	-9.005614E-8	7.188818E-9	1.291900E-7	8.234612E-9	1.000000E+0	
9.516302E+4	2.345000E+2	2.971581E+0	1.200000E+0	6.290252E+1	2.554422E-3	-1.309992E-6	4.208167E-9	3.363395E-7	2.722049E-9	1.000000E+0	
9.521179E+4	2.345000E+2	4.952635E+0	1.200000E+0	6.290252E+1	2.554422E-3	-6.490851E-6	7.968288E-9	1.972624E-6	2.495240E-9	1.000000E+0	
9.526053E+4	2.345000E+2	6.438426E+0	1.200000E+0	6.290252E+1	2.554422E-3	-1.407422E-5	1.145426E-8	4.491462E-6	5.662412E-9	1.000000E+0	
9.530929E+4	2.345000E+2	7.924216E+0	1.200000E+0	6.290252E+1	2.554422E-3	-2.633908E-5	6.606019E-9	8.416754E-6	1.282007E-8	1.000000E+0	
--- > K and esd K (estimated based on user TCR) : -7.996733E+0	-2.891441E-1	

*** Temperature stable /K : 2.394600000E+2
--- > R0 : 6.366395E+1	6.366478E+1	6.365960E+1	6.365936E+1	6.365888E+1	6.366259E+1	6.366446E+1	6.366439E+1	6.366005E+1	6.366135E+1	6.365859E+1	6.366204E+1	
time /sec  	temp /K    	current /mA	freq /Hz   	R0 /Ohms   	esd R0     	V3X /V_rms 	esd V3X    	V3Y /V_rms 	esd V3Y    	Data_Valid?
9.558298E+4	2.394400E+2	9.905329E-2	8.000000E+0	6.366167E+1	2.350079E-3	-1.002411E-8	2.360512E-8	-1.204064E-8	1.590810E-8	1.000000E+0	
9.559531E+4	2.394400E+2	2.971599E+0	8.000000E+0	6.366167E+1	2.350079E-3	-8.482425E-7	1.511713E-8	3.964255E-7	5.356931E-9	1.000000E+0	
9.560761E+4	2.394400E+2	4.952664E+0	8.000000E+0	6.366167E+1	2.350079E-3	-3.958724E-6	3.995367E-8	2.014743E-6	2.661001E-8	1.000000E+0	
9.561991E+4	2.394500E+2	6.438464E+0	8.000000E+0	6.366167E+1	2.350079E-3	-8.568280E-6	9.958902E-9	4.387809E-6	1.659075E-8	1.000000E+0	
9.563225E+4	2.394600E+2	7.924263E+0	8.000000E+0	6.366167E+1	2.350079E-3	-1.590558E-5	2.100089E-8	8.165032E-6	3.937697E-8	1.000000E+0	
9.564914E+4	2.394700E+2	9.905329E-2	6.732700E+0	6.366167E+1	2.350079E-3	-2.284953E-8	2.422615E-8	2.093641E-8	5.056088E-9	1.000000E+0	
9.566263E+4	2.394800E+2	2.971599E+0	6.732700E+0	6.366167E+1	2.350079E-3	-8.266118E-7	1.573467E-8	4.553979E-7	9.370797E-9	1.000000E+0	
9.567608E+4	2.394800E+2	4.952664E+0	6.732700E+0	6.366167E+1	2.350079E-3	-4.072401E-6	3.234242E-9	1.982971E-6	7.737412E-9	1.000000E+0	
9.568958E+4	2.394900E+2	6.438464E+0	6.732700E+0	6.366167E+1	2.350079E-3	-9.049936E-6	1.064876E-8	4.388676E-6	1.073445E-8	1.000000E+0	
9.570308E+4	2.394900E+2	7.924263E+0	6.732700E+0	6.366167E+1	2.350079E-3	-1.684310E-5	1.374990E-8	8.225181E-6	2.583770E-8	1.000000E+0	
9.572343E+4	2.395000E+2	9.905329E-2	5.666150E+0	6.366167E+1	2.350079E-3	2.113233E-8	1.030934E-8	1.150284E-8	9.051808E-9	1.000000E+0	
9.573837E+4	2.395000E+2	2.971599E+0	5.666150E+0	6.366167E+1	2.350079E-3	-9.460161E-7	2.784829E-8	4.382797E-7	4.867133E-9	1.000000E+0	
9.575331E+4	2.395000E+2	4.952664E+0	5.666150E+0	6.366167E+1	2.350079E-3	-4.346888E-6	9.439084E-9	2.021215E-6	7.198190E-9	1.000000E+0	
9.576821E+4	2.395100E+2	6.438464E+0	5.666150E+0	6.366167E+1	2.350079E-3	-9.539899E-6	7.396301E-9	4.447006E-6	1.045208E-8	1.000000E+0	
9.578315E+4	2.395000E+2	7.924263E+0	5.666150E+0	6.366167E+1	2.350079E-3	-1.780354E-5	6.956888E-9	8.308333E-6	1.811765E-8	1.000000E+0	
9.580353E+4	2.395100E+2	9.905329E-2	4.768560E+0	6.366167E+1	2.350079E-3	3.864976E-8	5.414350E-9	-2.826178E-8	2.621889E-9	1.000000E+0	
9.582017E+4	2.395000E+2	2.971599E+0	4.768560E+0	6.366167E+1	2.350079E-3	-1.077839E-6	5.580537E-8	4.174617E-7	3.549558E-8	1.000000E+0	
9.583678E+4	2.395000E+2	4.952664E+0	4.768560E+0	6.366167E+1	2.350079E-3	-4.513857E-6	1.270963E-8	2.046641E-6	9.249845E-9	1.000000E+0	
9.585341E+4	2.395000E+2	6.438464E+0	4.768560E+0	6.366167E+1	2.350079E-3	-1.002063E-5	1.015691E-8	4.503720E-6	2.509807E-9	1.000000E+0	
9.587005E+4	2.395000E+2	7.924263E+0	4.768560E+0	6.366167E+1	2.350079E-3	-1.869450E-5	4.059274E-9	8.389804E-6	2.005639E-9	1.000000E+0	
9.589503E+4	2.395000E+2	9.905329E-2	4.013160E+0	6.366167E+1	2.350079E-3	1.357912E-8	9.746576E-9	1.831210E-8	3.807629E-9	1.000000E+0	
9.591367E+4	2.395000E+2	2.971599E+0	4.013160E+0	6.366167E+1	2.350079E-3	-1.020607E-6	6.078357E-9	4.499865E-7	6.446095E-9	1.000000E+0	
9.593232E+4	2.395000E+2	4.952664E+0	4.013160E+0	6.366167E+1	2.350079E-3	-4.774008E-6	4.533262E-9	2.032002E-6	1.104198E-8	1.000000E+0	
9.595096E+4	2.395000E+2	6.438464E+0	4.013160E+0	6.366167E+1	2.350079E-3	-1.060405E-5	1.382880E-8	4.538672E-6	2.610803E-8	1.000000E+0	
9.596961E+4	2.395000E+2	7.924263E+0	4.013160E+0	6.366167E+1	2.350079E-3	-1.962326E-5	1.413064E-8	8.454688E-6	2.138063E-9	1.000000E+0	
9.599691E+4	2.395000E+2	9.905329E-2	3.377430E+0	6.366167E+1	2.350079E-3	-2.451990E-9	1.714539E-9	3.326758E-8	9.561035E-9	1.000000E+0	
9.601798E+4	2.395000E+2	2.971599E+0	3.377430E+0	6.366167E+1	2.350079E-3	-1.076316E-6	1.480338E-8	4.391485E-7	4.163143E-9	1.000000E+0	
9.603906E+4	2.395000E+2	4.952664E+0	3.377430E+0	6.366167E+1	2.350079E-3	-4.983334E-6	5.043943E-9	2.076766E-6	2.130659E-9	1.000000E+0	
9.606015E+4	2.395000E+2	6.438464E+0	3.377430E+0	6.366167E+1	2.350079E-3	-1.103339E-5	1.345905E-8	4.617393E-6	4.053178E-9	1.000000E+0	
9.608124E+4	2.395000E+2	7.924263E+0	3.377430E+0	6.366167E+1	2.350079E-3	-2.055371E-5	3.905721E-9	8.538450E-6	2.860205E-9	1.000000E+0	
9.611215E+4	2.395000E+2	9.905329E-2	2.842400E+0	6.366167E+1	2.350079E-3	2.016404E-8	8.543989E-9	1.362394E-7	1.041154E-8	1.000000E+0	
9.613609E+4	2.395000E+2	2.971599E+0	2.842400E+0	6.366167E+1	2.350079E-3	-1.114809E-6	2.350450E-9	4.756388E-7	3.302111E-9	1.000000E+0	
9.616004E+4	2.395000E+2	4.952664E+0	2.842400E+0	6.366167E+1	2.350079E-3	-5.189023E-6	5.111631E-9	2.060931E-6	1.243999E-9	1.000000E+0	
9.618402E+4	2.395000E+2	6.438464E+0	2.842400E+0	6.366167E+1	2.350079E-3	-1.156582E-5	3.327724E-9	4.599402E-6	3.862410E-9	1.000000E+0	
9.620794E+4	2.395000E+2	7.924263E+0	2.842400E+0	6.366167E+1	2.350079E-3	-2.151125E-5	7.640865E-9	8.593121E-6	2.487851E-9	1.000000E+0	
9.624345E+4	2.395000E+2	9.905329E-2	2.392130E+0	6.366167E+1	2.350079E-3	2.346451E-8	1.313833E-8	-6.070273E-8	1.558680E-8	1.000000E+0	
9.627083E+4	2.395000E+2	2.971599E+0	2.392130E+0	6.366167E+1	2.350079E-3	-1.173519E-6	4.320326E-9	4.826304E-7	1.038685E-9	1.000000E+0	
9.629818E+4	2.395000E+2	4.952664E+0	2.392130E+0	6.366167E+1	2.350079E-3	-5.438294E-6	1.122665E-8	2.053769E-6	3.367710E-9	1.000000E+0	
9.632555E+4	2.395000E+2	6.438464E+0	2.392130E+0	6.366167E+1	2.350079E-3	-1.215685E-5	3.301562E-8	4.872211E-6	5.070068E-8	1.000000E+0	
9.635288E+4	2.395000E+2	7.924263E+0	2.392130E+0	6.366167E+1	2.350079E-3	-2.250314E-5	4.343765E-10	8.621287E-6	2.036825E-9	1.000000E+0	
9.639373E+4	2.395000E+2	9.905329E-2	2.013180E+0	6.366167E+1	2.350079E-3	1.565653E-8	1.699970E-9	-2.426182E-8	5.251660E-9	1.000000E+0	
9.642518E+4	2.395000E+2	2.971599E+0	2.013180E+0	6.366167E+1	2.350079E-3	-1.193008E-6	5.554642E-9	4.375024E-7	6.279840E-10	1.000000E+0	
9.645661E+4	2.395000E+2	4.952664E+0	2.013180E+0	6.366167E+1	2.350079E-3	-5.623228E-6	1.893088E-8	2.125444E-6	5.908829E-10	1.000000E+0	
9.648804E+4	2.395000E+2	6.438464E+0	2.013180E+0	6.366167E+1	2.350079E-3	-1.266585E-5	1.304870E-8	4.787634E-6	2.936366E-8	1.000000E+0	
9.651945E+4	2.395000E+2	7.924263E+0	2.013180E+0	6.366167E+1	2.350079E-3	-2.342929E-5	5.843633E-9	8.670031E-6	1.113169E-8	1.000000E+0	
9.656712E+4	2.395000E+2	9.905329E-2	1.694270E+0	6.366167E+1	2.350079E-3	4.787881E-8	6.390675E-10	6.309448E-8	2.040568E-9	1.000000E+0	
9.660336E+4	2.395000E+2	2.971599E+0	1.694270E+0	6.366167E+1	2.350079E-3	-1.254957E-6	2.273813E-9	4.364563E-7	4.933642E-9	1.000000E+0	
9.663958E+4	2.395000E+2	4.952664E+0	1.694270E+0	6.366167E+1	2.350079E-3	-5.960092E-6	5.921304E-9	2.130685E-6	4.383556E-9	1.000000E+0	
9.667579E+4	2.395000E+2	6.438464E+0	1.694270E+0	6.366167E+1	2.350079E-3	-1.311450E-5	3.068230E-9	4.673858E-6	3.000713E-9	1.000000E+0	
9.671199E+4	2.395000E+2	7.924263E+0	1.694270E+0	6.366167E+1	2.350079E-3	-2.442463E-5	5.028556E-10	8.676649E-6	1.481302E-9	1.000000E+0	
9.676771E+4	2.395000E+2	9.905329E-2	1.425880E+0	6.366167E+1	2.350079E-3	-1.967459E-7	2.135437E-8	2.585481E-7	2.264335E-8	1.000000E+0	
9.680963E+4	2.395000E+2	2.971599E+0	1.425880E+0	6.366167E+1	2.350079E-3	-1.233730E-6	1.981309E-8	4.027518E-7	7.848324E-9	1.000000E+0	
9.685157E+4	2.395000E+2	4.952664E+0	1.425880E+0	6.366167E+1	2.350079E-3	-6.094512E-6	1.787046E-8	2.157188E-6	7.915382E-9	1.000000E+0	
9.689350E+4	2.395000E+2	6.438464E+0	1.425880E+0	6.366167E+1	2.350079E-3	-1.361924E-5	1.224494E-9	4.635272E-6	2.659494E-9	1.000000E+0	
9.693542E+4	2.395000E+2	7.924263E+0	1.425880E+0	6.366167E+1	2.350079E-3	-2.520317E-5	3.017199E-8	8.785938E-6	2.022317E-8	1.000000E+0	
9.699795E+4	2.395000E+2	9.905329E-2	1.200000E+0	6.366167E+1	2.350079E-3	8.486128E-8	1.799383E-8	-2.897179E-8	7.610105E-9	1.000000E+0	
9.704671E+4	2.395000E+2	2.971599E+0	1.200000E+0	6.366167E+1	2.350079E-3	-1.371647E-6	1.124932E-8	3.943152E-7	4.276385E-10	1.000000E+0	
9.709544E+4	2.395000E+2	4.952664E+0	1.200000E+0	6.366167E+1	2.350079E-3	-6.322142E-6	4.068816E-9	1.964211E-6	1.454626E-9	1.000000E+0	
9.714418E+4	2.395000E+2	6.438464E+0	1.200000E+0	6.366167E+1	2.350079E-3	-1.403962E-5	2.400400E-9	4.562333E-6	3.114547E-9	1.000000E+0	
9.719291E+4	2.395000E+2	7.924263E+0	1.200000E+0	6.366167E+1	2.350079E-3	-2.620025E-5	7.910463E-10	8.554633E-6	1.259100E-10	1.000000E+0	
--- > K and esd K (estimated based on user TCR) : -7.702187E+0	-3.165926E-2	

*** Temperature stable /K : 2.444600000E+2
--- > R0 : 6.390015E+1	6.389677E+1	6.389431E+1	6.389906E+1	6.390115E+1	6.390105E+1	6.390030E+1	6.389763E+1	6.389651E+1	6.389647E+1	6.390147E+1	6.390379E+1	
time /sec  	temp /K    	current /mA	freq /Hz   	R0 /Ohms   	esd R0     	V3X /V_rms 	esd V3X    	V3Y /V_rms 	esd V3Y    	Data_Valid?
9.746624E+4	2.444500E+2	9.905324E-2	8.000000E+0	6.389906E+1	2.734366E-3	1.077793E-8	7.367755E-9	7.661942E-9	4.036295E-9	1.000000E+0	
9.747852E+4	2.444400E+2	2.971597E+0	8.000000E+0	6.389906E+1	2.734366E-3	-8.413242E-7	7.342018E-9	4.226704E-7	1.132905E-8	1.000000E+0	
9.749077E+4	2.444500E+2	4.952662E+0	8.000000E+0	6.389906E+1	2.734366E-3	-3.817173E-6	1.566399E-8	1.962363E-6	1.765866E-8	1.000000E+0	
9.750309E+4	2.444500E+2	6.438460E+0	8.000000E+0	6.389906E+1	2.734366E-3	-8.452921E-6	1.419190E-8	4.323208E-6	1.147708E-8	1.000000E+0	
9.751539E+4	2.444600E+2	7.924259E+0	8.000000E+0	6.389906E+1	2.734366E-3	-1.571162E-5	1.017406E-8	8.052572E-6	1.878616E-8	1.000000E+0	
9.753244E+4	2.444700E+2	9.905324E-2	6.732700E+0	6.389906E+1	2.734366E-3	1.487714E-8	7.724467E-9	1.799062E-8	5.977122E-9	1.000000E+0	
9.754591E+4	2.444800E+2	2.971597E+0	6.732700E+0	6.389906E+1	2.734366E-3	-8.453775E-7	2.247013E-8	4.029879E-7	1.318168E-8	1.000000E+0	
9.755935E+4	2.444800E+2	4.952662E+0	6.732700E+0	6.389906E+1	2.734366E-3	-3.994412E-6	8.632237E-9	1.979194E-6	7.701669E-9	1.000000E+0	
9.757283E+4	2.444900E+2	6.438460E+0	6.732700E+0	6.389906E+1	2.734366E-3	-8.989300E-6	1.036813E-8	4.375902E-6	6.539039E-9	1.000000E+0	
9.758630E+4	2.444900E+2	7.924259E+0	6.732700E+0	6.389906E+1	2.734366E-3	-1.665080E-5	1.281814E-8	8.230350E-6	5.229155E-8	1.000000E+0	
9.760680E+4	2.445000E+2	9.905324E-2	5.666150E+0	6.389906E+1	2.734366E-3	1.895507E-8	1.785959E-8	7.998803E-8	1.896009E-8	1.000000E+0	
9.762170E+4	2.445000E+2	2.971597E+0	5.666150E+0	6.389906E+1	2.734366E-3	-9.297277E-7	2.900108E-9	4.000457E-7	1.625436E-8	1.000000E+0	
9.763662E+4	2.445100E+2	4.952662E+0	5.666150E+0	6.389906E+1	2.734366E-3	-4.193221E-6	6.934185E-8	1.990110E-6	9.919804E-9	1.000000E+0	
9.765158E+4	2.445100E+2	6.438460E+0	5.666150E+0	6.389906E+1	2.734366E-3	-9.453426E-6	1.299841E-8	4.430100E-6	6.165895E-9	1.000000E+0	
9.766648E+4	2.445100E+2	7.924259E+0	5.666150E+0	6.389906E+1	2.734366E-3	-1.762032E-5	1.007460E-8	8.261583E-6	4.259919E-9	1.000000E+0	
9.768688E+4	2.445100E+2	9.905324E-2	4.768560E+0	6.389906E+1	2.734366E-3	-1.131346E-8	5.061892E-9	1.008393E-8	7.632416E-9	1.000000E+0	
9.770345E+4	2.445000E+2	2.971597E+0	4.768560E+0	6.389906E+1	2.734366E-3	-9.647486E-7	2.604041E-9	3.895595E-7	7.201000E-9	1.000000E+0	
9.772009E+4	2.445000E+2	4.952662E+0	4.768560E+0	6.389906E+1	2.734366E-3	-4.478616E-6	1.312088E-8	2.054549E-6	3.549341E-9	1.000000E+0	
9.773673E+4	2.445000E+2	6.438460E+0	4.768560E+0	6.389906E+1	2.734366E-3	-9.961949E-6	5.526624E-9	4.496031E-6	1.126122E-8	1.000000E+0	
9.775334E+4	2.445000E+2	7.924259E+0	4.768560E+0	6.389906E+1	2.734366E-3	-1.857446E-5	9.343233E-9	8.376615E-6	3.526948E-9	1.000000E+0	
9.777812E+4	2.445000E+2	9.905324E-2	4.013160E+0	6.389906E+1	2.734366E-3	9.311820E-8	3.118346E-8	-7.845519E-8	1.918104E-8	1.000000E+0	
9.779675E+4	2.445000E+2	2.971597E+0	4.013160E+0	6.389906E+1	2.734366E-3	-9.986915E-7	3.343399E-9	4.748218E-7	4.752017E-9	1.000000E+0	
9.781537E+4	2.445000E+2	4.952662E+0	4.013160E+0	6.389906E+1	2.734366E-3	-4.707156E-6	1.340442E-8	1.923651E-6	7.325783E-8	1.000000E+0	
9.783405E+4	2.445000E+2	6.438460E+0	4.013160E+0	6.389906E+1	2.734366E-3	-1.046644E-5	1.176083E-8	4.514927E-6	1.696110E-8	1.000000E+0	
9.785270E+4	2.445000E+2	7.924259E+0	4.013160E+0	6.389906E+1	2.734366E-3	-1.950365E-5	4.377489E-9	8.407976E-6	1.460182E-8	1.000000E+0	
9.788025E+4	2.445000E+2	9.905324E-2	3.377430E+0	6.389906E+1	2.734366E-3	-1.697791E-7	1.902095E-8	-8.025309E-8	4.308184E-8	1.000000E+0	
9.790132E+4	2.445000E+2	2.971597E+0	3.377430E+0	6.389906E+1	2.734366E-3	-1.036314E-6	4.183470E-9	4.348027E-7	9.443374E-9	1.000000E+0	
9.792245E+4	2.445000E+2	4.952662E+0	3.377430E+0	6.389906E+1	2.734366E-3	-4.980122E-6	5.227453E-9	2.093380E-6	1.425333E-8	1.000000E+0	
9.794355E+4	2.445000E+2	6.438460E+0	3.377430E+0	6.389906E+1	2.734366E-3	-1.099489E-5	5.979290E-9	4.565901E-6	7.846809E-9	1.000000E+0	
9.796465E+4	2.445000E+2	7.924259E+0	3.377430E+0	6.389906E+1	2.734366E-3	-2.047239E-5	1.385153E-8	8.468744E-6	9.135425E-9	1.000000E+0	
9.799540E+4	2.445000E+2	9.905324E-2	2.842400E+0	6.389906E+1	2.734366E-3	1.339650E-8	7.272286E-9	-3.827269E-10	4.669366E-9	1.000000E+0	
9.801932E+4	2.445000E+2	2.971597E+0	2.842400E+0	6.389906E+1	2.734366E-3	-1.120888E-6	7.550198E-9	4.493565E-7	5.654938E-9	1.000000E+0	
9.804324E+4	2.445000E+2	4.952662E+0	2.842400E+0	6.389906E+1	2.734366E-3	-5.176878E-6	8.182941E-9	2.073865E-6	5.244071E-9	1.000000E+0	
9.806721E+4	2.445000E+2	6.438460E+0	2.842400E+0	6.389906E+1	2.734366E-3	-1.149594E-5	6.349782E-9	4.594741E-6	1.510440E-9	1.000000E+0	
9.809115E+4	2.445000E+2	7.924259E+0	2.842400E+0	6.389906E+1	2.734366E-3	-2.141142E-5	7.350328E-9	8.568350E-6	7.623949E-9	1.000000E+0	
9.812684E+4	2.445000E+2	9.905324E-2	2.392130E+0	6.389906E+1	2.734366E-3	3.465587E-8	4.272713E-9	-3.396187E-9	4.471089E-9	1.000000E+0	
9.815419E+4	2.445000E+2	2.971597E+0	2.392130E+0	6.389906E+1	2.734366E-3	-1.141863E-6	1.987527E-9	4.482004E-7	4.354465E-9	1.000000E+0	
9.818153E+4	2.445000E+2	4.952662E+0	2.392130E+0	6.389906E+1	2.734366E-3	-5.381919E-6	1.298408E-8	2.211866E-6	6.193660E-8	1.000000E+0	
9.820889E+4	2.445000E+2	6.438460E+0	2.392130E+0	6.389906E+1	2.734366E-3	-1.181488E-5	1.494094E-8	4.633954E-6	2.369324E-8	1.000000E+0	
9.823623E+4	2.445000E+2	7.924259E+0	2.392130E+0	6.389906E+1	2.734366E-3	-2.243497E-5	2.394419E-9	8.594040E-6	8.082590E-9	1.000000E+0	
9.827762E+4	2.445000E+2	9.905324E-2	2.013180E+0	6.389906E+1	2.734366E-3	6.970870E-9	4.680868E-9	-4.310641E-9	3.878849E-9	1.000000E+0	
9.830905E+4	2.445000E+2	2.971597E+0	2.013180E+0	6.389906E+1	2.734366E-3	-1.205255E-6	2.453045E-9	4.487474E-7	3.349434E-9	1.000000E+0	
9.834052E+4	2.445000E+2	4.952662E+0	2.013180E+0	6.389906E+1	2.734366E-3	-5.692442E-6	2.518026E-10	2.098998E-6	3.931972E-9	1.000000E+0	
9.837195E+4	2.445000E+2	6.438460E+0	2.013180E+0	6.389906E+1	2.734366E-3	-1.249142E-5	2.947687E-8	4.848740E-6	6.750642E-8	1.000000E+0	
9.840339E+4	2.445000E+2	7.924259E+0	2.013180E+0	6.389906E+1	2.734366E-3	-2.334412E-5	9.132009E-9	8.774613E-6	2.439091E-8	1.000000E+0	
9.845079E+4	2.445000E+2	9.905324E-2	1.694270E+0	6.389906E+1	2.734366E-3	-2.096504E-7	7.510175E-9	1.542812E-7	2.007181E-8	1.000000E+0	
9.848702E+4	2.445000E+2	2.971597E+0	1.694270E+0	6.389906E+1	2.734366E-3	-1.383115E-6	3.521577E-8	4.841542E-7	1.725374E-9	1.000000E+0	
9.852331E+4	2.445000E+2	4.952662E+0	1.694270E+0	6.389906E+1	2.734366E-3	-5.904407E-6	1.122152E-8	2.161160E-6	3.656925E-9	1.000000E+0	
9.855957E+4	2.445000E+2	6.438460E+0	1.694270E+0	6.389906E+1	2.734366E-3	-1.298520E-5	3.970906E-9	4.669923E-6	4.577672E-9	1.000000E+0	
9.859583E+4	2.445000E+2	7.924259E+0	1.694270E+0	6.389906E+1	2.734366E-3	-2.412344E-5	3.657882E-8	8.597151E-6	3.538456E-9	1.000000E+0	
9.865105E+4	2.445000E+2	9.905324E-2	1.425880E+0	6.389906E+1	2.734366E-3	-2.738374E-7	2.026887E-8	2.856658E-7	2.394869E-8	1.000000E+0	
9.869294E+4	2.445000E+2	2.971597E+0	1.425880E+0	6.389906E+1	2.734366E-3	-1.306363E-6	1.902358E-9	3.741398E-7	3.046320E-9	1.000000E+0	
9.873486E+4	2.445000E+2	4.952662E+0	1.425880E+0	6.389906E+1	2.734366E-3	-6.123639E-6	4.261627E-9	2.096141E-6	4.156746E-9	1.000000E+0	
9.877680E+4	2.445000E+2	6.438460E+0	1.425880E+0	6.389906E+1	2.734366E-3	-1.356640E-5	4.930425E-9	4.672406E-6	1.291863E-9	1.000000E+0	
9.881877E+4	2.445000E+2	7.924259E+0	1.425880E+0	6.389906E+1	2.734366E-3	-2.528039E-5	7.252206E-9	8.716550E-6	2.136813E-9	1.000000E+0	
9.888122E+4	2.445000E+2	9.905324E-2	1.200000E+0	6.389906E+1	2.734366E-3	-1.349577E-8	5.505678E-9	-2.232101E-8	4.336645E-9	1.000000E+0	
9.892998E+4	2.445000E+2	2.971597E+0	1.200000E+0	6.389906E+1	2.734366E-3	-1.427287E-6	7.336256E-9	2.649330E-7	2.544725E-8	1.000000E+0	
9.897874E+4	2.445000E+2	4.952662E+0	1.200000E+0	6.389906E+1	2.734366E-3	-6.150628E-6	1.278391E-9	1.996906E-6	1.438954E-8	1.000000E+0	
9.902752E+4	2.445000E+2	6.438460E+0	1.200000E+0	6.389906E+1	2.734366E-3	-1.400989E-5	2.292489E-8	4.289991E-6	2.223829E-8	1.000000E+0	
9.907629E+4	2.445000E+2	7.924259E+0	1.200000E+0	6.389906E+1	2.734366E-3	-2.628584E-5	6.533335E-9	8.427633E-6	8.047945E-9	1.000000E+0	
--- > K and esd K (estimated based on user TCR) : -7.760001E+0	-6.795577E-2	

*** Temperature stable /K : 2.494600000E+2
--- > R0 : 6.406512E+1	6.406259E+1	6.406274E+1	6.406367E+1	6.406246E+1	6.406839E+1	6.406625E+1	6.406496E+1	6.406026E+1	6.406260E+1	6.406312E+1	6.406727E+1	
time /sec  	temp /K    	current /mA	freq /Hz   	R0 /Ohms   	esd R0     	V3X /V_rms 	esd V3X    	V3Y /V_rms 	esd V3Y    	Data_Valid?
9.934956E+4	2.494500E+2	9.905308E-2	8.000000E+0	6.406412E+1	2.332200E-3	2.364508E-8	1.331343E-8	5.223743E-9	3.747014E-9	1.000000E+0	
9.936185E+4	2.494400E+2	2.971592E+0	8.000000E+0	6.406412E+1	2.332200E-3	-8.086004E-7	8.924440E-9	4.575052E-7	2.554094E-8	1.000000E+0	
9.937414E+4	2.494500E+2	4.952654E+0	8.000000E+0	6.406412E+1	2.332200E-3	-3.794661E-6	7.866086E-9	1.933403E-6	1.341674E-8	1.000000E+0	
9.938644E+4	2.494500E+2	6.438450E+0	8.000000E+0	6.406412E+1	2.332200E-3	-8.444376E-6	8.251781E-9	4.289152E-6	8.038969E-9	1.000000E+0	
9.939873E+4	2.494600E+2	7.924246E+0	8.000000E+0	6.406412E+1	2.332200E-3	-1.568884E-5	2.033618E-8	8.028142E-6	1.145541E-8	1.000000E+0	
9.941547E+4	2.494700E+2	9.905308E-2	6.732700E+0	6.406412E+1	2.332200E-3	-7.467674E-9	1.918581E-8	1.821452E-8	2.020419E-8	1.000000E+0	
9.942895E+4	2.494800E+2	2.971592E+0	6.732700E+0	6.406412E+1	2.332200E-3	-9.028564E-7	1.639751E-8	4.503067E-7	1.510439E-8	1.000000E+0	
9.944244E+4	2.494800E+2	4.952654E+0	6.732700E+0	6.406412E+1	2.332200E-3	-4.089515E-6	3.564064E-8	1.999043E-6	1.903803E-8	1.000000E+0	
9.945589E+4	2.494900E+2	6.438450E+0	6.732700E+0	6.406412E+1	2.332200E-3	-8.943256E-6	5.065864E-9	4.370514E-6	1.268148E-8	1.000000E+0	
9.946932E+4	2.495000E+2	7.924246E+0	6.732700E+0	6.406412E+1	2.332200E-3	-1.663466E-5	6.961370E-9	8.203860E-6	2.486825E-8	1.000000E+0	
9.948796E+4	2.495000E+2	9.905308E-2	5.666150E+0	6.406412E+1	2.332200E-3	2.940131E-8	1.417197E-8	-9.208955E-9	1.481429E-8	1.000000E+0	
9.950288E+4	2.495000E+2	2.971592E+0	5.666150E+0	6.406412E+1	2.332200E-3	-9.492082E-7	1.794650E-8	4.542851E-7	9.108166E-9	1.000000E+0	
9.951784E+4	2.495000E+2	4.952654E+0	5.666150E+0	6.406412E+1	2.332200E-3	-4.275726E-6	1.854739E-8	1.994886E-6	1.000519E-8	1.000000E+0	
9.953277E+4	2.495000E+2	6.438450E+0	5.666150E+0	6.406412E+1	2.332200E-3	-9.420036E-6	1.210407E-8	4.455316E-6	5.867074E-9	1.000000E+0	
9.954771E+4	2.495000E+2	7.924246E+0	5.666150E+0	6.406412E+1	2.332200E-3	-1.752047E-5	1.876263E-8	8.262721E-6	1.019842E-8	1.000000E+0	
9.956921E+4	2.495000E+2	9.905308E-2	4.768560E+0	6.406412E+1	2.332200E-3	-1.026609E-8	7.372097E-9	-4.672755E-9	5.828412E-9	1.000000E+0	
9.958585E+4	2.495000E+2	2.971592E+0	4.768560E+0	6.406412E+1	2.332200E-3	-9.551745E-7	1.286990E-8	4.293676E-7	9.578508E-9	1.000000E+0	
9.960247E+4	2.495000E+2	4.952654E+0	4.768560E+0	6.406412E+1	2.332200E-3	-4.473449E-6	2.942683E-9	2.051650E-6	7.247229E-9	1.000000E+0	
9.961914E+4	2.495000E+2	6.438450E+0	4.768560E+0	6.406412E+1	2.332200E-3	-9.943932E-6	1.012228E-8	4.524484E-6	8.493360E-9	1.000000E+0	
9.963574E+4	2.495000E+2	7.924246E+0	4.768560E+0	6.406412E+1	2.332200E-3	-1.850691E-5	1.200085E-8	8.363369E-6	3.760293E-9	1.000000E+0	
9.966028E+4	2.495000E+2	9.905308E-2	4.013160E+0	6.406412E+1	2.332200E-3	2.688684E-8	3.533665E-9	-9.839776E-9	9.042844E-9	1.000000E+0	
9.967895E+4	2.495000E+2	2.971592E+0	4.013160E+0	6.406412E+1	2.332200E-3	-1.014296E-6	9.071987E-9	4.198089E-7	8.786329E-9	1.000000E+0	
9.969756E+4	2.495000E+2	4.952654E+0	4.013160E+0	6.406412E+1	2.332200E-3	-4.727326E-6	5.791872E-9	2.003267E-6	8.173783E-9	1.000000E+0	
9.971623E+4	2.495000E+2	6.438450E+0	4.013160E+0	6.406412E+1	2.332200E-3	-1.044231E-5	2.566096E-9	4.519626E-6	4.381069E-9	1.000000E+0	
9.973487E+4	2.495000E+2	7.924246E+0	4.013160E+0	6.406412E+1	2.332200E-3	-1.950607E-5	2.924337E-9	8.449053E-6	1.773158E-8	1.000000E+0	
9.976236E+4	2.495000E+2	9.905308E-2	3.377430E+0	6.406412E+1	2.332200E-3	2.031043E-9	5.013288E-9	8.046626E-9	1.103889E-8	1.000000E+0	
9.978344E+4	2.495000E+2	2.971592E+0	3.377430E+0	6.406412E+1	2.332200E-3	-1.038419E-6	1.031650E-8	4.859781E-7	8.639217E-9	1.000000E+0	
9.980451E+4	2.495000E+2	4.952654E+0	3.377430E+0	6.406412E+1	2.332200E-3	-4.930460E-6	4.768617E-9	2.049102E-6	1.179372E-8	1.000000E+0	
9.982555E+4	2.495000E+2	6.438450E+0	3.377430E+0	6.406412E+1	2.332200E-3	-1.095184E-5	4.555643E-9	4.568389E-6	9.153973E-9	1.000000E+0	
9.984662E+4	2.495000E+2	7.924246E+0	3.377430E+0	6.406412E+1	2.332200E-3	-2.042253E-5	1.149186E-8	8.532066E-6	4.942425E-9	1.000000E+0	
9.987855E+4	2.495000E+2	9.905308E-2	2.842400E+0	6.406412E+1	2.332200E-3	2.395551E-8	2.123238E-9	1.480987E-8	9.792980E-9	1.000000E+0	
9.990251E+4	2.495000E+2	2.971592E+0	2.842400E+0	6.406412E+1	2.332200E-3	-1.054509E-6	1.411709E-8	4.236929E-7	1.224583E-8	1.000000E+0	
9.992637E+4	2.495000E+2	4.952654E+0	2.842400E+0	6.406412E+1	2.332200E-3	-5.245846E-6	2.271042E-8	1.978540E-6	3.883654E-8	1.000000E+0	
9.995036E+4	2.495000E+2	6.438450E+0	2.842400E+0	6.406412E+1	2.332200E-3	-1.145826E-5	4.305933E-9	4.641739E-6	4.813423E-9	1.000000E+0	
9.997427E+4	2.495000E+2	7.924246E+0	2.842400E+0	6.406412E+1	2.332200E-3	-2.138435E-5	7.857368E-9	8.583406E-6	9.997026E-9	1.000000E+0	
1.000100E+5	2.495000E+2	9.905308E-2	2.392130E+0	6.406412E+1	2.332200E-3	-4.263100E-8	9.228089E-9	-1.722909E-8	4.616729E-9	1.000000E+0	
1.000373E+5	2.495000E+2	2.971592E+0	2.392130E+0	6.406412E+1	2.332200E-3	-1.169190E-6	1.006525E-8	4.400168E-7	9.949648E-9	1.000000E+0	
1.000647E+5	2.495000E+2	4.952654E+0	2.392130E+0	6.406412E+1	2.332200E-3	-5.340912E-6	2.077501E-8	2.088911E-6	4.158927E-9	1.000000E+0	
1.000919E+5	2.495000E+2	6.438450E+0	2.392130E+0	6.406412E+1	2.332200E-3	-1.200787E-5	2.379942E-9	4.642575E-6	4.789649E-9	1.000000E+0	
1.001193E+5	2.495000E+2	7.924246E+0	2.392130E+0	6.406412E+1	2.332200E-3	-2.236803E-5	2.263877E-9	8.630760E-6	6.431290E-9	1.000000E+0	
1.001602E+5	2.495000E+2	9.905308E-2	2.013180E+0	6.406412E+1	2.332200E-3	4.305952E-9	6.016585E-9	1.725383E-8	2.717378E-9	1.000000E+0	
1.001916E+5	2.495000E+2	2.971592E+0	2.013180E+0	6.406412E+1	2.332200E-3	-1.203002E-6	3.835880E-9	4.586119E-7	9.106856E-9	1.000000E+0	
1.002230E+5	2.495000E+2	4.952654E+0	2.013180E+0	6.406412E+1	2.332200E-3	-5.655083E-6	1.413896E-9	2.083663E-6	2.707220E-9	1.000000E+0	
1.002544E+5	2.495000E+2	6.438450E+0	2.013180E+0	6.406412E+1	2.332200E-3	-1.256404E-5	1.772106E-9	4.665239E-6	6.708126E-10	1.000000E+0	
1.002857E+5	2.495000E+2	7.924246E+0	2.013180E+0	6.406412E+1	2.332200E-3	-2.330111E-5	3.805380E-9	8.644294E-6	7.495474E-9	1.000000E+0	
1.003334E+5	2.495000E+2	9.905308E-2	1.694270E+0	6.406412E+1	2.332200E-3	1.085558E-8	2.429651E-9	2.864065E-8	5.035339E-9	1.000000E+0	
1.003696E+5	2.495000E+2	2.971592E+0	1.694270E+0	6.406412E+1	2.332200E-3	-1.523744E-6	9.354734E-9	7.892604E-7	1.065056E-8	1.000000E+0	
1.004058E+5	2.495000E+2	4.952654E+0	1.694270E+0	6.406412E+1	2.332200E-3	-6.029035E-6	1.656789E-8	2.216653E-6	2.685038E-8	1.000000E+0	
1.004420E+5	2.495000E+2	6.438450E+0	1.694270E+0	6.406412E+1	2.332200E-3	-1.304107E-5	6.710631E-9	4.648651E-6	6.362203E-9	1.000000E+0	
1.004781E+5	2.495000E+2	7.924246E+0	1.694270E+0	6.406412E+1	2.332200E-3	-2.429104E-5	9.744393E-9	8.793331E-6	6.897087E-9	1.000000E+0	
1.005334E+5	2.495000E+2	9.905308E-2	1.425880E+0	6.406412E+1	2.332200E-3	7.735659E-8	1.848706E-8	4.667182E-8	3.853884E-8	1.000000E+0	
1.005753E+5	2.495000E+2	2.971592E+0	1.425880E+0	6.406412E+1	2.332200E-3	-1.311458E-6	5.570823E-9	4.702304E-7	2.089436E-9	1.000000E+0	
1.006172E+5	2.495000E+2	4.952654E+0	1.425880E+0	6.406412E+1	2.332200E-3	-6.079127E-6	1.316529E-8	2.132119E-6	1.159943E-8	1.000000E+0	
1.006591E+5	2.495000E+2	6.438450E+0	1.425880E+0	6.406412E+1	2.332200E-3	-1.315235E-5	5.136713E-8	4.942990E-6	9.429661E-9	1.000000E+0	
1.007010E+5	2.495000E+2	7.924246E+0	1.425880E+0	6.406412E+1	2.332200E-3	-2.526517E-5	2.153878E-9	8.717436E-6	2.518540E-9	1.000000E+0	
1.007634E+5	2.495000E+2	9.905308E-2	1.200000E+0	6.406412E+1	2.332200E-3	6.410941E-8	5.747757E-8	1.816884E-8	5.472232E-8	1.000000E+0	
1.008121E+5	2.495000E+2	2.971592E+0	1.200000E+0	6.406412E+1	2.332200E-3	-1.559486E-6	9.363363E-9	2.058925E-7	1.931498E-9	1.000000E+0	
1.008608E+5	2.495000E+2	4.952654E+0	1.200000E+0	6.406412E+1	2.332200E-3	-6.338399E-6	2.891653E-8	2.093691E-6	4.245437E-8	1.000000E+0	
1.009096E+5	2.495000E+2	6.438450E+0	1.200000E+0	6.406412E+1	2.332200E-3	-1.399689E-5	1.206009E-8	4.599895E-6	1.489780E-8	1.000000E+0	
1.009582E+5	2.495000E+2	7.924246E+0	1.200000E+0	6.406412E+1	2.332200E-3	-2.612387E-5	1.706398E-9	8.510654E-6	5.457370E-9	1.000000E+0	
--- > K and esd K (estimated based on user TCR) : -7.755982E+0	-2.645698E-2	

*** Temperature stable /K : 2.544700000E+2
--- > R0 : 6.427626E+1	6.427287E+1	6.426993E+1	6.427091E+1	6.427740E+1	6.427608E+1	6.427819E+1	6.427192E+1	6.427032E+1	6.427306E+1	6.427515E+1	6.427518E+1	
time /sec  	temp /K    	current /mA	freq /Hz   	R0 /Ohms   	esd R0     	V3X /V_rms 	esd V3X    	V3Y /V_rms 	esd V3Y    	Data_Valid?
1.012303E+5	2.544500E+2	9.905296E-2	8.000000E+0	6.427394E+1	2.819021E-3	-7.840673E-9	1.404953E-8	-1.043363E-8	1.359155E-8	1.000000E+0	
1.012426E+5	2.544400E+2	2.971589E+0	8.000000E+0	6.427394E+1	2.819021E-3	-7.890007E-7	9.186635E-9	4.239102E-7	6.044526E-9	1.000000E+0	
1.012549E+5	2.544500E+2	4.952648E+0	8.000000E+0	6.427394E+1	2.819021E-3	-3.785681E-6	1.620016E-8	1.923547E-6	2.154575E-8	1.000000E+0	
1.012672E+5	2.544500E+2	6.438442E+0	8.000000E+0	6.427394E+1	2.819021E-3	-8.379283E-6	6.659882E-9	4.310748E-6	1.489315E-8	1.000000E+0	
1.012795E+5	2.544600E+2	7.924237E+0	8.000000E+0	6.427394E+1	2.819021E-3	-1.562467E-5	8.263937E-9	8.048152E-6	5.020547E-9	1.000000E+0	
1.012962E+5	2.544700E+2	9.905296E-2	6.732700E+0	6.427394E+1	2.819021E-3	4.168035E-9	9.697108E-9	1.361186E-8	1.229065E-8	1.000000E+0	
1.013096E+5	2.544800E+2	2.971589E+0	6.732700E+0	6.427394E+1	2.819021E-3	-8.211020E-7	8.420017E-9	4.027115E-7	9.313200E-9	1.000000E+0	
1.013231E+5	2.544800E+2	4.952648E+0	6.732700E+0	6.427394E+1	2.819021E-3	-4.019156E-6	3.507546E-8	1.982629E-6	2.721799E-9	1.000000E+0	
1.013366E+5	2.544900E+2	6.438442E+0	6.732700E+0	6.427394E+1	2.819021E-3	-8.932922E-6	2.758856E-8	4.398200E-6	1.032101E-8	1.000000E+0	
1.013500E+5	2.545000E+2	7.924237E+0	6.732700E+0	6.427394E+1	2.819021E-3	-1.658778E-5	2.841546E-8	8.147752E-6	6.457479E-9	1.000000E+0	
1.013685E+5	2.545000E+2	9.905296E-2	5.666150E+0	6.427394E+1	2.819021E-3	-6.694547E-8	4.525205E-8	-6.274255E-8	2.257022E-8	1.000000E+0	
1.013834E+5	2.545000E+2	2.971589E+0	5.666150E+0	6.427394E+1	2.819021E-3	-9.345348E-7	6.993822E-9	4.304473E-7	1.981907E-9	1.000000E+0	
1.013983E+5	2.545100E+2	4.952648E+0	5.666150E+0	6.427394E+1	2.819021E-3	-4.292589E-6	8.017932E-9	2.026784E-6	1.491033E-8	1.000000E+0	
1.014133E+5	2.545100E+2	6.438442E+0	5.666150E+0	6.427394E+1	2.819021E-3	-9.391645E-6	1.064059E-8	4.423778E-6	3.290280E-9	1.000000E+0	
1.014282E+5	2.545100E+2	7.924237E+0	5.666150E+0	6.427394E+1	2.819021E-3	-1.756699E-5	2.880079E-8	8.280619E-6	3.598474E-8	1.000000E+0	
1.014483E+5	2.545000E+2	9.905296E-2	4.768560E+0	6.427394E+1	2.819021E-3	7.385917E-9	4.299285E-9	-5.974764E-9	1.701913E-8	1.000000E+0	
1.014649E+5	2.545000E+2	2.971589E+0	4.768560E+0	6.427394E+1	2.819021E-3	-1.053531E-6	3.769058E-8	5.202203E-7	3.018837E-8	1.000000E+0	
1.014815E+5	2.545000E+2	4.952648E+0	4.768560E+0	6.427394E+1	2.819021E-3	-4.485343E-6	8.870208E-9	2.024321E-6	2.058867E-9	1.000000E+0	
1.014982E+5	2.545000E+2	6.438442E+0	4.768560E+0	6.427394E+1	2.819021E-3	-9.942746E-6	7.949906E-9	4.462433E-6	2.923132E-9	1.000000E+0	
1.015148E+5	2.545000E+2	7.924237E+0	4.768560E+0	6.427394E+1	2.819021E-3	-1.846414E-5	9.167741E-9	8.373091E-6	4.620044E-9	1.000000E+0	
1.015396E+5	2.545000E+2	9.905296E-2	4.013160E+0	6.427394E+1	2.819021E-3	1.946383E-9	3.110658E-9	-1.025258E-8	6.556471E-9	1.000000E+0	
1.015583E+5	2.545000E+2	2.971589E+0	4.013160E+0	6.427394E+1	2.819021E-3	-1.014307E-6	8.975807E-9	4.447146E-7	2.980429E-8	1.000000E+0	
1.015769E+5	2.545000E+2	4.952648E+0	4.013160E+0	6.427394E+1	2.819021E-3	-4.649472E-6	9.315053E-9	2.105151E-6	1.244373E-8	1.000000E+0	
1.015956E+5	2.545000E+2	6.438442E+0	4.013160E+0	6.427394E+1	2.819021E-3	-1.042003E-5	5.234011E-9	4.493062E-6	9.664054E-9	1.000000E+0	
1.016143E+5	2.545000E+2	7.924237E+0	4.013160E+0	6.427394E+1	2.819021E-3	-1.943561E-5	5.116172E-9	8.446787E-6	2.051456E-8	1.000000E+0	
1.016415E+5	2.545000E+2	9.905296E-2	3.377430E+0	6.427394E+1	2.819021E-3	-3.657254E-8	5.884552E-9	8.100990E-9	5.116554E-9	1.000000E+0	
1.016626E+5	2.545000E+2	2.971589E+0	3.377430E+0	6.427394E+1	2.819021E-3	-9.524923E-7	7.082436E-8	4.997752E-7	3.191342E-8	1.000000E+0	
1.016837E+5	2.545000E+2	4.952648E+0	3.377430E+0	6.427394E+1	2.819021E-3	-4.919877E-6	2.721243E-9	2.048785E-6	4.756495E-9	1.000000E+0	
1.017047E+5	2.545000E+2	6.438442E+0	3.377430E+0	6.427394E+1	2.819021E-3	-1.093896E-5	1.053252E-8	4.602769E-6	4.448341E-9	1.000000E+0	
1.017258E+5	2.545000E+2	7.924237E+0	3.377430E+0	6.427394E+1	2.819021E-3	-2.036099E-5	1.486347E-9	8.530895E-6	6.312199E-9	1.000000E+0	
1.017567E+5	2.545000E+2	9.905296E-2	2.842400E+0	6.427394E+1	2.819021E-3	-2.055173E-8	5.658882E-9	-2.398080E-7	1.726376E-8	1.000000E+0	
1.017807E+5	2.545000E+2	2.971589E+0	2.842400E+0	6.427394E+1	2.819021E-3	-1.156153E-6	5.011436E-9	5.153465E-7	1.753040E-8	1.000000E+0	
1.018046E+5	2.545000E+2	4.952648E+0	2.842400E+0	6.427394E+1	2.819021E-3	-5.168692E-6	6.376110E-9	2.061041E-6	1.443711E-9	1.000000E+0	
1.018286E+5	2.545000E+2	6.438442E+0	2.842400E+0	6.427394E+1	2.819021E-3	-1.143455E-5	1.180996E-8	4.555924E-6	1.458475E-8	1.000000E+0	
1.018526E+5	2.545000E+2	7.924237E+0	2.842400E+0	6.427394E+1	2.819021E-3	-2.135809E-5	1.585403E-8	8.602541E-6	2.291290E-8	1.000000E+0	
1.018879E+5	2.545100E+2	9.905296E-2	2.392130E+0	6.427394E+1	2.819021E-3	-5.930847E-10	6.466565E-9	-3.669236E-8	8.237957E-9	1.000000E+0	
1.019151E+5	2.545100E+2	2.971589E+0	2.392130E+0	6.427394E+1	2.819021E-3	-1.180199E-6	1.636897E-9	3.901877E-7	8.226299E-9	1.000000E+0	
1.019424E+5	2.545100E+2	4.952648E+0	2.392130E+0	6.427394E+1	2.819021E-3	-5.558355E-6	3.615812E-8	2.086802E-6	6.707459E-9	1.000000E+0	
1.019698E+5	2.545100E+2	6.438442E+0	2.392130E+0	6.427394E+1	2.819021E-3	-1.200648E-5	1.026485E-8	4.685201E-6	2.281543E-9	1.000000E+0	
1.019972E+5	2.545000E+2	7.924237E+0	2.392130E+0	6.427394E+1	2.819021E-3	-2.228575E-5	1.040986E-8	8.682052E-6	2.594821E-8	1.000000E+0	
1.020381E+5	2.545000E+2	9.905296E-2	2.013180E+0	6.427394E+1	2.819021E-3	-1.036388E-9	4.510513E-9	-4.648227E-9	2.068651E-9	1.000000E+0	
1.020695E+5	2.545000E+2	2.971589E+0	2.013180E+0	6.427394E+1	2.819021E-3	-1.196447E-6	4.011967E-9	4.340632E-7	5.570410E-9	1.000000E+0	
1.021009E+5	2.545000E+2	4.952648E+0	2.013180E+0	6.427394E+1	2.819021E-3	-5.616168E-6	4.824264E-9	2.088874E-6	5.855068E-9	1.000000E+0	
1.021323E+5	2.545000E+2	6.438442E+0	2.013180E+0	6.427394E+1	2.819021E-3	-1.250895E-5	5.278986E-9	4.670491E-6	4.989922E-9	1.000000E+0	
1.021637E+5	2.545000E+2	7.924237E+0	2.013180E+0	6.427394E+1	2.819021E-3	-2.331982E-5	7.618332E-10	8.630738E-6	3.157226E-9	1.000000E+0	
1.022113E+5	2.544900E+2	9.905296E-2	1.694270E+0	6.427394E+1	2.819021E-3	-5.553449E-10	6.142671E-9	5.002320E-8	3.160937E-9	1.000000E+0	
1.022474E+5	2.544900E+2	2.971589E+0	1.694270E+0	6.427394E+1	2.819021E-3	-1.241326E-6	7.869509E-9	4.672692E-7	4.705486E-9	1.000000E+0	
1.022836E+5	2.544900E+2	4.952648E+0	1.694270E+0	6.427394E+1	2.819021E-3	-5.951728E-6	8.536543E-9	1.990201E-6	2.141800E-8	1.000000E+0	
1.023197E+5	2.544900E+2	6.438442E+0	1.694270E+0	6.427394E+1	2.819021E-3	-1.301698E-5	3.073831E-9	4.672329E-6	3.289208E-9	1.000000E+0	
1.023559E+5	2.545000E+2	7.924237E+0	1.694270E+0	6.427394E+1	2.819021E-3	-2.426983E-5	6.375814E-10	8.677629E-6	4.879037E-9	1.000000E+0	
1.024114E+5	2.545000E+2	9.905296E-2	1.425880E+0	6.427394E+1	2.819021E-3	5.111178E-8	1.079935E-8	1.461366E-7	2.859167E-8	1.000000E+0	
1.024533E+5	2.545000E+2	2.971589E+0	1.425880E+0	6.427394E+1	2.819021E-3	-1.292763E-6	4.410107E-9	4.218886E-7	3.687862E-9	1.000000E+0	
1.024952E+5	2.544900E+2	4.952648E+0	1.425880E+0	6.427394E+1	2.819021E-3	-5.859269E-6	3.990997E-8	2.448042E-6	6.483614E-8	1.000000E+0	
1.025371E+5	2.545000E+2	6.438442E+0	1.425880E+0	6.427394E+1	2.819021E-3	-1.344357E-5	2.691542E-8	4.629460E-6	1.391398E-8	1.000000E+0	
1.025790E+5	2.545000E+2	7.924237E+0	1.425880E+0	6.427394E+1	2.819021E-3	-2.522056E-5	1.738922E-9	8.656970E-6	2.310862E-9	1.000000E+0	
1.026414E+5	2.545000E+2	9.905296E-2	1.200000E+0	6.427394E+1	2.819021E-3	6.764184E-8	4.925949E-9	5.317354E-8	3.932857E-9	1.000000E+0	
1.026901E+5	2.545000E+2	2.971589E+0	1.200000E+0	6.427394E+1	2.819021E-3	-1.195307E-6	1.954911E-8	3.964414E-7	3.987503E-9	1.000000E+0	
1.027388E+5	2.545000E+2	4.952648E+0	1.200000E+0	6.427394E+1	2.819021E-3	-6.213944E-6	2.346456E-8	1.901193E-6	2.426126E-8	1.000000E+0	
1.027875E+5	2.545000E+2	6.438442E+0	1.200000E+0	6.427394E+1	2.819021E-3	-1.402226E-5	5.661710E-9	4.640337E-6	1.987515E-8	1.000000E+0	
1.028362E+5	2.545000E+2	7.924237E+0	1.200000E+0	6.427394E+1	2.819021E-3	-2.590213E-5	3.493980E-8	8.295217E-6	5.987876E-8	1.000000E+0	
--- > K and esd K (estimated based on user TCR) : -7.773092E+0	-2.279228E-2	

*** Temperature stable /K : 2.594700000E+2
--- > R0 : 6.456055E+1	6.456047E+1	6.455852E+1	6.455621E+1	6.455504E+1	6.455694E+1	6.456048E+1	6.455987E+1	6.455730E+1	6.455760E+1	6.455478E+1	6.455899E+1	
time /sec  	temp /K    	current /mA	freq /Hz   	R0 /Ohms   	esd R0     	V3X /V_rms 	esd V3X    	V3Y /V_rms 	esd V3Y    	Data_Valid?
1.031069E+5	2.594500E+2	9.905286E-2	8.000000E+0	6.455806E+1	2.078684E-3	1.431234E-8	1.028782E-8	3.688314E-8	6.782133E-9	1.000000E+0	
1.031190E+5	2.594400E+2	2.971586E+0	8.000000E+0	6.455806E+1	2.078684E-3	-7.714158E-7	1.206676E-8	4.140753E-7	2.494053E-8	1.000000E+0	
1.031313E+5	2.594500E+2	4.952643E+0	8.000000E+0	6.455806E+1	2.078684E-3	-3.770724E-6	5.484058E-9	1.927868E-6	2.920341E-9	1.000000E+0	
1.031436E+5	2.594500E+2	6.438436E+0	8.000000E+0	6.455806E+1	2.078684E-3	-8.348537E-6	6.176609E-9	4.304383E-6	5.454239E-9	1.000000E+0	
1.031559E+5	2.594600E+2	7.924229E+0	8.000000E+0	6.455806E+1	2.078684E-3	-1.555985E-5	5.494633E-9	8.002899E-6	3.825985E-9	1.000000E+0	
1.031728E+5	2.594700E+2	9.905286E-2	6.732700E+0	6.455806E+1	2.078684E-3	-7.234881E-9	6.193849E-9	-2.013600E-8	1.763816E-9	1.000000E+0	
1.031862E+5	2.594800E+2	2.971586E+0	6.732700E+0	6.455806E+1	2.078684E-3	-8.529973E-7	1.996161E-9	4.245913E-7	3.884617E-9	1.000000E+0	
1.031997E+5	2.594900E+2	4.952643E+0	6.732700E+0	6.455806E+1	2.078684E-3	-3.965749E-6	5.277497E-9	1.967056E-6	9.813152E-9	1.000000E+0	
1.032131E+5	2.594900E+2	6.438436E+0	6.732700E+0	6.455806E+1	2.078684E-3	-8.811779E-6	2.465347E-9	4.344637E-6	9.443045E-9	1.000000E+0	
1.032266E+5	2.595000E+2	7.924229E+0	6.732700E+0	6.455806E+1	2.078684E-3	-1.643324E-5	4.552334E-9	8.111926E-6	9.210891E-9	1.000000E+0	
1.032450E+5	2.595000E+2	9.905286E-2	5.666150E+0	6.455806E+1	2.078684E-3	7.210661E-9	2.319755E-9	-1.416108E-9	1.564860E-9	1.000000E+0	
1.032603E+5	2.595000E+2	2.971586E+0	5.666150E+0	6.455806E+1	2.078684E-3	-8.855920E-7	3.650722E-9	4.294590E-7	3.342248E-9	1.000000E+0	
1.032752E+5	2.595100E+2	4.952643E+0	5.666150E+0	6.455806E+1	2.078684E-3	-4.210720E-6	7.080597E-9	1.984840E-6	1.647958E-8	1.000000E+0	
1.032902E+5	2.595100E+2	6.438436E+0	5.666150E+0	6.455806E+1	2.078684E-3	-9.366237E-6	1.540296E-8	4.406738E-6	1.333170E-8	1.000000E+0	
1.033051E+5	2.595100E+2	7.924229E+0	5.666150E+0	6.455806E+1	2.078684E-3	-1.737272E-5	5.150529E-9	8.235442E-6	2.191323E-9	1.000000E+0	
1.033256E+5	2.595100E+2	9.905286E-2	4.768560E+0	6.455806E+1	2.078684E-3	3.802759E-9	3.079555E-9	-1.232218E-9	5.349663E-9	1.000000E+0	
1.033423E+5	2.595000E+2	2.971586E+0	4.768560E+0	6.455806E+1	2.078684E-3	-9.422973E-7	2.792225E-9	4.433263E-7	3.807926E-9	1.000000E+0	
1.033589E+5	2.595000E+2	4.952643E+0	4.768560E+0	6.455806E+1	2.078684E-3	-4.454131E-6	3.923538E-9	2.037066E-6	4.801636E-9	1.000000E+0	
1.033755E+5	2.595000E+2	6.438436E+0	4.768560E+0	6.455806E+1	2.078684E-3	-9.831475E-6	1.720369E-9	4.478144E-6	2.792648E-9	1.000000E+0	
1.033921E+5	2.595000E+2	7.924229E+0	4.768560E+0	6.455806E+1	2.078684E-3	-1.830829E-5	3.890981E-9	8.310493E-6	1.103442E-8	1.000000E+0	
1.034170E+5	2.595000E+2	9.905286E-2	4.013160E+0	6.455806E+1	2.078684E-3	-3.275470E-9	3.376039E-9	-4.048514E-10	5.045290E-9	1.000000E+0	
1.034357E+5	2.595000E+2	2.971586E+0	4.013160E+0	6.455806E+1	2.078684E-3	-1.009067E-6	4.074396E-9	4.531111E-7	4.083867E-9	1.000000E+0	
1.034543E+5	2.595000E+2	4.952643E+0	4.013160E+0	6.455806E+1	2.078684E-3	-4.639077E-6	3.716418E-9	2.036848E-6	8.075664E-9	1.000000E+0	
1.034730E+5	2.595000E+2	6.438436E+0	4.013160E+0	6.455806E+1	2.078684E-3	-1.033503E-5	2.973715E-9	4.517781E-6	2.588430E-9	1.000000E+0	
1.034917E+5	2.595000E+2	7.924229E+0	4.013160E+0	6.455806E+1	2.078684E-3	-1.927153E-5	2.544761E-8	8.370875E-6	1.694018E-8	1.000000E+0	
1.035191E+5	2.595000E+2	9.905286E-2	3.377430E+0	6.455806E+1	2.078684E-3	1.891789E-9	1.501301E-9	3.099386E-9	3.598378E-9	1.000000E+0	
1.035402E+5	2.595000E+2	2.971586E+0	3.377430E+0	6.455806E+1	2.078684E-3	-1.050373E-6	3.798738E-9	4.376923E-7	5.006225E-10	1.000000E+0	
1.035613E+5	2.595000E+2	4.952643E+0	3.377430E+0	6.455806E+1	2.078684E-3	-4.899960E-6	2.684211E-9	2.062955E-6	9.394825E-10	1.000000E+0	
1.035824E+5	2.595000E+2	6.438436E+0	3.377430E+0	6.455806E+1	2.078684E-3	-1.084193E-5	2.236408E-9	4.562434E-6	3.378730E-9	1.000000E+0	
1.036036E+5	2.595000E+2	7.924229E+0	3.377430E+0	6.455806E+1	2.078684E-3	-2.018571E-5	4.337414E-9	8.498104E-6	1.049371E-9	1.000000E+0	
1.036345E+5	2.595000E+2	9.905286E-2	2.842400E+0	6.455806E+1	2.078684E-3	4.396270E-9	5.942393E-10	5.943374E-9	9.074123E-10	1.000000E+0	
1.036585E+5	2.595000E+2	2.971586E+0	2.842400E+0	6.455806E+1	2.078684E-3	-1.113214E-6	2.186034E-9	4.370176E-7	9.884357E-10	1.000000E+0	
1.036825E+5	2.595000E+2	4.952643E+0	2.842400E+0	6.455806E+1	2.078684E-3	-5.132750E-6	2.214378E-9	2.078440E-6	1.204153E-9	1.000000E+0	
1.037064E+5	2.595000E+2	6.438436E+0	2.842400E+0	6.455806E+1	2.078684E-3	-1.135163E-5	8.019321E-10	4.583400E-6	5.062941E-9	1.000000E+0	
1.037304E+5	2.595000E+2	7.924229E+0	2.842400E+0	6.455806E+1	2.078684E-3	-2.118818E-5	2.510566E-9	8.556178E-6	5.881676E-10	1.000000E+0	
1.037659E+5	2.595000E+2	9.905286E-2	2.392130E+0	6.455806E+1	2.078684E-3	5.768742E-9	7.425757E-10	2.520436E-8	8.168372E-9	1.000000E+0	
1.037932E+5	2.595000E+2	2.971586E+0	2.392130E+0	6.455806E+1	2.078684E-3	-1.138734E-6	4.592084E-9	4.443633E-7	8.505215E-10	1.000000E+0	
1.038205E+5	2.595000E+2	4.952643E+0	2.392130E+0	6.455806E+1	2.078684E-3	-5.366440E-6	1.539622E-9	2.078884E-6	1.101438E-9	1.000000E+0	
1.038479E+5	2.595000E+2	6.438436E+0	2.392130E+0	6.455806E+1	2.078684E-3	-1.185672E-5	2.014857E-9	4.612839E-6	5.931517E-10	1.000000E+0	
1.038752E+5	2.595000E+2	7.924229E+0	2.392130E+0	6.455806E+1	2.078684E-3	-2.214589E-5	4.598613E-10	8.611196E-6	1.020280E-9	1.000000E+0	
1.039165E+5	2.595000E+2	9.905286E-2	2.013180E+0	6.455806E+1	2.078684E-3	2.881152E-11	4.651011E-10	-1.025706E-9	3.763235E-11	1.000000E+0	
1.039479E+5	2.595000E+2	2.971586E+0	2.013180E+0	6.455806E+1	2.078684E-3	-1.215435E-6	8.982135E-9	4.271150E-7	1.507966E-9	1.000000E+0	
1.039794E+5	2.595000E+2	4.952643E+0	2.013180E+0	6.455806E+1	2.078684E-3	-5.593146E-6	1.463523E-10	2.103309E-6	1.052318E-9	1.000000E+0	
1.040108E+5	2.595000E+2	6.438436E+0	2.013180E+0	6.455806E+1	2.078684E-3	-1.241980E-5	3.377253E-9	4.641083E-6	6.145662E-9	1.000000E+0	
1.040417E+5	2.595000E+2	7.924229E+0	2.013180E+0	6.455806E+1	2.078684E-3	-2.309769E-5	5.856182E-9	8.697486E-6	2.096489E-9	1.000000E+0	
1.040887E+5	2.595000E+2	9.905286E-2	1.694270E+0	6.455806E+1	2.078684E-3	2.012999E-8	2.283155E-10	1.333449E-8	3.213829E-10	1.000000E+0	
1.041244E+5	2.595000E+2	2.971586E+0	1.694270E+0	6.455806E+1	2.078684E-3	-1.237931E-6	2.134964E-9	4.504877E-7	7.105632E-10	1.000000E+0	
1.041600E+5	2.595000E+2	4.952643E+0	1.694270E+0	6.455806E+1	2.078684E-3	-5.847850E-6	1.870632E-9	2.093592E-6	2.672025E-9	1.000000E+0	
1.041955E+5	2.595000E+2	6.438436E+0	1.694270E+0	6.455806E+1	2.078684E-3	-1.295284E-5	8.601176E-10	4.672383E-6	6.186825E-10	1.000000E+0	
1.042311E+5	2.595000E+2	7.924229E+0	1.694270E+0	6.455806E+1	2.078684E-3	-2.405024E-5	9.044371E-9	8.738010E-6	4.775580E-9	1.000000E+0	
1.042861E+5	2.595000E+2	9.905286E-2	1.425880E+0	6.455806E+1	2.078684E-3	9.908486E-9	8.531182E-9	-1.894170E-8	2.932787E-9	1.000000E+0	
1.043273E+5	2.595000E+2	2.971586E+0	1.425880E+0	6.455806E+1	2.078684E-3	-1.340319E-6	5.986710E-9	4.514341E-7	1.435190E-9	1.000000E+0	
1.043686E+5	2.595000E+2	4.952643E+0	1.425880E+0	6.455806E+1	2.078684E-3	-6.138926E-6	2.717875E-9	2.024602E-6	7.925735E-9	1.000000E+0	
1.044098E+5	2.595000E+2	6.438436E+0	1.425880E+0	6.455806E+1	2.078684E-3	-1.344066E-5	2.449446E-9	4.633476E-6	5.485111E-10	1.000000E+0	
1.044510E+5	2.595000E+2	7.924229E+0	1.425880E+0	6.455806E+1	2.078684E-3	-2.503164E-5	1.692555E-9	8.701214E-6	5.095791E-10	1.000000E+0	
1.045128E+5	2.595000E+2	9.905286E-2	1.200000E+0	6.455806E+1	2.078684E-3	2.691347E-9	7.819193E-10	-1.666564E-8	5.407769E-10	1.000000E+0	
1.045606E+5	2.595000E+2	2.971586E+0	1.200000E+0	6.455806E+1	2.078684E-3	-1.317046E-6	1.087087E-9	3.431744E-7	4.124608E-9	1.000000E+0	
1.046084E+5	2.595000E+2	4.952643E+0	1.200000E+0	6.455806E+1	2.078684E-3	-6.143082E-6	6.950911E-9	1.957354E-6	2.122934E-9	1.000000E+0	
1.046562E+5	2.595000E+2	6.438436E+0	1.200000E+0	6.455806E+1	2.078684E-3	-1.386170E-5	1.426837E-9	4.530525E-6	1.113899E-9	1.000000E+0	
1.047039E+5	2.595000E+2	7.924229E+0	1.200000E+0	6.455806E+1	2.078684E-3	-2.580284E-5	2.247969E-9	8.536677E-6	2.606879E-10	1.000000E+0	
--- > K and esd K (estimated based on user TCR) : -7.886313E+0	-2.967901E-2	

*** Temperature stable /K : 2.644600000E+2
--- > R0 : 6.468641E+1	6.468713E+1	6.468958E+1	6.469281E+1	6.469210E+1	6.469009E+1	6.468847E+1	6.468631E+1	6.468935E+1	6.469365E+1	6.469119E+1	6.469005E+1	
time /sec  	temp /K    	current /mA	freq /Hz   	R0 /Ohms   	esd R0     	V3X /V_rms 	esd V3X    	V3Y /V_rms 	esd V3Y    	Data_Valid?
1.049751E+5	2.644500E+2	9.905273E-2	8.000000E+0	6.468976E+1	2.413820E-3	-8.994867E-10	2.621558E-9	4.372257E-9	1.796354E-9	1.000000E+0	
1.049872E+5	2.644400E+2	2.971582E+0	8.000000E+0	6.468976E+1	2.413820E-3	-7.997712E-7	1.325424E-9	4.055391E-7	3.048872E-9	1.000000E+0	
1.049993E+5	2.644500E+2	4.952637E+0	8.000000E+0	6.468976E+1	2.413820E-3	-3.739283E-6	4.661136E-9	1.911802E-6	2.560503E-9	1.000000E+0	
1.050115E+5	2.644500E+2	6.438428E+0	8.000000E+0	6.468976E+1	2.413820E-3	-8.249608E-6	2.574758E-9	4.259081E-6	4.143974E-9	1.000000E+0	
1.050236E+5	2.644600E+2	7.924219E+0	8.000000E+0	6.468976E+1	2.413820E-3	-1.538976E-5	7.081610E-9	7.943322E-6	1.032631E-8	1.000000E+0	
1.050405E+5	2.644700E+2	9.905273E-2	6.732700E+0	6.468976E+1	2.413820E-3	-3.325774E-9	1.116415E-9	-6.248888E-9	8.914169E-9	1.000000E+0	
1.050538E+5	2.644800E+2	2.971582E+0	6.732700E+0	6.468976E+1	2.413820E-3	-8.448667E-7	5.184581E-9	4.017442E-7	4.737193E-9	1.000000E+0	
1.050671E+5	2.644900E+2	4.952637E+0	6.732700E+0	6.468976E+1	2.413820E-3	-3.943876E-6	6.701368E-9	1.952430E-6	1.699241E-9	1.000000E+0	
1.050805E+5	2.644900E+2	6.438428E+0	6.732700E+0	6.468976E+1	2.413820E-3	-8.749321E-6	1.873755E-9	4.337621E-6	7.529710E-9	1.000000E+0	
1.050939E+5	2.645000E+2	7.924219E+0	6.732700E+0	6.468976E+1	2.413820E-3	-1.632892E-5	3.082993E-9	8.100859E-6	2.097170E-8	1.000000E+0	
1.051140E+5	2.645000E+2	9.905273E-2	5.666150E+0	6.468976E+1	2.413820E-3	-1.842419E-9	2.706028E-9	1.419123E-9	4.512507E-9	1.000000E+0	
1.051288E+5	2.645000E+2	2.971582E+0	5.666150E+0	6.468976E+1	2.413820E-3	-8.977914E-7	1.215445E-9	4.230171E-7	2.688410E-9	1.000000E+0	
1.051435E+5	2.645100E+2	4.952637E+0	5.666150E+0	6.468976E+1	2.413820E-3	-4.181213E-6	1.195095E-9	1.992216E-6	6.040717E-9	1.000000E+0	
1.051582E+5	2.645100E+2	6.438428E+0	5.666150E+0	6.468976E+1	2.413820E-3	-9.306325E-6	2.880545E-9	4.437186E-6	3.130090E-9	1.000000E+0	
1.051729E+5	2.645100E+2	7.924219E+0	5.666150E+0	6.468976E+1	2.413820E-3	-1.730323E-5	6.086592E-9	8.240111E-6	3.943908E-9	1.000000E+0	
1.051931E+5	2.645100E+2	9.905273E-2	4.768560E+0	6.468976E+1	2.413820E-3	1.494308E-8	1.486783E-9	-3.526052E-9	2.090152E-9	1.000000E+0	
1.052095E+5	2.645000E+2	2.971582E+0	4.768560E+0	6.468976E+1	2.413820E-3	-9.467765E-7	3.956002E-10	4.232538E-7	2.627841E-9	1.000000E+0	
1.052260E+5	2.645000E+2	4.952637E+0	4.768560E+0	6.468976E+1	2.413820E-3	-4.394319E-6	9.036513E-10	2.002861E-6	4.943907E-9	1.000000E+0	
1.052425E+5	2.645000E+2	6.438428E+0	4.768560E+0	6.468976E+1	2.413820E-3	-9.796133E-6	4.231756E-9	4.479125E-6	3.504337E-9	1.000000E+0	
1.052589E+5	2.645000E+2	7.924219E+0	4.768560E+0	6.468976E+1	2.413820E-3	-1.820910E-5	3.648088E-9	8.344975E-6	3.026332E-9	1.000000E+0	
1.052832E+5	2.645000E+2	9.905273E-2	4.013160E+0	6.468976E+1	2.413820E-3	1.200160E-8	2.548856E-9	6.717699E-11	1.415400E-9	1.000000E+0	
1.053016E+5	2.645000E+2	2.971582E+0	4.013160E+0	6.468976E+1	2.413820E-3	-9.864560E-7	6.632086E-9	4.195507E-7	4.177165E-9	1.000000E+0	
1.053201E+5	2.645000E+2	4.952637E+0	4.013160E+0	6.468976E+1	2.413820E-3	-4.608632E-6	1.077459E-8	2.010642E-6	1.304992E-8	1.000000E+0	
1.053385E+5	2.645000E+2	6.438428E+0	4.013160E+0	6.468976E+1	2.413820E-3	-1.026704E-5	5.859711E-9	4.492817E-6	2.601313E-9	1.000000E+0	
1.053569E+5	2.645000E+2	7.924219E+0	4.013160E+0	6.468976E+1	2.413820E-3	-1.911744E-5	2.856718E-9	8.387966E-6	8.803751E-9	1.000000E+0	
1.053841E+5	2.645000E+2	9.905273E-2	3.377430E+0	6.468976E+1	2.413820E-3	4.095194E-9	5.506676E-9	5.240729E-10	2.749041E-9	1.000000E+0	
1.054048E+5	2.645000E+2	2.971582E+0	3.377430E+0	6.468976E+1	2.413820E-3	-1.050272E-6	2.601943E-10	4.385480E-7	1.432127E-9	1.000000E+0	
1.054256E+5	2.645000E+2	4.952637E+0	3.377430E+0	6.468976E+1	2.413820E-3	-4.849931E-6	2.652358E-9	2.066874E-6	6.652385E-9	1.000000E+0	
1.054464E+5	2.645000E+2	6.438428E+0	3.377430E+0	6.468976E+1	2.413820E-3	-1.079363E-5	1.697223E-9	4.556693E-6	3.157942E-9	1.000000E+0	
1.054671E+5	2.645000E+2	7.924219E+0	3.377430E+0	6.468976E+1	2.413820E-3	-2.009342E-5	8.214519E-9	8.459377E-6	7.135754E-9	1.000000E+0	
1.054976E+5	2.645000E+2	9.905273E-2	2.842400E+0	6.468976E+1	2.413820E-3	1.397051E-8	4.431260E-9	-6.048481E-9	2.755584E-9	1.000000E+0	
1.055212E+5	2.645000E+2	2.971582E+0	2.842400E+0	6.468976E+1	2.413820E-3	-1.096652E-6	4.333886E-9	4.388518E-7	4.749030E-9	1.000000E+0	
1.055448E+5	2.645000E+2	4.952637E+0	2.842400E+0	6.468976E+1	2.413820E-3	-5.088673E-6	4.026170E-9	2.055576E-6	2.748699E-9	1.000000E+0	
1.055684E+5	2.645000E+2	6.438428E+0	2.842400E+0	6.468976E+1	2.413820E-3	-1.127637E-5	6.050263E-9	4.562511E-6	2.260403E-9	1.000000E+0	
1.055920E+5	2.645000E+2	7.924219E+0	2.842400E+0	6.468976E+1	2.413820E-3	-2.099335E-5	9.267514E-9	8.517190E-6	4.355083E-9	1.000000E+0	
1.056270E+5	2.645000E+2	9.905273E-2	2.392130E+0	6.468976E+1	2.413820E-3	9.102526E-9	1.521624E-9	-4.625849E-9	1.031541E-9	1.000000E+0	
1.056540E+5	2.645000E+2	2.971582E+0	2.392130E+0	6.468976E+1	2.413820E-3	-1.155470E-6	4.552897E-9	4.332072E-7	4.064242E-9	1.000000E+0	
1.056809E+5	2.645000E+2	4.952637E+0	2.392130E+0	6.468976E+1	2.413820E-3	-5.323346E-6	1.713721E-9	2.067781E-6	2.834671E-9	1.000000E+0	
1.057078E+5	2.645000E+2	6.438428E+0	2.392130E+0	6.468976E+1	2.413820E-3	-1.177574E-5	3.399562E-9	4.600545E-6	4.418468E-9	1.000000E+0	
1.057347E+5	2.645000E+2	7.924219E+0	2.392130E+0	6.468976E+1	2.413820E-3	-2.199944E-5	3.107658E-9	8.590454E-6	1.168039E-9	1.000000E+0	
1.057749E+5	2.645000E+2	9.905273E-2	2.013180E+0	6.468976E+1	2.413820E-3	-2.983440E-8	9.507613E-9	-2.104474E-8	2.888768E-9	1.000000E+0	
1.058058E+5	2.645000E+2	2.971582E+0	2.013180E+0	6.468976E+1	2.413820E-3	-1.161698E-6	3.463347E-9	4.534458E-7	4.247543E-9	1.000000E+0	
1.058367E+5	2.645000E+2	4.952637E+0	2.013180E+0	6.468976E+1	2.413820E-3	-5.471411E-6	1.027179E-9	2.033564E-6	6.828490E-9	1.000000E+0	
1.058676E+5	2.645000E+2	6.438428E+0	2.013180E+0	6.468976E+1	2.413820E-3	-1.216193E-5	5.309122E-9	4.549933E-6	3.697287E-9	1.000000E+0	
1.058985E+5	2.645000E+2	7.924219E+0	2.013180E+0	6.468976E+1	2.413820E-3	-2.274128E-5	3.595374E-9	8.513504E-6	4.844150E-9	1.000000E+0	
1.059455E+5	2.645000E+2	9.905273E-2	1.694270E+0	6.468976E+1	2.413820E-3	1.522338E-8	1.857277E-9	1.577410E-9	2.659204E-9	1.000000E+0	
1.059811E+5	2.645000E+2	2.971582E+0	1.694270E+0	6.468976E+1	2.413820E-3	-1.229141E-6	2.023648E-9	4.472350E-7	6.928318E-10	1.000000E+0	
1.060167E+5	2.645000E+2	4.952637E+0	1.694270E+0	6.468976E+1	2.413820E-3	-5.771788E-6	1.827753E-9	2.071865E-6	1.976616E-9	1.000000E+0	
1.060523E+5	2.645000E+2	6.438428E+0	1.694270E+0	6.468976E+1	2.413820E-3	-1.283421E-5	4.096090E-10	4.649271E-6	2.234005E-9	1.000000E+0	
1.060879E+5	2.645000E+2	7.924219E+0	1.694270E+0	6.468976E+1	2.413820E-3	-2.389490E-5	2.503408E-9	8.620403E-6	1.631652E-9	1.000000E+0	
1.061428E+5	2.645000E+2	9.905273E-2	1.425880E+0	6.468976E+1	2.413820E-3	6.552418E-8	4.557355E-9	3.126467E-8	3.642420E-9	1.000000E+0	
1.061840E+5	2.645000E+2	2.971582E+0	1.425880E+0	6.468976E+1	2.413820E-3	-1.287288E-6	1.034948E-9	4.150106E-7	1.248476E-9	1.000000E+0	
1.062251E+5	2.645000E+2	4.952637E+0	1.425880E+0	6.468976E+1	2.413820E-3	-6.058377E-6	1.155919E-9	2.070196E-6	1.669287E-9	1.000000E+0	
1.062664E+5	2.645000E+2	6.438428E+0	1.425880E+0	6.468976E+1	2.413820E-3	-1.331313E-5	1.440711E-9	4.592809E-6	2.920358E-9	1.000000E+0	
1.063076E+5	2.645000E+2	7.924219E+0	1.425880E+0	6.468976E+1	2.413820E-3	-2.479457E-5	3.864594E-9	8.643230E-6	1.250725E-8	1.000000E+0	
1.063693E+5	2.645000E+2	9.905273E-2	1.200000E+0	6.468976E+1	2.413820E-3	3.197535E-8	3.069498E-9	2.124343E-8	2.634611E-10	1.000000E+0	
1.064171E+5	2.645000E+2	2.971582E+0	1.200000E+0	6.468976E+1	2.413820E-3	-1.283012E-6	6.854319E-9	4.104129E-7	2.557930E-9	1.000000E+0	
1.064650E+5	2.645000E+2	4.952637E+0	1.200000E+0	6.468976E+1	2.413820E-3	-6.138520E-6	2.078855E-9	1.933138E-6	2.155054E-9	1.000000E+0	
1.065129E+5	2.645000E+2	6.438428E+0	1.200000E+0	6.468976E+1	2.413820E-3	-1.353851E-5	2.488805E-9	4.383715E-6	4.262219E-10	1.000000E+0	
1.065607E+5	2.645000E+2	7.924219E+0	1.200000E+0	6.468976E+1	2.413820E-3	-2.531438E-5	3.140083E-9	8.259948E-6	3.096505E-9	1.000000E+0	
--- > K and esd K (estimated based on user TCR) : -8.024892E+0	-5.639901E-2	

*** Temperature stable /K : 2.694700000E+2
--- > R0 : 6.466017E+1	6.466074E+1	6.466547E+1	6.466254E+1	6.466583E+1	6.466269E+1	6.466165E+1	6.465864E+1	6.466356E+1	6.466683E+1	6.466529E+1	6.466149E+1	
time /sec  	temp /K    	current /mA	freq /Hz   	R0 /Ohms   	esd R0     	V3X /V_rms 	esd V3X    	V3Y /V_rms 	esd V3Y    	Data_Valid?
1.068298E+5	2.694500E+2	9.905256E-2	8.000000E+0	6.466291E+1	2.536422E-3	1.156527E-9	2.824925E-9	3.034565E-11	2.465487E-9	1.000000E+0	
1.068419E+5	2.694400E+2	2.971577E+0	8.000000E+0	6.466291E+1	2.536422E-3	-7.913675E-7	4.380882E-9	3.820970E-7	5.678427E-9	1.000000E+0	
1.068541E+5	2.694500E+2	4.952628E+0	8.000000E+0	6.466291E+1	2.536422E-3	-3.719673E-6	4.640486E-9	1.853889E-6	5.459956E-9	1.000000E+0	
1.068662E+5	2.694500E+2	6.438417E+0	8.000000E+0	6.466291E+1	2.536422E-3	-8.243421E-6	2.732987E-8	4.198426E-6	1.935820E-8	1.000000E+0	
1.068784E+5	2.694600E+2	7.924205E+0	8.000000E+0	6.466291E+1	2.536422E-3	-1.529005E-5	8.126323E-9	7.817241E-6	3.440875E-9	1.000000E+0	
1.068949E+5	2.694700E+2	9.905256E-2	6.732700E+0	6.466291E+1	2.536422E-3	7.953216E-9	7.522477E-9	-1.095876E-9	7.548195E-9	1.000000E+0	
1.069083E+5	2.694800E+2	2.971577E+0	6.732700E+0	6.466291E+1	2.536422E-3	-8.415732E-7	2.576090E-9	4.188281E-7	6.715296E-9	1.000000E+0	
1.069217E+5	2.694900E+2	4.952628E+0	6.732700E+0	6.466291E+1	2.536422E-3	-3.948605E-6	7.503969E-9	1.931528E-6	2.902471E-9	1.000000E+0	
1.069350E+5	2.695000E+2	6.438417E+0	6.732700E+0	6.466291E+1	2.536422E-3	-8.734773E-6	8.358674E-10	4.313826E-6	1.227366E-8	1.000000E+0	
1.069484E+5	2.695000E+2	7.924205E+0	6.732700E+0	6.466291E+1	2.536422E-3	-1.627740E-5	4.362910E-9	8.041598E-6	6.440391E-9	1.000000E+0	
1.069667E+5	2.695100E+2	9.905256E-2	5.666150E+0	6.466291E+1	2.536422E-3	1.079348E-8	1.029245E-8	-2.718608E-9	2.804112E-9	1.000000E+0	
1.069814E+5	2.695200E+2	2.971577E+0	5.666150E+0	6.466291E+1	2.536422E-3	-8.891428E-7	1.239730E-9	4.230651E-7	1.469392E-9	1.000000E+0	
1.069962E+5	2.695200E+2	4.952628E+0	5.666150E+0	6.466291E+1	2.536422E-3	-4.176370E-6	7.748364E-9	1.967407E-6	2.210855E-9	1.000000E+0	
1.070109E+5	2.695200E+2	6.438417E+0	5.666150E+0	6.466291E+1	2.536422E-3	-9.237120E-6	6.026460E-9	4.369399E-6	2.407981E-9	1.000000E+0	
1.070256E+5	2.695200E+2	7.924205E+0	5.666150E+0	6.466291E+1	2.536422E-3	-1.629126E-5	1.423237E-8	7.546148E-6	3.939721E-9	1.000000E+0	
1.070457E+5	2.695200E+2	9.905256E-2	4.768560E+0	6.466291E+1	2.536422E-3	-5.388663E-9	3.581927E-9	-1.038853E-8	2.889318E-9	1.000000E+0	
1.070622E+5	2.695200E+2	2.971577E+0	4.768560E+0	6.466291E+1	2.536422E-3	-8.835877E-7	8.229309E-9	3.872000E-7	1.240567E-8	1.000000E+0	
1.070786E+5	2.695200E+2	4.952628E+0	4.768560E+0	6.466291E+1	2.536422E-3	-4.202172E-6	1.442749E-8	1.915960E-6	4.730635E-9	1.000000E+0	
1.070951E+5	2.695200E+2	6.438417E+0	4.768560E+0	6.466291E+1	2.536422E-3	-9.365814E-6	1.049038E-8	4.261261E-6	2.315209E-8	1.000000E+0	
1.071115E+5	2.695200E+2	7.924205E+0	4.768560E+0	6.466291E+1	2.536422E-3	-1.764812E-5	9.122850E-9	7.963463E-6	1.394330E-8	1.000000E+0	
1.071362E+5	2.695200E+2	9.905256E-2	4.013160E+0	6.466291E+1	2.536422E-3	1.329613E-9	3.833729E-10	-3.732858E-9	3.363169E-9	1.000000E+0	
1.071546E+5	2.695100E+2	2.971577E+0	4.013160E+0	6.466291E+1	2.536422E-3	-9.784015E-7	1.038433E-8	3.986547E-7	3.300033E-9	1.000000E+0	
1.071729E+5	2.695100E+2	4.952628E+0	4.013160E+0	6.466291E+1	2.536422E-3	-4.521905E-6	1.446531E-8	1.936975E-6	1.016749E-8	1.000000E+0	
1.071913E+5	2.695100E+2	6.438417E+0	4.013160E+0	6.466291E+1	2.536422E-3	-1.013851E-5	8.955545E-9	4.512241E-6	1.403268E-8	1.000000E+0	
1.072097E+5	2.695100E+2	7.924205E+0	4.013160E+0	6.466291E+1	2.536422E-3	-1.904066E-5	1.519837E-8	8.429462E-6	1.271153E-9	1.000000E+0	
1.072374E+5	2.695100E+2	9.905256E-2	3.377430E+0	6.466291E+1	2.536422E-3	3.062758E-9	3.001978E-9	8.595485E-9	1.485665E-9	1.000000E+0	
1.072581E+5	2.695100E+2	2.971577E+0	3.377430E+0	6.466291E+1	2.536422E-3	-1.037967E-6	2.554410E-9	4.335947E-7	1.662383E-9	1.000000E+0	
1.072788E+5	2.695100E+2	4.952628E+0	3.377430E+0	6.466291E+1	2.536422E-3	-4.855656E-6	3.609477E-9	2.063345E-6	2.875212E-10	1.000000E+0	
1.072996E+5	2.695100E+2	6.438417E+0	3.377430E+0	6.466291E+1	2.536422E-3	-1.075074E-5	4.584774E-9	4.567861E-6	1.125363E-8	1.000000E+0	
1.073203E+5	2.695100E+2	7.924205E+0	3.377430E+0	6.466291E+1	2.536422E-3	-2.000904E-5	1.432673E-8	8.524255E-6	3.258259E-9	1.000000E+0	
1.073508E+5	2.695100E+2	9.905256E-2	2.842400E+0	6.466291E+1	2.536422E-3	6.053669E-10	3.650213E-10	1.235340E-8	2.017023E-9	1.000000E+0	
1.073744E+5	2.695100E+2	2.971577E+0	2.842400E+0	6.466291E+1	2.536422E-3	-1.076519E-6	1.350509E-9	4.642048E-7	1.111654E-9	1.000000E+0	
1.073980E+5	2.695100E+2	4.952628E+0	2.842400E+0	6.466291E+1	2.536422E-3	-5.042651E-6	5.865413E-9	2.060101E-6	1.801227E-9	1.000000E+0	
1.074216E+5	2.695100E+2	6.438417E+0	2.842400E+0	6.466291E+1	2.536422E-3	-1.113850E-5	9.437932E-9	4.593897E-6	9.623803E-9	1.000000E+0	
1.074451E+5	2.695100E+2	7.924205E+0	2.842400E+0	6.466291E+1	2.536422E-3	-2.084271E-5	1.010474E-8	8.566544E-6	4.362659E-9	1.000000E+0	
1.074800E+5	2.695100E+2	9.905256E-2	2.392130E+0	6.466291E+1	2.536422E-3	1.749702E-8	1.699954E-9	6.611773E-9	2.480243E-9	1.000000E+0	
1.075070E+5	2.695100E+2	2.971577E+0	2.392130E+0	6.466291E+1	2.536422E-3	-1.132114E-6	3.595177E-10	4.419023E-7	1.334207E-9	1.000000E+0	
1.075339E+5	2.695000E+2	4.952628E+0	2.392130E+0	6.466291E+1	2.536422E-3	-5.245472E-6	4.090565E-9	2.062347E-6	2.395968E-9	1.000000E+0	
1.075607E+5	2.695000E+2	6.438417E+0	2.392130E+0	6.466291E+1	2.536422E-3	-1.151192E-5	6.142999E-8	4.165706E-6	5.819350E-9	1.000000E+0	
1.075876E+5	2.695000E+2	7.924205E+0	2.392130E+0	6.466291E+1	2.536422E-3	-1.610091E-5	2.843335E-8	8.933620E-6	2.456817E-8	0.000000E+0	
1.076281E+5	2.695000E+2	9.905256E-2	2.013180E+0	6.466291E+1	2.536422E-3	1.822086E-8	3.177656E-10	1.046475E-8	3.488636E-9	1.000000E+0	
1.076590E+5	2.695000E+2	2.971577E+0	2.013180E+0	6.466291E+1	2.536422E-3	-1.253637E-6	4.542407E-9	4.323115E-7	5.161556E-9	1.000000E+0	
1.076898E+5	2.695000E+2	4.952628E+0	2.013180E+0	6.466291E+1	2.536422E-3	-6.169390E-6	4.822466E-10	2.192518E-6	2.385820E-10	1.000000E+0	
1.077207E+5	2.695000E+2	6.438417E+0	2.013180E+0	6.466291E+1	2.536422E-3	-1.362447E-5	3.442396E-9	4.891720E-6	1.070150E-9	1.000000E+0	
1.077517E+5	2.695000E+2	7.924205E+0	2.013180E+0	6.466291E+1	2.536422E-3	-1.564000E-5	3.155043E-8	9.346717E-6	1.472068E-8	1.000000E+0	
1.077986E+5	2.695000E+2	9.905256E-2	1.694270E+0	6.466291E+1	2.536422E-3	-5.381729E-9	2.239032E-10	7.262874E-9	2.086106E-9	1.000000E+0	
1.078343E+5	2.695000E+2	2.971577E+0	1.694270E+0	6.466291E+1	2.536422E-3	-2.030138E-6	1.051006E-7	1.918978E-8	7.473835E-8	1.000000E+0	
1.078699E+5	2.695000E+2	4.952628E+0	1.694270E+0	6.466291E+1	2.536422E-3	-6.405006E-6	2.953578E-9	2.211752E-6	1.267737E-9	1.000000E+0	
1.079056E+5	2.695000E+2	6.438417E+0	1.694270E+0	6.466291E+1	2.536422E-3	-1.456506E-5	3.182631E-9	5.063505E-6	3.395019E-9	1.000000E+0	
1.079412E+5	2.695000E+2	7.924205E+0	1.694270E+0	6.466291E+1	2.536422E-3	-1.667856E-5	8.480805E-9	9.640278E-6	3.693079E-9	1.000000E+0	
1.079959E+5	2.695000E+2	9.905256E-2	1.425880E+0	6.466291E+1	2.536422E-3	1.106318E-8	2.290861E-10	-1.507847E-9	5.041989E-10	1.000000E+0	
1.080371E+5	2.695000E+2	2.971577E+0	1.425880E+0	6.466291E+1	2.536422E-3	-1.426982E-6	1.953493E-9	4.240196E-7	1.080556E-9	1.000000E+0	
1.080783E+5	2.695000E+2	4.952628E+0	1.425880E+0	6.466291E+1	2.536422E-3	-6.817842E-6	1.389992E-10	2.155799E-6	1.711920E-9	1.000000E+0	
1.081196E+5	2.695000E+2	6.438417E+0	1.425880E+0	6.466291E+1	2.536422E-3	-1.520735E-5	1.064191E-9	4.887692E-6	8.796928E-10	1.000000E+0	
1.081609E+5	2.695000E+2	7.924205E+0	1.425880E+0	6.466291E+1	2.536422E-3	-1.608655E-5	8.584617E-8	9.397981E-6	4.197922E-8	0.000000E+0	
1.082238E+5	2.695000E+2	9.905256E-2	1.200000E+0	6.466291E+1	2.536422E-3	4.227573E-8	8.760060E-10	2.298049E-8	4.204203E-9	1.000000E+0	
1.082717E+5	2.695000E+2	2.971577E+0	1.200000E+0	6.466291E+1	2.536422E-3	-1.375043E-6	1.309386E-10	2.682052E-7	9.279073E-10	1.000000E+0	
1.083196E+5	2.695000E+2	4.952628E+0	1.200000E+0	6.466291E+1	2.536422E-3	-6.930717E-6	7.566009E-10	1.924888E-6	3.986791E-10	1.000000E+0	
1.083675E+5	2.695000E+2	6.438417E+0	1.200000E+0	6.466291E+1	2.536422E-3	-1.572759E-5	5.292474E-10	4.684618E-6	1.317052E-9	1.000000E+0	
1.084153E+5	2.695000E+2	7.924205E+0	1.200000E+0	6.466291E+1	2.536422E-3	-1.657730E-5	4.657758E-9	9.406391E-6	1.460489E-10	0.000000E+0	
--- > K and esd K (estimated based on user TCR) : -8.258162E+0	-1.060199E+0	

*** Temperature stable /K : 2.744700000E+2
--- > R0 : 6.682188E+1	6.697382E+1	6.702194E+1	6.675302E+1	6.685691E+1	6.688982E+1	6.685805E+1	6.697323E+1	6.704318E+1	6.665599E+1	6.695041E+1	6.689567E+1	
time /sec  	temp /K    	current /mA	freq /Hz   	R0 /Ohms   	esd R0     	V3X /V_rms 	esd V3X    	V3Y /V_rms 	esd V3Y    	Data_Valid?
1.086870E+5	2.744500E+2	9.905199E-2	8.000000E+0	6.689116E+1	1.123186E-1	-2.486601E-7	6.861195E-8	-4.662832E-7	4.898378E-8	1.000000E+0	
1.086991E+5	2.744500E+2	2.971560E+0	8.000000E+0	6.689116E+1	1.123186E-1	5.091347E-7	1.052351E-6	-1.119664E-5	6.527339E-7	1.000000E+0	
1.087113E+5	2.744500E+2	4.952600E+0	8.000000E+0	6.689116E+1	1.123186E-1	1.847180E-6	2.514066E-6	-1.432542E-6	9.515975E-7	1.000000E+0	
1.087235E+5	2.744500E+2	6.438379E+0	8.000000E+0	6.689116E+1	1.123186E-1	3.373541E-6	3.723407E-6	-3.041132E-5	1.559693E-5	1.000000E+0	
1.087356E+5	2.744600E+2	7.924159E+0	8.000000E+0	6.689116E+1	1.123186E-1	-1.645300E-5	4.455330E-6	2.224109E-5	2.322526E-6	0.000000E+0	
1.087525E+5	2.744700E+2	9.905199E-2	6.732700E+0	6.689116E+1	1.123186E-1	2.719001E-9	1.745271E-9	-1.031761E-9	2.089223E-9	1.000000E+0	
1.087658E+5	2.744800E+2	2.971560E+0	6.732700E+0	6.689116E+1	1.123186E-1	-8.955062E-7	1.118768E-7	1.480653E-7	1.690242E-7	1.000000E+0	
1.087792E+5	2.744800E+2	4.952600E+0	6.732700E+0	6.689116E+1	1.123186E-1	-5.226893E-6	6.016102E-7	1.631381E-6	4.994322E-7	1.000000E+0	
1.087926E+5	2.744900E+2	6.438379E+0	6.732700E+0	6.689116E+1	1.123186E-1	-1.012003E-5	2.183968E-9	4.703546E-6	5.156969E-9	1.000000E+0	
1.088059E+5	2.745000E+2	7.924159E+0	6.732700E+0	6.689116E+1	1.123186E-1	-1.313884E-5	3.426895E-9	8.948424E-6	7.083908E-9	0.000000E+0	
1.088241E+5	2.745000E+2	9.905199E-2	5.666150E+0	6.689116E+1	1.123186E-1	1.745475E-9	4.065799E-9	-1.669799E-8	2.029045E-9	1.000000E+0	
1.088389E+5	2.745000E+2	2.971560E+0	5.666150E+0	6.689116E+1	1.123186E-1	-1.006018E-6	5.043804E-9	4.817709E-7	4.652863E-9	1.000000E+0	
1.088536E+5	2.745100E+2	4.952600E+0	5.666150E+0	6.689116E+1	1.123186E-1	-4.558529E-6	7.069002E-8	2.126896E-6	5.291447E-8	1.000000E+0	
1.088684E+5	2.745100E+2	6.438379E+0	5.666150E+0	6.689116E+1	1.123186E-1	-9.751678E-6	8.969131E-9	4.532174E-6	5.480334E-9	1.000000E+0	
1.088831E+5	2.745100E+2	7.924159E+0	5.666150E+0	6.689116E+1	1.123186E-1	-1.495863E-5	4.443917E-9	8.519418E-6	1.966267E-8	0.000000E+0	
1.089031E+5	2.745100E+2	9.905199E-2	4.768560E+0	6.689116E+1	1.123186E-1	1.504085E-9	3.894058E-9	-6.700570E-9	6.286885E-10	1.000000E+0	
1.089195E+5	2.745100E+2	2.971560E+0	4.768560E+0	6.689116E+1	1.123186E-1	-1.031436E-6	7.235300E-9	4.614338E-7	2.320123E-9	1.000000E+0	
1.089359E+5	2.745000E+2	4.952600E+0	4.768560E+0	6.689116E+1	1.123186E-1	-5.285133E-6	1.791777E-7	3.680794E-6	8.186231E-7	1.000000E+0	
1.089524E+5	2.745000E+2	6.438379E+0	4.768560E+0	6.689116E+1	1.123186E-1	-1.072855E-5	1.667189E-8	4.764656E-6	9.522856E-9	1.000000E+0	
1.089688E+5	2.745000E+2	7.924159E+0	4.768560E+0	6.689116E+1	1.123186E-1	-1.563015E-5	1.810664E-8	8.814829E-6	8.981414E-9	0.000000E+0	
1.089933E+5	2.745000E+2	9.905199E-2	4.013160E+0	6.689116E+1	1.123186E-1	1.716573E-8	2.513231E-10	7.009876E-9	1.366603E-8	1.000000E+0	
1.090118E+5	2.745000E+2	2.971560E+0	4.013160E+0	6.689116E+1	1.123186E-1	-1.147736E-6	2.510829E-9	4.961481E-7	3.121079E-9	1.000000E+0	
1.090301E+5	2.745000E+2	4.952600E+0	4.013160E+0	6.689116E+1	1.123186E-1	-5.341465E-6	2.214173E-9	2.173996E-6	8.055461E-9	1.000000E+0	
1.090486E+5	2.745000E+2	6.438379E+0	4.013160E+0	6.689116E+1	1.123186E-1	-1.175498E-5	1.807958E-8	4.794058E-6	3.326639E-9	1.000000E+0	
1.090670E+5	2.745000E+2	7.924159E+0	4.013160E+0	6.689116E+1	1.123186E-1	-1.554400E-5	3.663893E-9	9.106651E-6	2.490224E-8	0.000000E+0	
1.090939E+5	2.745000E+2	9.905199E-2	3.377430E+0	6.689116E+1	1.123186E-1	1.214170E-8	1.008705E-8	5.848926E-9	1.366533E-9	1.000000E+0	
1.091147E+5	2.745000E+2	2.971560E+0	3.377430E+0	6.689116E+1	1.123186E-1	-1.183289E-6	2.021709E-9	4.746669E-7	6.046086E-9	1.000000E+0	
1.091355E+5	2.745000E+2	4.952600E+0	3.377430E+0	6.689116E+1	1.123186E-1	-5.543844E-6	1.517970E-8	2.317737E-6	1.781283E-8	1.000000E+0	
1.091562E+5	2.745000E+2	6.438379E+0	3.377430E+0	6.689116E+1	1.123186E-1	-1.182518E-5	3.740271E-8	4.583452E-6	2.226762E-8	1.000000E+0	
1.091771E+5	2.745000E+2	7.924159E+0	3.377430E+0	6.689116E+1	1.123186E-1	-1.557490E-5	2.331599E-8	8.644044E-6	6.525891E-9	0.000000E+0	
1.092075E+5	2.745000E+2	9.905199E-2	2.842400E+0	6.689116E+1	1.123186E-1	-4.845999E-9	1.548170E-9	-6.944306E-9	1.552487E-9	1.000000E+0	
1.092311E+5	2.745000E+2	2.971560E+0	2.842400E+0	6.689116E+1	1.123186E-1	-1.188581E-6	3.338863E-9	4.187625E-7	9.975331E-9	1.000000E+0	
1.092548E+5	2.745000E+2	4.952600E+0	2.842400E+0	6.689116E+1	1.123186E-1	-5.519391E-6	3.195417E-9	1.982597E-6	1.511136E-8	1.000000E+0	
1.092784E+5	2.745000E+2	6.438379E+0	2.842400E+0	6.689116E+1	1.123186E-1	-1.262621E-5	4.898310E-8	4.689880E-6	2.403244E-8	1.000000E+0	
1.093020E+5	2.745000E+2	7.924159E+0	2.842400E+0	6.689116E+1	1.123186E-1	-1.650062E-5	2.196809E-8	8.795539E-6	1.465615E-8	0.000000E+0	
1.093370E+5	2.745000E+2	9.905199E-2	2.392130E+0	6.689116E+1	1.123186E-1	2.416919E-8	1.501886E-9	-5.549849E-9	4.811282E-10	1.000000E+0	
1.093639E+5	2.745000E+2	2.971560E+0	2.392130E+0	6.689116E+1	1.123186E-1	-1.256524E-6	6.987771E-9	4.677172E-7	1.764484E-10	1.000000E+0	
1.093908E+5	2.745000E+2	4.952600E+0	2.392130E+0	6.689116E+1	1.123186E-1	-5.723747E-6	1.068688E-8	1.990061E-6	2.730819E-9	1.000000E+0	
1.094177E+5	2.745000E+2	6.438379E+0	2.392130E+0	6.689116E+1	1.123186E-1	-1.292386E-5	8.990383E-9	4.585282E-6	9.699128E-9	1.000000E+0	
1.094447E+5	2.745000E+2	7.924159E+0	2.392130E+0	6.689116E+1	1.123186E-1	-1.703476E-5	1.472007E-8	8.829297E-6	8.943227E-9	1.000000E+0	
1.094854E+5	2.745000E+2	9.905199E-2	2.013180E+0	6.689116E+1	1.123186E-1	8.756246E-9	3.808200E-10	1.892728E-9	1.079006E-9	1.000000E+0	
1.095163E+5	2.745000E+2	2.971560E+0	2.013180E+0	6.689116E+1	1.123186E-1	-1.300965E-6	1.857208E-8	4.525415E-7	4.649710E-9	1.000000E+0	
1.095472E+5	2.745000E+2	4.952600E+0	2.013180E+0	6.689116E+1	1.123186E-1	-5.981109E-6	4.943383E-9	1.935458E-6	1.666082E-8	1.000000E+0	
1.095782E+5	2.745000E+2	6.438379E+0	2.013180E+0	6.689116E+1	1.123186E-1	-1.411327E-5	1.999189E-9	5.000256E-6	2.472455E-9	1.000000E+0	
1.096091E+5	2.745000E+2	7.924159E+0	2.013180E+0	6.689116E+1	1.123186E-1	-1.835552E-5	4.738320E-9	9.426747E-6	7.005878E-10	1.000000E+0	
1.096562E+5	2.745000E+2	9.905199E-2	1.694270E+0	6.689116E+1	1.123186E-1	7.178517E-8	1.035947E-8	-3.246182E-8	5.274457E-9	1.000000E+0	
1.096918E+5	2.745000E+2	2.971560E+0	1.694270E+0	6.689116E+1	1.123186E-1	-1.402988E-6	6.273657E-10	4.826263E-7	1.048737E-9	1.000000E+0	
1.097275E+5	2.745000E+2	4.952600E+0	1.694270E+0	6.689116E+1	1.123186E-1	-6.581606E-6	1.895257E-9	2.232447E-6	3.873001E-9	1.000000E+0	
1.097630E+5	2.745000E+2	6.438379E+0	1.694270E+0	6.689116E+1	1.123186E-1	-1.459817E-5	2.134976E-8	5.002764E-6	4.317739E-9	1.000000E+0	
1.097987E+5	2.745000E+2	7.924159E+0	1.694270E+0	6.689116E+1	1.123186E-1	-1.915698E-5	1.234078E-9	9.346413E-6	1.081096E-8	1.000000E+0	
1.098537E+5	2.745000E+2	9.905199E-2	1.425880E+0	6.689116E+1	1.123186E-1	-2.448240E-7	2.839730E-8	-5.740408E-8	7.252098E-9	1.000000E+0	
1.098949E+5	2.745000E+2	2.971560E+0	1.425880E+0	6.689116E+1	1.123186E-1	-1.438069E-6	6.931070E-10	4.667964E-7	2.033519E-9	1.000000E+0	
1.099361E+5	2.745000E+2	4.952600E+0	1.425880E+0	6.689116E+1	1.123186E-1	-6.901674E-6	1.560284E-9	2.180751E-6	1.154341E-9	1.000000E+0	
1.099774E+5	2.745000E+2	6.438379E+0	1.425880E+0	6.689116E+1	1.123186E-1	-1.536686E-5	3.476486E-9	4.798587E-6	2.151523E-8	1.000000E+0	
1.100186E+5	2.745000E+2	7.924159E+0	1.425880E+0	6.689116E+1	1.123186E-1	-2.001624E-5	2.188095E-9	9.389253E-6	2.363813E-9	1.000000E+0	
1.100801E+5	2.745000E+2	9.905199E-2	1.200000E+0	6.689116E+1	1.123186E-1	-4.349495E-8	5.601116E-9	1.266564E-8	3.072784E-9	1.000000E+0	
1.101280E+5	2.745000E+2	2.971560E+0	1.200000E+0	6.689116E+1	1.123186E-1	-1.414812E-6	1.992387E-9	4.285461E-7	9.222177E-9	1.000000E+0	
1.101758E+5	2.745000E+2	4.952600E+0	1.200000E+0	6.689116E+1	1.123186E-1	-7.038434E-6	5.559293E-9	2.038988E-6	2.540609E-9	1.000000E+0	
1.102237E+5	2.745000E+2	6.438379E+0	1.200000E+0	6.689116E+1	1.123186E-1	-1.581831E-5	1.940684E-9	4.778307E-6	8.299308E-9	1.000000E+0	
1.102714E+5	2.745000E+2	7.924159E+0	1.200000E+0	6.689116E+1	1.123186E-1	-2.144546E-5	3.842117E-8	9.185885E-6	3.389623E-8	1.000000E+0	
--- > K and esd K (estimated based on user TCR) : -4.853185E+0	-6.245708E-1	

*** Temperature stable /K : 2.794700000E+2
--- > R0 : 6.748586E+1	6.748193E+1	6.748438E+1	6.748895E+1	6.748859E+1	6.748844E+1	6.748544E+1	6.748253E+1	6.748505E+1	6.748781E+1	6.748932E+1	6.749146E+1	
time /sec  	temp /K    	current /mA	freq /Hz   	R0 /Ohms   	esd R0     	V3X /V_rms 	esd V3X    	V3Y /V_rms 	esd V3Y    	Data_Valid?
1.105427E+5	2.794500E+2	9.905209E-2	8.000000E+0	6.748665E+1	2.906635E-3	1.460508E-8	1.402022E-8	-1.957692E-8	9.654597E-9	1.000000E+0	
1.105548E+5	2.794500E+2	2.971563E+0	8.000000E+0	6.748665E+1	2.906635E-3	-9.389696E-7	4.011379E-8	3.921981E-7	1.813661E-8	1.000000E+0	
1.105670E+5	2.794500E+2	4.952604E+0	8.000000E+0	6.748665E+1	2.906635E-3	-4.551306E-6	4.678967E-8	2.084969E-6	4.273686E-8	1.000000E+0	
1.105792E+5	2.794500E+2	6.438386E+0	8.000000E+0	6.748665E+1	2.906635E-3	-9.983584E-6	7.734486E-9	4.728091E-6	1.562493E-8	1.000000E+0	
1.105913E+5	2.794600E+2	7.924167E+0	8.000000E+0	6.748665E+1	2.906635E-3	-1.193245E-5	2.562497E-8	8.975649E-6	2.001018E-8	0.000000E+0	
1.106080E+5	2.794700E+2	9.905209E-2	6.732700E+0	6.748665E+1	2.906635E-3	-8.392820E-9	1.957839E-8	2.831136E-8	8.717603E-9	1.000000E+0	
1.106214E+5	2.794800E+2	2.971563E+0	6.732700E+0	6.748665E+1	2.906635E-3	-9.740337E-7	1.447745E-8	4.613094E-7	7.428420E-9	1.000000E+0	
1.106348E+5	2.794800E+2	4.952604E+0	6.732700E+0	6.748665E+1	2.906635E-3	-4.735033E-6	3.871168E-9	2.172089E-6	8.627525E-9	1.000000E+0	
1.106482E+5	2.794900E+2	6.438386E+0	6.732700E+0	6.748665E+1	2.906635E-3	-1.053878E-5	3.725736E-8	4.898662E-6	7.354657E-9	1.000000E+0	
1.106616E+5	2.795000E+2	7.924167E+0	6.732700E+0	6.748665E+1	2.906635E-3	-1.251098E-5	9.487416E-9	9.371411E-6	8.578364E-9	0.000000E+0	
1.106799E+5	2.795000E+2	9.905209E-2	5.666150E+0	6.748665E+1	2.906635E-3	-1.906019E-8	1.064242E-8	-1.719812E-9	1.555767E-8	1.000000E+0	
1.106946E+5	2.795000E+2	2.971563E+0	5.666150E+0	6.748665E+1	2.906635E-3	-1.114871E-6	1.037598E-8	4.514536E-7	1.181434E-8	1.000000E+0	
1.107093E+5	2.795100E+2	4.952604E+0	5.666150E+0	6.748665E+1	2.906635E-3	-5.013837E-6	4.662959E-9	2.197011E-6	7.410190E-9	1.000000E+0	
1.107240E+5	2.795100E+2	6.438386E+0	5.666150E+0	6.748665E+1	2.906635E-3	-1.107497E-5	5.786288E-9	4.888731E-6	1.319476E-8	1.000000E+0	
1.107388E+5	2.795100E+2	7.924167E+0	5.666150E+0	6.748665E+1	2.906635E-3	-1.319701E-5	3.465304E-8	9.295240E-6	1.975977E-8	0.000000E+0	
1.107589E+5	2.795100E+2	9.905209E-2	4.768560E+0	6.748665E+1	2.906635E-3	2.850543E-8	9.930777E-9	2.004769E-9	6.387637E-9	1.000000E+0	
1.107754E+5	2.795100E+2	2.971563E+0	4.768560E+0	6.748665E+1	2.906635E-3	-1.115387E-6	4.114798E-9	4.378210E-7	5.690456E-9	1.000000E+0	
1.107918E+5	2.795000E+2	4.952604E+0	4.768560E+0	6.748665E+1	2.906635E-3	-5.243387E-6	1.476575E-8	2.155601E-6	3.306316E-9	1.000000E+0	
1.108082E+5	2.795000E+2	6.438386E+0	4.768560E+0	6.748665E+1	2.906635E-3	-1.162785E-5	1.632819E-8	4.759626E-6	3.522401E-8	1.000000E+0	
1.108246E+5	2.795000E+2	7.924167E+0	4.768560E+0	6.748665E+1	2.906635E-3	-1.381445E-5	1.530270E-8	9.116235E-6	7.555692E-9	0.000000E+0	
1.108492E+5	2.795000E+2	9.905209E-2	4.013160E+0	6.748665E+1	2.906635E-3	1.631210E-7	4.009313E-8	-1.169992E-8	1.788112E-8	1.000000E+0	
1.108677E+5	2.795000E+2	2.971563E+0	4.013160E+0	6.748665E+1	2.906635E-3	-1.236047E-6	3.211331E-8	4.056877E-7	1.743389E-8	1.000000E+0	
1.108861E+5	2.795000E+2	4.952604E+0	4.013160E+0	6.748665E+1	2.906635E-3	-5.421593E-6	7.376138E-8	1.961554E-6	9.721877E-9	1.000000E+0	
1.109044E+5	2.795000E+2	6.438386E+0	4.013160E+0	6.748665E+1	2.906635E-3	-1.213427E-5	9.561083E-8	4.649718E-6	6.261137E-8	1.000000E+0	
1.109228E+5	2.795000E+2	7.924167E+0	4.013160E+0	6.748665E+1	2.906635E-3	-1.438805E-5	3.271112E-9	9.187364E-6	7.939818E-8	0.000000E+0	
1.109499E+5	2.795000E+2	9.905209E-2	3.377430E+0	6.748665E+1	2.906635E-3	-5.255437E-9	1.002657E-8	2.539313E-9	8.008885E-9	1.000000E+0	
1.109706E+5	2.795000E+2	2.971563E+0	3.377430E+0	6.748665E+1	2.906635E-3	-1.244964E-6	5.475107E-9	4.613603E-7	1.839939E-9	1.000000E+0	
1.109914E+5	2.795000E+2	4.952604E+0	3.377430E+0	6.748665E+1	2.906635E-3	-5.594038E-6	3.205719E-9	2.372779E-6	4.879489E-8	1.000000E+0	
1.110122E+5	2.795000E+2	6.438386E+0	3.377430E+0	6.748665E+1	2.906635E-3	-1.237000E-5	4.971243E-9	4.846038E-6	1.738582E-9	1.000000E+0	
1.110329E+5	2.795000E+2	7.924167E+0	3.377430E+0	6.748665E+1	2.906635E-3	-1.626556E-5	7.594162E-9	9.118605E-6	4.316173E-9	0.000000E+0	
1.110635E+5	2.795000E+2	9.905209E-2	2.842400E+0	6.748665E+1	2.906635E-3	-3.085282E-9	5.413247E-9	-1.089872E-8	4.121410E-9	1.000000E+0	
1.110871E+5	2.795000E+2	2.971563E+0	2.842400E+0	6.748665E+1	2.906635E-3	-1.267658E-6	4.282317E-8	4.129953E-7	4.920716E-8	1.000000E+0	
1.111107E+5	2.795000E+2	4.952604E+0	2.842400E+0	6.748665E+1	2.906635E-3	-5.905602E-6	1.522783E-8	2.168251E-6	2.348948E-9	1.000000E+0	
1.111343E+5	2.795000E+2	6.438386E+0	2.842400E+0	6.748665E+1	2.906635E-3	-1.318821E-5	6.570168E-9	4.925762E-6	1.003390E-8	1.000000E+0	
1.111579E+5	2.795000E+2	7.924167E+0	2.842400E+0	6.748665E+1	2.906635E-3	-1.670639E-5	2.520267E-8	9.287586E-6	1.800880E-8	1.000000E+0	
1.111930E+5	2.795000E+2	9.905209E-2	2.392130E+0	6.748665E+1	2.906635E-3	2.055833E-8	5.532819E-9	2.184937E-8	6.761441E-9	1.000000E+0	
1.112200E+5	2.795000E+2	2.971563E+0	2.392130E+0	6.748665E+1	2.906635E-3	-1.367918E-6	1.930092E-8	4.834057E-7	9.220596E-9	1.000000E+0	
1.112469E+5	2.795000E+2	4.952604E+0	2.392130E+0	6.748665E+1	2.906635E-3	-6.051885E-6	1.004313E-8	2.158505E-6	1.352889E-8	1.000000E+0	
1.112738E+5	2.795000E+2	6.438386E+0	2.392130E+0	6.748665E+1	2.906635E-3	-1.356247E-5	4.767566E-9	4.845305E-6	7.512321E-9	1.000000E+0	
1.113008E+5	2.795000E+2	7.924167E+0	2.392130E+0	6.748665E+1	2.906635E-3	-1.858107E-5	1.815330E-8	8.897738E-6	2.516110E-8	1.000000E+0	
1.113417E+5	2.795000E+2	9.905209E-2	2.013180E+0	6.748665E+1	2.906635E-3	-1.476649E-8	1.548571E-8	4.283714E-8	1.221054E-9	1.000000E+0	
1.113726E+5	2.795000E+2	2.971563E+0	2.013180E+0	6.748665E+1	2.906635E-3	-1.581052E-6	6.751586E-8	7.284234E-7	7.144655E-8	1.000000E+0	
1.114035E+5	2.795000E+2	4.952604E+0	2.013180E+0	6.748665E+1	2.906635E-3	-5.972619E-6	1.978434E-8	2.236224E-6	6.002928E-8	1.000000E+0	
1.114345E+5	2.795000E+2	6.438386E+0	2.013180E+0	6.748665E+1	2.906635E-3	-1.442279E-5	3.125983E-8	4.890606E-6	1.752805E-9	1.000000E+0	
1.114654E+5	2.795000E+2	7.924167E+0	2.013180E+0	6.748665E+1	2.906635E-3	-1.823902E-5	5.672512E-9	9.098564E-6	1.104000E-8	1.000000E+0	
1.115122E+5	2.795000E+2	9.905209E-2	1.694270E+0	6.748665E+1	2.906635E-3	-6.940635E-10	4.531595E-10	3.100258E-8	6.332843E-9	1.000000E+0	
1.115477E+5	2.795000E+2	2.971563E+0	1.694270E+0	6.748665E+1	2.906635E-3	-1.459381E-6	1.571910E-9	4.677257E-7	5.074424E-9	1.000000E+0	
1.115836E+5	2.795000E+2	4.952604E+0	1.694270E+0	6.748665E+1	2.906635E-3	-6.732766E-6	8.170394E-9	2.140642E-6	4.479223E-9	1.000000E+0	
1.116193E+5	2.795000E+2	6.438386E+0	1.694270E+0	6.748665E+1	2.906635E-3	-1.466978E-5	9.415386E-9	4.663023E-6	1.246877E-8	1.000000E+0	
1.116549E+5	2.795000E+2	7.924167E+0	1.694270E+0	6.748665E+1	2.906635E-3	-1.919413E-5	1.637214E-7	8.929101E-6	6.425709E-8	0.000000E+0	
1.117094E+5	2.795000E+2	9.905209E-2	1.425880E+0	6.748665E+1	2.906635E-3	-5.086954E-8	1.653626E-8	5.868780E-9	2.764708E-9	1.000000E+0	
1.117506E+5	2.795000E+2	2.971563E+0	1.425880E+0	6.748665E+1	2.906635E-3	-1.389773E-6	3.196514E-9	4.613914E-7	3.944666E-9	1.000000E+0	
1.117918E+5	2.795000E+2	4.952604E+0	1.425880E+0	6.748665E+1	2.906635E-3	-6.506033E-6	2.243729E-8	2.192185E-6	1.066159E-8	1.000000E+0	
1.118330E+5	2.795000E+2	6.438386E+0	1.425880E+0	6.748665E+1	2.906635E-3	-1.468052E-5	5.155659E-9	5.159662E-6	1.280095E-8	1.000000E+0	
1.118742E+5	2.795000E+2	7.924167E+0	1.425880E+0	6.748665E+1	2.906635E-3	-2.240081E-5	5.311842E-8	8.870864E-6	1.633935E-8	1.000000E+0	
1.119359E+5	2.795000E+2	9.905209E-2	1.200000E+0	6.748665E+1	2.906635E-3	-4.693416E-9	1.359117E-9	-4.440084E-8	1.962453E-9	1.000000E+0	
1.119836E+5	2.795000E+2	2.971563E+0	1.200000E+0	6.748665E+1	2.906635E-3	-1.404968E-6	1.354761E-8	4.660169E-7	4.708329E-9	1.000000E+0	
1.120316E+5	2.795000E+2	4.952604E+0	1.200000E+0	6.748665E+1	2.906635E-3	-6.766118E-6	2.086177E-9	1.868011E-6	2.896287E-8	1.000000E+0	
1.120795E+5	2.795000E+2	6.438386E+0	1.200000E+0	6.748665E+1	2.906635E-3	-1.535618E-5	4.659662E-9	4.930437E-6	4.015038E-9	1.000000E+0	
1.121273E+5	2.795000E+2	7.924167E+0	1.200000E+0	6.748665E+1	2.906635E-3	-2.285057E-5	6.138209E-9	8.820773E-6	1.724027E-8	1.000000E+0	
--- > K and esd K (estimated based on user TCR) : -5.177003E+0	-5.370771E-1	

*** Temperature stable /K : 2.844700000E+2
--- > R0 : 6.722558E+1	6.722664E+1	6.722684E+1	6.723185E+1	6.723231E+1	6.722862E+1	6.722399E+1	6.722707E+1	6.722986E+1	6.723006E+1	6.723074E+1	6.722607E+1	
time /sec  	temp /K    	current /mA	freq /Hz   	R0 /Ohms   	esd R0     	V3X /V_rms 	esd V3X    	V3Y /V_rms 	esd V3Y    	Data_Valid?
1.123984E+5	2.844500E+2	9.905216E-2	8.000000E+0	6.722830E+1	2.655278E-3	-3.851093E-8	6.357515E-9	6.746776E-9	8.341492E-9	1.000000E+0	
1.124105E+5	2.844500E+2	2.971565E+0	8.000000E+0	6.722830E+1	2.655278E-3	-9.791670E-7	1.710215E-8	5.260281E-7	3.881064E-8	1.000000E+0	
1.124227E+5	2.844500E+2	4.952608E+0	8.000000E+0	6.722830E+1	2.655278E-3	-4.438309E-6	2.007720E-8	1.983662E-6	3.611436E-8	1.000000E+0	
1.124348E+5	2.844600E+2	6.438391E+0	8.000000E+0	6.722830E+1	2.655278E-3	-9.749457E-6	2.067837E-8	3.798889E-6	1.035066E-7	1.000000E+0	
1.124470E+5	2.844600E+2	7.924173E+0	8.000000E+0	6.722830E+1	2.655278E-3	-1.067113E-5	6.293961E-8	7.541383E-6	4.710493E-8	0.000000E+0	
1.124637E+5	2.844700E+2	9.905216E-2	6.732700E+0	6.722830E+1	2.655278E-3	-3.580931E-8	9.632762E-9	-3.496519E-8	1.317885E-8	1.000000E+0	
1.124771E+5	2.844800E+2	2.971565E+0	6.732700E+0	6.722830E+1	2.655278E-3	-9.067427E-7	1.039602E-8	4.876878E-7	2.600071E-8	1.000000E+0	
1.124905E+5	2.844900E+2	4.952608E+0	6.732700E+0	6.722830E+1	2.655278E-3	-4.737065E-6	2.524804E-8	2.128056E-6	7.973999E-9	1.000000E+0	
1.125039E+5	2.844900E+2	6.438391E+0	6.732700E+0	6.722830E+1	2.655278E-3	-1.056233E-5	1.104603E-8	4.807049E-6	2.589088E-8	1.000000E+0	
1.125173E+5	2.845000E+2	7.924173E+0	6.732700E+0	6.722830E+1	2.655278E-3	-7.654839E-6	1.335936E-8	9.114182E-6	3.091265E-8	0.000000E+0	
1.125356E+5	2.845000E+2	9.905216E-2	5.666150E+0	6.722830E+1	2.655278E-3	-3.601012E-8	1.230611E-8	1.087511E-8	1.605893E-8	1.000000E+0	
1.125503E+5	2.845100E+2	2.971565E+0	5.666150E+0	6.722830E+1	2.655278E-3	-1.003262E-6	2.402617E-8	4.501973E-7	4.212207E-9	1.000000E+0	
1.125650E+5	2.845100E+2	4.952608E+0	5.666150E+0	6.722830E+1	2.655278E-3	-5.126923E-6	4.412857E-8	2.186196E-6	2.318423E-8	1.000000E+0	
1.125797E+5	2.845100E+2	6.438391E+0	5.666150E+0	6.722830E+1	2.655278E-3	-1.116059E-5	1.916917E-8	4.853874E-6	1.896361E-8	1.000000E+0	
1.125944E+5	2.845100E+2	7.924173E+0	5.666150E+0	6.722830E+1	2.655278E-3	-8.794590E-6	1.246009E-8	9.389572E-6	1.846441E-8	0.000000E+0	
1.126145E+5	2.845100E+2	9.905216E-2	4.768560E+0	6.722830E+1	2.655278E-3	3.842276E-8	1.805675E-9	6.733186E-9	8.773639E-9	1.000000E+0	
1.126310E+5	2.845000E+2	2.971565E+0	4.768560E+0	6.722830E+1	2.655278E-3	-1.092289E-6	4.287443E-9	4.453432E-7	3.888629E-9	1.000000E+0	
1.126475E+5	2.845000E+2	4.952608E+0	4.768560E+0	6.722830E+1	2.655278E-3	-5.270867E-6	1.369317E-8	2.168565E-6	1.804321E-8	1.000000E+0	
1.126639E+5	2.845000E+2	6.438391E+0	4.768560E+0	6.722830E+1	2.655278E-3	-1.175951E-5	1.413052E-8	4.938376E-6	1.978062E-8	1.000000E+0	
1.126803E+5	2.845000E+2	7.924173E+0	4.768560E+0	6.722830E+1	2.655278E-3	-9.687083E-6	4.668474E-9	9.379582E-6	2.435938E-8	0.000000E+0	
1.127049E+5	2.845000E+2	9.905216E-2	4.013160E+0	6.722830E+1	2.655278E-3	4.448204E-9	6.627574E-9	-7.337156E-8	3.675357E-8	1.000000E+0	
1.127232E+5	2.845000E+2	2.971565E+0	4.013160E+0	6.722830E+1	2.655278E-3	-1.370364E-6	1.035622E-8	4.441094E-7	3.868362E-8	1.000000E+0	
1.127417E+5	2.845000E+2	4.952608E+0	4.013160E+0	6.722830E+1	2.655278E-3	-5.652957E-6	5.993410E-8	1.804791E-6	3.741544E-8	1.000000E+0	
1.127601E+5	2.845000E+2	6.438391E+0	4.013160E+0	6.722830E+1	2.655278E-3	-1.203441E-5	1.482597E-7	4.572484E-6	3.157620E-8	1.000000E+0	
1.127786E+5	2.845000E+2	7.924173E+0	4.013160E+0	6.722830E+1	2.655278E-3	-1.161497E-5	1.138810E-7	9.391541E-6	1.534300E-7	0.000000E+0	
1.128057E+5	2.845000E+2	9.905216E-2	3.377430E+0	6.722830E+1	2.655278E-3	8.552916E-9	2.236763E-9	1.809035E-7	2.372878E-8	1.000000E+0	
1.128265E+5	2.845000E+2	2.971565E+0	3.377430E+0	6.722830E+1	2.655278E-3	-1.199178E-6	2.197437E-8	4.204842E-7	2.765941E-8	1.000000E+0	
1.128473E+5	2.845000E+2	4.952608E+0	3.377430E+0	6.722830E+1	2.655278E-3	-5.402540E-6	1.645481E-9	2.118637E-6	1.999723E-8	1.000000E+0	
1.128682E+5	2.845000E+2	6.438391E+0	3.377430E+0	6.722830E+1	2.655278E-3	-1.195392E-5	5.768808E-9	4.740212E-6	4.394347E-9	1.000000E+0	
1.128890E+5	2.845000E+2	7.924173E+0	3.377430E+0	6.722830E+1	2.655278E-3	-1.393139E-5	6.398098E-9	8.825818E-6	1.223792E-8	0.000000E+0	
1.129195E+5	2.845000E+2	9.905216E-2	2.842400E+0	6.722830E+1	2.655278E-3	-2.891522E-8	1.084518E-8	-1.445337E-8	1.933583E-8	1.000000E+0	
1.129431E+5	2.845000E+2	2.971565E+0	2.842400E+0	6.722830E+1	2.655278E-3	-1.100109E-6	2.139678E-8	3.957377E-7	3.880833E-8	1.000000E+0	
1.129667E+5	2.845000E+2	4.952608E+0	2.842400E+0	6.722830E+1	2.655278E-3	-5.532390E-6	2.201033E-8	2.120027E-6	1.651735E-8	1.000000E+0	
1.129903E+5	2.845000E+2	6.438391E+0	2.842400E+0	6.722830E+1	2.655278E-3	-1.241234E-5	1.176726E-8	4.696380E-6	2.617125E-9	1.000000E+0	
1.130139E+5	2.845000E+2	7.924173E+0	2.842400E+0	6.722830E+1	2.655278E-3	-1.525804E-5	1.636769E-7	8.723732E-6	3.401436E-7	0.000000E+0	
1.130489E+5	2.845000E+2	9.905216E-2	2.392130E+0	6.722830E+1	2.655278E-3	1.982428E-7	3.064109E-8	-2.922204E-8	8.408263E-9	1.000000E+0	
1.130758E+5	2.845000E+2	2.971565E+0	2.392130E+0	6.722830E+1	2.655278E-3	-1.258157E-6	1.246776E-8	5.010520E-7	5.375557E-9	1.000000E+0	
1.131027E+5	2.845000E+2	4.952608E+0	2.392130E+0	6.722830E+1	2.655278E-3	-5.896732E-6	1.476696E-8	2.408850E-6	3.009332E-8	1.000000E+0	
1.131297E+5	2.845000E+2	6.438391E+0	2.392130E+0	6.722830E+1	2.655278E-3	-1.339062E-5	1.859930E-8	4.685037E-6	4.354360E-9	1.000000E+0	
1.131566E+5	2.845000E+2	7.924173E+0	2.392130E+0	6.722830E+1	2.655278E-3	-1.542434E-5	1.374872E-8	8.932679E-6	5.026929E-9	1.000000E+0	
1.131974E+5	2.845000E+2	9.905216E-2	2.013180E+0	6.722830E+1	2.655278E-3	-3.881876E-7	9.635658E-9	-1.221944E-7	1.775610E-10	1.000000E+0	
1.132284E+5	2.845000E+2	2.971565E+0	2.013180E+0	6.722830E+1	2.655278E-3	-1.289923E-6	6.770664E-9	4.775123E-7	8.056236E-9	1.000000E+0	
1.132593E+5	2.845000E+2	4.952608E+0	2.013180E+0	6.722830E+1	2.655278E-3	-5.667936E-6	9.779513E-8	2.031981E-6	1.307859E-7	1.000000E+0	
1.132902E+5	2.845000E+2	6.438391E+0	2.013180E+0	6.722830E+1	2.655278E-3	-1.323529E-5	1.274089E-8	4.496383E-6	5.625253E-8	1.000000E+0	
1.133211E+5	2.845000E+2	7.924173E+0	2.013180E+0	6.722830E+1	2.655278E-3	-1.712618E-5	1.463431E-8	9.290779E-6	1.231509E-8	0.000000E+0	
1.133685E+5	2.845000E+2	9.905216E-2	1.694270E+0	6.722830E+1	2.655278E-3	1.377277E-8	7.794858E-10	5.307518E-9	4.441572E-9	1.000000E+0	
1.134041E+5	2.845000E+2	2.971565E+0	1.694270E+0	6.722830E+1	2.655278E-3	-1.350668E-6	6.100159E-9	3.761531E-7	1.355641E-8	1.000000E+0	
1.134397E+5	2.845000E+2	4.952608E+0	1.694270E+0	6.722830E+1	2.655278E-3	-6.267374E-6	7.546756E-9	2.130645E-6	4.377854E-10	1.000000E+0	
1.134753E+5	2.845000E+2	6.438391E+0	1.694270E+0	6.722830E+1	2.655278E-3	-1.373084E-5	5.431036E-9	4.639037E-6	7.305005E-9	1.000000E+0	
1.135108E+5	2.845000E+2	7.924173E+0	1.694270E+0	6.722830E+1	2.655278E-3	-1.990853E-5	4.073843E-9	8.902841E-6	1.012250E-8	1.000000E+0	
1.135655E+5	2.845000E+2	9.905216E-2	1.425880E+0	6.722830E+1	2.655278E-3	2.059992E-7	2.722154E-8	1.614625E-8	5.388170E-9	1.000000E+0	
1.136068E+5	2.845000E+2	2.971565E+0	1.425880E+0	6.722830E+1	2.655278E-3	-1.465859E-6	1.499307E-8	4.856797E-7	5.831037E-9	1.000000E+0	
1.136480E+5	2.845000E+2	4.952608E+0	1.425880E+0	6.722830E+1	2.655278E-3	-6.358272E-6	3.507268E-9	2.064672E-6	1.862715E-9	1.000000E+0	
1.136893E+5	2.845000E+2	6.438391E+0	1.425880E+0	6.722830E+1	2.655278E-3	-1.402426E-5	2.246466E-9	4.634180E-6	1.317771E-9	1.000000E+0	
1.137305E+5	2.845000E+2	7.924173E+0	1.425880E+0	6.722830E+1	2.655278E-3	-2.164015E-5	1.373617E-8	8.490448E-6	1.728824E-8	0.000000E+0	
1.137933E+5	2.845000E+2	9.905216E-2	1.200000E+0	6.722830E+1	2.655278E-3	-1.976960E-7	1.602832E-8	4.118462E-7	3.486491E-8	1.000000E+0	
1.138412E+5	2.845000E+2	2.971565E+0	1.200000E+0	6.722830E+1	2.655278E-3	-1.904231E-6	8.390968E-8	5.682138E-7	2.656278E-8	1.000000E+0	
1.138891E+5	2.845000E+2	4.952608E+0	1.200000E+0	6.722830E+1	2.655278E-3	-6.989111E-6	3.395423E-9	2.100215E-6	2.738376E-8	1.000000E+0	
1.139370E+5	2.845000E+2	6.438391E+0	1.200000E+0	6.722830E+1	2.655278E-3	-1.556884E-5	6.069080E-9	4.807098E-6	1.466781E-8	1.000000E+0	
1.139848E+5	2.845000E+2	7.924173E+0	1.200000E+0	6.722830E+1	2.655278E-3	-2.045814E-5	8.032329E-9	8.839335E-6	3.085701E-9	1.000000E+0	
--- > K and esd K (estimated based on user TCR) : -3.991490E+0	-3.561331E-1	

*** Temperature stable /K : 2.894700000E+2
--- > R0 : 6.785844E+1	6.786468E+1	6.785993E+1	6.786203E+1	6.786231E+1	6.785558E+1	6.785704E+1	6.786458E+1	6.786116E+1	6.786320E+1	6.785744E+1	6.785679E+1	
time /sec  	temp /K    	current /mA	freq /Hz   	R0 /Ohms   	esd R0     	V3X /V_rms 	esd V3X    	V3Y /V_rms 	esd V3Y    	Data_Valid?
1.142542E+5	2.894600E+2	9.905186E-2	8.000000E+0	6.786027E+1	3.171782E-3	1.045293E-9	2.871160E-9	1.912504E-8	4.479153E-9	1.000000E+0	
1.142664E+5	2.894500E+2	2.971555E+0	8.000000E+0	6.786027E+1	3.171782E-3	-1.394377E-6	1.615023E-8	7.384879E-7	2.694519E-8	1.000000E+0	
1.142785E+5	2.894500E+2	4.952593E+0	8.000000E+0	6.786027E+1	3.171782E-3	-5.426651E-6	1.823512E-8	2.019771E-6	5.505708E-8	1.000000E+0	
1.142907E+5	2.894600E+2	6.438370E+0	8.000000E+0	6.786027E+1	3.171782E-3	-1.103147E-5	7.564610E-8	3.831672E-6	5.252925E-9	1.000000E+0	
1.143028E+5	2.894600E+2	7.924148E+0	8.000000E+0	6.786027E+1	3.171782E-3	-1.110003E-5	1.431359E-7	7.139286E-6	1.205008E-8	0.000000E+0	
1.143210E+5	2.894700E+2	9.905186E-2	6.732700E+0	6.786027E+1	3.171782E-3	-7.229917E-9	5.471063E-9	-1.698215E-8	2.154773E-9	1.000000E+0	
1.143343E+5	2.894800E+2	2.971555E+0	6.732700E+0	6.786027E+1	3.171782E-3	-1.025521E-6	4.675609E-9	4.707758E-7	3.617410E-9	1.000000E+0	
1.143476E+5	2.894900E+2	4.952593E+0	6.732700E+0	6.786027E+1	3.171782E-3	-4.786543E-6	9.675237E-10	2.137796E-6	4.750119E-9	1.000000E+0	
1.143610E+5	2.894900E+2	6.438370E+0	6.732700E+0	6.786027E+1	3.171782E-3	-1.073444E-5	1.523164E-8	4.913025E-6	9.668650E-9	1.000000E+0	
1.143743E+5	2.895000E+2	7.924148E+0	6.732700E+0	6.786027E+1	3.171782E-3	-1.138284E-5	9.276971E-9	9.365701E-6	8.605925E-9	0.000000E+0	
1.143924E+5	2.895000E+2	9.905186E-2	5.666150E+0	6.786027E+1	3.171782E-3	-9.693166E-9	2.461784E-9	4.960195E-9	5.540349E-9	1.000000E+0	
1.144071E+5	2.895100E+2	2.971555E+0	5.666150E+0	6.786027E+1	3.171782E-3	-1.076292E-6	7.117259E-9	4.591751E-7	5.584700E-9	1.000000E+0	
1.144218E+5	2.895100E+2	4.952593E+0	5.666150E+0	6.786027E+1	3.171782E-3	-5.113488E-6	6.588518E-9	2.212973E-6	4.257194E-9	1.000000E+0	
1.144366E+5	2.895100E+2	6.438370E+0	5.666150E+0	6.786027E+1	3.171782E-3	-1.143123E-5	4.672339E-9	4.941930E-6	5.637910E-9	1.000000E+0	
1.144513E+5	2.895100E+2	7.924148E+0	5.666150E+0	6.786027E+1	3.171782E-3	-1.138118E-5	1.939703E-8	9.503461E-6	9.914176E-9	0.000000E+0	
1.144713E+5	2.895100E+2	9.905186E-2	4.768560E+0	6.786027E+1	3.171782E-3	3.558859E-9	3.820194E-9	-4.249397E-9	9.911882E-10	1.000000E+0	
1.144877E+5	2.895100E+2	2.971555E+0	4.768560E+0	6.786027E+1	3.171782E-3	-1.143919E-6	5.573616E-9	4.757233E-7	2.846522E-9	1.000000E+0	
1.145041E+5	2.895100E+2	4.952593E+0	4.768560E+0	6.786027E+1	3.171782E-3	-5.509531E-6	4.712954E-9	2.249225E-6	1.600341E-9	1.000000E+0	
1.145206E+5	2.895000E+2	6.438370E+0	4.768560E+0	6.786027E+1	3.171782E-3	-1.245859E-5	1.071439E-8	5.106428E-6	8.183149E-9	1.000000E+0	
1.145370E+5	2.895000E+2	7.924148E+0	4.768560E+0	6.786027E+1	3.171782E-3	-1.145810E-5	4.204154E-8	9.540565E-6	2.314413E-8	0.000000E+0	
1.145616E+5	2.895000E+2	9.905186E-2	4.013160E+0	6.786027E+1	3.171782E-3	5.272851E-8	1.511610E-8	2.060284E-8	1.143703E-8	1.000000E+0	
1.145799E+5	2.895000E+2	2.971555E+0	4.013160E+0	6.786027E+1	3.171782E-3	6.170986E-7	1.915544E-7	-2.631588E-7	6.038511E-7	1.000000E+0	
1.145983E+5	2.895000E+2	4.952593E+0	4.013160E+0	6.786027E+1	3.171782E-3	-7.604454E-6	1.549745E-6	-1.185320E-6	4.299656E-7	1.000000E+0	
1.146167E+5	2.895000E+2	6.438370E+0	4.013160E+0	6.786027E+1	3.171782E-3	-1.879552E-5	2.392900E-7	4.673995E-6	1.621959E-6	1.000000E+0	
1.146351E+5	2.895000E+2	7.924148E+0	4.013160E+0	6.786027E+1	3.171782E-3	-1.783387E-5	2.450349E-6	1.800458E-5	1.222167E-6	0.000000E+0	
1.146623E+5	2.895000E+2	9.905186E-2	3.377430E+0	6.786027E+1	3.171782E-3	-5.900511E-10	1.040893E-9	2.875694E-9	7.489214E-10	1.000000E+0	
1.146830E+5	2.895000E+2	2.971555E+0	3.377430E+0	6.786027E+1	3.171782E-3	-1.374079E-6	2.883484E-9	4.727556E-7	1.106140E-8	1.000000E+0	
1.147038E+5	2.895000E+2	4.952593E+0	3.377430E+0	6.786027E+1	3.171782E-3	-6.473130E-6	1.046271E-8	2.302277E-6	1.971185E-8	1.000000E+0	
1.147245E+5	2.895000E+2	6.438370E+0	3.377430E+0	6.786027E+1	3.171782E-3	-1.465045E-5	1.927894E-8	4.849086E-6	2.456301E-8	1.000000E+0	
1.147453E+5	2.895000E+2	7.924148E+0	3.377430E+0	6.786027E+1	3.171782E-3	-1.343091E-5	8.448845E-8	9.278389E-6	9.606159E-9	0.000000E+0	
1.147773E+5	2.895000E+2	9.905186E-2	2.842400E+0	6.786027E+1	3.171782E-3	4.716758E-9	1.807457E-10	-8.897124E-9	2.772316E-10	1.000000E+0	
1.148009E+5	2.895000E+2	2.971555E+0	2.842400E+0	6.786027E+1	3.171782E-3	-1.386176E-6	2.117506E-9	4.848613E-7	3.810074E-9	1.000000E+0	
1.148244E+5	2.895000E+2	4.952593E+0	2.842400E+0	6.786027E+1	3.171782E-3	-6.125702E-6	3.162478E-9	2.261415E-6	1.079222E-8	1.000000E+0	
1.148480E+5	2.895000E+2	6.438370E+0	2.842400E+0	6.786027E+1	3.171782E-3	-1.376025E-5	1.152777E-8	5.017858E-6	1.159929E-8	1.000000E+0	
1.148716E+5	2.895000E+2	7.924148E+0	2.842400E+0	6.786027E+1	3.171782E-3	-1.242648E-5	7.121976E-9	9.533762E-6	1.517003E-8	0.000000E+0	
1.149068E+5	2.895000E+2	9.905186E-2	2.392130E+0	6.786027E+1	3.171782E-3	-2.273275E-10	1.663158E-9	3.009694E-9	1.881026E-9	1.000000E+0	
1.149336E+5	2.895000E+2	2.971555E+0	2.392130E+0	6.786027E+1	3.171782E-3	-1.377598E-6	2.274907E-9	5.081303E-7	2.781910E-9	1.000000E+0	
1.149606E+5	2.895000E+2	4.952593E+0	2.392130E+0	6.786027E+1	3.171782E-3	-6.412980E-6	1.791973E-9	2.271501E-6	7.400403E-9	1.000000E+0	
1.149875E+5	2.895000E+2	6.438370E+0	2.392130E+0	6.786027E+1	3.171782E-3	-1.400656E-5	6.498162E-9	5.034252E-6	1.220114E-8	1.000000E+0	
1.150144E+5	2.895000E+2	7.924148E+0	2.392130E+0	6.786027E+1	3.171782E-3	-1.342698E-5	4.063438E-8	8.885709E-6	2.530699E-9	1.000000E+0	
1.150548E+5	2.895000E+2	9.905186E-2	2.013180E+0	6.786027E+1	3.171782E-3	-5.091866E-9	1.188567E-9	8.950340E-9	2.824383E-9	1.000000E+0	
1.150857E+5	2.895000E+2	2.971555E+0	2.013180E+0	6.786027E+1	3.171782E-3	-1.091898E-6	8.640865E-8	6.397412E-8	3.524728E-8	1.000000E+0	
1.151166E+5	2.895000E+2	4.952593E+0	2.013180E+0	6.786027E+1	3.171782E-3	-6.368597E-6	7.693214E-8	2.874228E-6	7.853586E-8	1.000000E+0	
1.151475E+5	2.895000E+2	6.438370E+0	2.013180E+0	6.786027E+1	3.171782E-3	-1.462362E-5	2.708088E-8	4.999659E-6	3.886324E-8	1.000000E+0	
1.151785E+5	2.895000E+2	7.924148E+0	2.013180E+0	6.786027E+1	3.171782E-3	-1.661696E-5	1.073949E-7	9.400201E-6	3.774115E-7	1.000000E+0	
1.152259E+5	2.895000E+2	9.905186E-2	1.694270E+0	6.786027E+1	3.171782E-3	-1.228841E-8	1.601116E-9	-5.310875E-8	6.838632E-9	1.000000E+0	
1.152615E+5	2.895000E+2	2.971555E+0	1.694270E+0	6.786027E+1	3.171782E-3	-1.468324E-6	1.484078E-8	4.181694E-7	8.721786E-9	1.000000E+0	
1.152971E+5	2.895000E+2	4.952593E+0	1.694270E+0	6.786027E+1	3.171782E-3	-6.509925E-6	6.686829E-10	2.053855E-6	1.442409E-9	1.000000E+0	
1.153327E+5	2.895000E+2	6.438370E+0	1.694270E+0	6.786027E+1	3.171782E-3	-1.415072E-5	2.818631E-8	4.054923E-6	7.449511E-8	1.000000E+0	
1.153682E+5	2.895000E+2	7.924148E+0	1.694270E+0	6.786027E+1	3.171782E-3	-1.717471E-5	1.887242E-7	9.003904E-6	2.406669E-8	0.000000E+0	
1.154228E+5	2.895000E+2	9.905186E-2	1.425880E+0	6.786027E+1	3.171782E-3	8.032744E-9	7.095333E-9	-9.592816E-9	3.457000E-9	1.000000E+0	
1.154640E+5	2.895000E+2	2.971555E+0	1.425880E+0	6.786027E+1	3.171782E-3	-1.496597E-6	3.072907E-9	4.393513E-7	1.214529E-9	1.000000E+0	
1.155052E+5	2.895000E+2	4.952593E+0	1.425880E+0	6.786027E+1	3.171782E-3	-6.995129E-6	8.874243E-9	2.058988E-6	2.152186E-9	1.000000E+0	
1.155464E+5	2.895000E+2	6.438370E+0	1.425880E+0	6.786027E+1	3.171782E-3	-1.523877E-5	5.333281E-9	4.605949E-6	5.644146E-9	1.000000E+0	
1.155876E+5	2.895000E+2	7.924148E+0	1.425880E+0	6.786027E+1	3.171782E-3	-1.427482E-5	4.167934E-8	8.136402E-6	3.159992E-9	0.000000E+0	
1.156492E+5	2.895000E+2	9.905186E-2	1.200000E+0	6.786027E+1	3.171782E-3	-8.297091E-8	2.159477E-9	-2.474328E-8	1.292381E-9	1.000000E+0	
1.156971E+5	2.895000E+2	2.971555E+0	1.200000E+0	6.786027E+1	3.171782E-3	-1.673995E-6	1.117669E-9	3.923043E-7	5.516936E-9	1.000000E+0	
1.157450E+5	2.895000E+2	4.952593E+0	1.200000E+0	6.786027E+1	3.171782E-3	-7.449908E-6	2.409118E-8	2.176366E-6	2.677225E-8	1.000000E+0	
1.157928E+5	2.895000E+2	6.438370E+0	1.200000E+0	6.786027E+1	3.171782E-3	-1.535658E-5	1.349873E-8	4.583214E-6	1.105760E-8	1.000000E+0	
1.158406E+5	2.895000E+2	7.924148E+0	1.200000E+0	6.786027E+1	3.171782E-3	-2.017453E-5	2.280913E-9	9.906359E-6	1.483737E-8	0.000000E+0	
--- > K and esd K (estimated based on user TCR) : -9.456537E+0	-2.953931E+0	

*** Temperature stable /K : 2.944700000E+2
--- > R0 : 6.807120E+1	6.807400E+1	6.809801E+1	6.806731E+1	6.806880E+1	6.808353E+1	6.807011E+1	6.807758E+1	6.807512E+1	6.806747E+1	6.807465E+1	6.807879E+1	
time /sec  	temp /K    	current /mA	freq /Hz   	R0 /Ohms   	esd R0     	V3X /V_rms 	esd V3X    	V3Y /V_rms 	esd V3Y    	Data_Valid?
1.161103E+5	2.944600E+2	9.905187E-2	8.000000E+0	6.807555E+1	8.600131E-3	-1.000970E-7	9.306031E-8	1.541653E-8	4.230606E-9	1.000000E+0	
1.161224E+5	2.944500E+2	2.971556E+0	8.000000E+0	6.807555E+1	8.600131E-3	-1.921463E-6	8.756983E-7	-8.297645E-6	9.739399E-7	1.000000E+0	
1.161345E+5	2.944500E+2	4.952594E+0	8.000000E+0	6.807555E+1	8.600131E-3	-1.026965E-6	1.228043E-7	1.054284E-7	2.580677E-7	1.000000E+0	
1.161467E+5	2.944600E+2	6.438372E+0	8.000000E+0	6.807555E+1	8.600131E-3	-5.444454E-6	3.622729E-8	6.215835E-6	3.281667E-7	1.000000E+0	
1.161588E+5	2.944600E+2	7.924150E+0	8.000000E+0	6.807555E+1	8.600131E-3	-7.832136E-6	1.176276E-7	1.553606E-5	1.054525E-6	0.000000E+0	
1.161754E+5	2.944700E+2	9.905187E-2	6.732700E+0	6.807555E+1	8.600131E-3	-4.606451E-9	3.362649E-9	-1.587669E-10	5.970362E-9	1.000000E+0	
1.161888E+5	2.944800E+2	2.971556E+0	6.732700E+0	6.807555E+1	8.600131E-3	-1.004416E-6	1.424364E-8	4.781556E-7	9.266518E-9	1.000000E+0	
1.162021E+5	2.944900E+2	4.952594E+0	6.732700E+0	6.807555E+1	8.600131E-3	-4.629281E-6	2.815183E-8	2.130447E-6	2.099041E-8	1.000000E+0	
1.162155E+5	2.944900E+2	6.438372E+0	6.732700E+0	6.807555E+1	8.600131E-3	-1.025487E-5	1.698864E-8	4.688166E-6	1.112030E-8	1.000000E+0	
1.162288E+5	2.945000E+2	7.924150E+0	6.732700E+0	6.807555E+1	8.600131E-3	-9.631211E-6	2.186905E-8	8.595734E-6	4.877026E-8	0.000000E+0	
1.162470E+5	2.945000E+2	9.905187E-2	5.666150E+0	6.807555E+1	8.600131E-3	1.064607E-8	1.541414E-9	-2.933631E-9	6.553605E-10	1.000000E+0	
1.162617E+5	2.945000E+2	2.971556E+0	5.666150E+0	6.807555E+1	8.600131E-3	-1.047844E-6	7.651560E-9	4.969543E-7	3.865819E-9	1.000000E+0	
1.162764E+5	2.945100E+2	4.952594E+0	5.666150E+0	6.807555E+1	8.600131E-3	-4.929273E-6	9.767781E-9	2.253440E-6	8.283734E-9	1.000000E+0	
1.162911E+5	2.945100E+2	6.438372E+0	5.666150E+0	6.807555E+1	8.600131E-3	-1.067768E-5	4.014301E-8	4.731029E-6	2.334819E-8	1.000000E+0	
1.163059E+5	2.945100E+2	7.924150E+0	5.666150E+0	6.807555E+1	8.600131E-3	-1.127842E-5	2.513300E-8	8.982981E-6	2.503255E-8	0.000000E+0	
1.163259E+5	2.945100E+2	9.905187E-2	4.768560E+0	6.807555E+1	8.600131E-3	3.637055E-9	3.734304E-9	-1.573981E-8	4.913474E-9	1.000000E+0	
1.163423E+5	2.945100E+2	2.971556E+0	4.768560E+0	6.807555E+1	8.600131E-3	-1.057045E-6	1.084844E-8	4.522550E-7	1.737071E-8	1.000000E+0	
1.163588E+5	2.945100E+2	4.952594E+0	4.768560E+0	6.807555E+1	8.600131E-3	-4.889326E-6	1.772206E-8	2.037482E-6	9.125966E-9	1.000000E+0	
1.163752E+5	2.945000E+2	6.438372E+0	4.768560E+0	6.807555E+1	8.600131E-3	-1.103647E-5	1.217437E-8	4.640042E-6	1.598665E-8	1.000000E+0	
1.163916E+5	2.945000E+2	7.924150E+0	4.768560E+0	6.807555E+1	8.600131E-3	-1.174517E-5	3.769524E-8	8.556336E-6	8.319454E-8	0.000000E+0	
1.164160E+5	2.945000E+2	9.905187E-2	4.013160E+0	6.807555E+1	8.600131E-3	1.137300E-7	5.541588E-9	1.841818E-8	3.773645E-8	1.000000E+0	
1.164344E+5	2.945000E+2	2.971556E+0	4.013160E+0	6.807555E+1	8.600131E-3	-1.631279E-6	6.945143E-7	-1.444821E-6	2.245579E-7	1.000000E+0	
1.164528E+5	2.945000E+2	4.952594E+0	4.013160E+0	6.807555E+1	8.600131E-3	-7.902207E-6	3.851824E-7	3.248432E-6	7.133531E-7	1.000000E+0	
1.164712E+5	2.945000E+2	6.438372E+0	4.013160E+0	6.807555E+1	8.600131E-3	-1.088679E-5	1.119368E-6	8.890693E-6	2.873302E-7	1.000000E+0	
1.164896E+5	2.945000E+2	7.924150E+0	4.013160E+0	6.807555E+1	8.600131E-3	-8.492514E-6	3.433145E-7	1.120588E-5	1.034735E-6	0.000000E+0	
1.165173E+5	2.945000E+2	9.905187E-2	3.377430E+0	6.807555E+1	8.600131E-3	1.652610E-8	2.538615E-9	5.889440E-9	5.509856E-10	1.000000E+0	
1.165381E+5	2.945000E+2	2.971556E+0	3.377430E+0	6.807555E+1	8.600131E-3	-1.075700E-6	6.623379E-9	1.518208E-7	2.548063E-8	1.000000E+0	
1.165589E+5	2.945000E+2	4.952594E+0	3.377430E+0	6.807555E+1	8.600131E-3	-5.417253E-6	6.854551E-9	1.953555E-6	2.024562E-9	1.000000E+0	
1.165796E+5	2.945000E+2	6.438372E+0	3.377430E+0	6.807555E+1	8.600131E-3	-1.285936E-5	5.654686E-8	4.974541E-6	1.915686E-7	1.000000E+0	
1.166004E+5	2.945000E+2	7.924150E+0	3.377430E+0	6.807555E+1	8.600131E-3	-1.385901E-5	2.442706E-7	1.017375E-5	1.742089E-7	0.000000E+0	
1.166309E+5	2.945000E+2	9.905187E-2	2.842400E+0	6.807555E+1	8.600131E-3	3.245802E-8	1.552681E-9	1.692753E-8	9.629284E-9	1.000000E+0	
1.166545E+5	2.945000E+2	2.971556E+0	2.842400E+0	6.807555E+1	8.600131E-3	-1.141831E-6	1.070723E-8	3.737129E-7	4.065864E-8	1.000000E+0	
1.166781E+5	2.945000E+2	4.952594E+0	2.842400E+0	6.807555E+1	8.600131E-3	-6.061822E-6	2.712567E-8	2.439164E-6	1.415230E-7	1.000000E+0	
1.167017E+5	2.945000E+2	6.438372E+0	2.842400E+0	6.807555E+1	8.600131E-3	-1.304525E-5	4.926385E-8	5.596935E-6	8.007162E-8	1.000000E+0	
1.167252E+5	2.945000E+2	7.924150E+0	2.842400E+0	6.807555E+1	8.600131E-3	-1.658773E-5	3.700255E-8	9.358578E-6	2.216766E-7	0.000000E+0	
1.167604E+5	2.945000E+2	9.905187E-2	2.392130E+0	6.807555E+1	8.600131E-3	-5.747374E-9	5.231160E-9	-2.779235E-8	9.065213E-9	1.000000E+0	
1.167874E+5	2.945000E+2	2.971556E+0	2.392130E+0	6.807555E+1	8.600131E-3	-1.280277E-6	8.204930E-9	4.273166E-7	9.750928E-9	1.000000E+0	
1.168143E+5	2.945000E+2	4.952594E+0	2.392130E+0	6.807555E+1	8.600131E-3	-6.268731E-6	7.586085E-8	2.539594E-6	2.785047E-8	1.000000E+0	
1.168412E+5	2.945000E+2	6.438372E+0	2.392130E+0	6.807555E+1	8.600131E-3	-1.394985E-5	7.105714E-8	5.274914E-6	5.652837E-8	1.000000E+0	
1.168681E+5	2.945000E+2	7.924150E+0	2.392130E+0	6.807555E+1	8.600131E-3	-1.616911E-5	5.983605E-8	9.336960E-6	1.716616E-7	1.000000E+0	
1.169116E+5	2.945000E+2	9.905187E-2	2.013180E+0	6.807555E+1	8.600131E-3	-2.209106E-8	3.890960E-10	1.556330E-8	1.739302E-10	1.000000E+0	
1.169425E+5	2.945000E+2	2.971556E+0	2.013180E+0	6.807555E+1	8.600131E-3	-2.454946E-6	2.167966E-8	4.000618E-7	1.119880E-7	1.000000E+0	
1.169734E+5	2.945000E+2	4.952594E+0	2.013180E+0	6.807555E+1	8.600131E-3	-8.376473E-6	8.252834E-8	1.820134E-6	8.839286E-8	1.000000E+0	
1.170043E+5	2.945000E+2	6.438372E+0	2.013180E+0	6.807555E+1	8.600131E-3	-1.640271E-5	3.051233E-8	4.508919E-6	4.831742E-8	1.000000E+0	
1.170352E+5	2.945000E+2	7.924150E+0	2.013180E+0	6.807555E+1	8.600131E-3	-1.553552E-5	5.863177E-8	1.076341E-5	2.792002E-7	1.000000E+0	
1.170821E+5	2.945000E+2	9.905187E-2	1.694270E+0	6.807555E+1	8.600131E-3	5.280665E-10	3.420991E-9	-1.487271E-8	8.633747E-10	1.000000E+0	
1.171177E+5	2.945000E+2	2.971556E+0	1.694270E+0	6.807555E+1	8.600131E-3	-1.648953E-6	2.783054E-9	6.991052E-7	3.435235E-9	1.000000E+0	
1.171533E+5	2.945000E+2	4.952594E+0	1.694270E+0	6.807555E+1	8.600131E-3	-8.157693E-6	1.093496E-7	2.775732E-6	3.765425E-8	1.000000E+0	
1.171889E+5	2.945000E+2	6.438372E+0	1.694270E+0	6.807555E+1	8.600131E-3	-1.749747E-5	6.334641E-8	5.595979E-6	3.357103E-8	1.000000E+0	
1.172245E+5	2.945000E+2	7.924150E+0	1.694270E+0	6.807555E+1	8.600131E-3	-2.344542E-5	4.566862E-8	1.210096E-5	1.022695E-8	0.000000E+0	
1.172794E+5	2.945000E+2	9.905187E-2	1.425880E+0	6.807555E+1	8.600131E-3	2.003675E-8	3.614342E-9	4.618254E-9	8.836512E-10	1.000000E+0	
1.173206E+5	2.945000E+2	2.971556E+0	1.425880E+0	6.807555E+1	8.600131E-3	-1.600299E-6	1.211479E-8	5.395167E-7	3.614685E-9	1.000000E+0	
1.173618E+5	2.945000E+2	4.952594E+0	1.425880E+0	6.807555E+1	8.600131E-3	-7.342691E-6	3.203058E-8	2.468967E-6	1.219982E-8	1.000000E+0	
1.174030E+5	2.945000E+2	6.438372E+0	1.425880E+0	6.807555E+1	8.600131E-3	-1.649670E-5	7.394378E-9	5.570188E-6	4.256266E-9	1.000000E+0	
1.174442E+5	2.945000E+2	7.924150E+0	1.425880E+0	6.807555E+1	8.600131E-3	-1.785542E-5	9.501212E-9	9.308008E-6	5.275720E-8	0.000000E+0	
1.175060E+5	2.945000E+2	9.905187E-2	1.200000E+0	6.807555E+1	8.600131E-3	5.322895E-9	1.483397E-9	-6.945581E-9	1.321836E-9	1.000000E+0	
1.175539E+5	2.945000E+2	2.971556E+0	1.200000E+0	6.807555E+1	8.600131E-3	-1.485584E-6	9.737063E-9	3.762295E-7	5.089730E-10	1.000000E+0	
1.176017E+5	2.945000E+2	4.952594E+0	1.200000E+0	6.807555E+1	8.600131E-3	-7.431966E-6	1.096079E-8	2.342271E-6	7.999181E-9	1.000000E+0	
1.176496E+5	2.945000E+2	6.438372E+0	1.200000E+0	6.807555E+1	8.600131E-3	-1.713097E-5	1.617457E-8	5.155887E-6	9.181383E-10	1.000000E+0	
1.176974E+5	2.945000E+2	7.924150E+0	1.200000E+0	6.807555E+1	8.600131E-3	-1.916376E-5	1.379272E-8	9.598461E-6	3.010956E-8	0.000000E+0	
--- > K and esd K (estimated based on user TCR) : -6.085717E+0	-1.455313E+0	

*** Temperature stable /K : 2.999600000E+2
--- > R0 : 6.850751E+1	6.850821E+1	6.851785E+1	6.851350E+1	6.850549E+1	6.851475E+1	6.852885E+1	6.850588E+1	6.851897E+1	6.851678E+1	6.850305E+1	6.851388E+1	
time /sec  	temp /K    	current /mA	freq /Hz   	R0 /Ohms   	esd R0     	V3X /V_rms 	esd V3X    	V3Y /V_rms 	esd V3Y    	Data_Valid?
1.179709E+5	2.999500E+2	9.905176E-2	8.000000E+0	6.851289E+1	7.310920E-3	-1.403456E-7	1.476674E-8	-4.753841E-10	3.621522E-9	1.000000E+0	
1.179830E+5	2.999500E+2	2.971553E+0	8.000000E+0	6.851289E+1	7.310920E-3	8.353470E-7	1.548095E-6	1.465083E-6	3.436071E-7	1.000000E+0	
1.179952E+5	2.999500E+2	4.952588E+0	8.000000E+0	6.851289E+1	7.310920E-3	1.100898E-6	3.843701E-7	5.587907E-6	1.232361E-7	1.000000E+0	
1.180073E+5	2.999500E+2	6.438365E+0	8.000000E+0	6.851289E+1	7.310920E-3	-1.420709E-5	3.644153E-6	2.673337E-6	2.590780E-6	1.000000E+0	
1.180194E+5	2.999600E+2	7.924141E+0	8.000000E+0	6.851289E+1	7.310920E-3	-3.560353E-6	1.003755E-6	1.878131E-5	1.399138E-6	0.000000E+0	
1.180363E+5	2.999700E+2	9.905176E-2	6.732700E+0	6.851289E+1	7.310920E-3	-6.811915E-9	4.400662E-9	7.401495E-9	2.174284E-9	1.000000E+0	
1.180496E+5	2.999800E+2	2.971553E+0	6.732700E+0	6.851289E+1	7.310920E-3	-1.071078E-6	2.119265E-8	4.999726E-7	1.242321E-8	1.000000E+0	
1.180630E+5	2.999900E+2	4.952588E+0	6.732700E+0	6.851289E+1	7.310920E-3	-5.177171E-6	2.363756E-8	2.352179E-6	6.922259E-8	1.000000E+0	
1.180763E+5	2.999900E+2	6.438365E+0	6.732700E+0	6.851289E+1	7.310920E-3	-1.159417E-5	9.424409E-8	5.678934E-6	2.047508E-7	1.000000E+0	
1.180897E+5	3.000000E+2	7.924141E+0	6.732700E+0	6.851289E+1	7.310920E-3	-1.290864E-5	1.047170E-7	1.041865E-5	1.216649E-7	0.000000E+0	
1.181099E+5	3.000000E+2	9.905176E-2	5.666150E+0	6.851289E+1	7.310920E-3	-4.283212E-9	3.884794E-9	6.814959E-9	3.032234E-9	1.000000E+0	
1.181247E+5	3.000100E+2	2.971553E+0	5.666150E+0	6.851289E+1	7.310920E-3	-1.142913E-6	4.648848E-8	4.832998E-7	1.695800E-8	1.000000E+0	
1.181394E+5	3.000100E+2	4.952588E+0	5.666150E+0	6.851289E+1	7.310920E-3	-5.530586E-6	1.018475E-7	2.370474E-6	7.266074E-8	1.000000E+0	
1.181541E+5	3.000100E+2	6.438365E+0	5.666150E+0	6.851289E+1	7.310920E-3	-1.121325E-5	1.210619E-7	4.748456E-6	1.838932E-8	1.000000E+0	
1.181689E+5	3.000100E+2	7.924141E+0	5.666150E+0	6.851289E+1	7.310920E-3	-1.039981E-5	8.168097E-8	9.184536E-6	3.539768E-8	0.000000E+0	
1.181902E+5	3.000100E+2	9.905176E-2	4.768560E+0	6.851289E+1	7.310920E-3	7.740915E-9	5.894388E-9	4.964507E-9	2.923568E-9	1.000000E+0	
1.182066E+5	3.000000E+2	2.971553E+0	4.768560E+0	6.851289E+1	7.310920E-3	-1.062500E-6	1.030517E-8	4.574838E-7	7.340765E-9	1.000000E+0	
1.182231E+5	3.000000E+2	4.952588E+0	4.768560E+0	6.851289E+1	7.310920E-3	-4.554619E-6	7.596797E-8	1.799844E-6	4.437135E-8	1.000000E+0	
1.182395E+5	3.000000E+2	6.933623E+0	4.768560E+0	6.851289E+1	7.310920E-3	-1.349764E-5	3.482557E-8	5.208411E-6	1.316942E-8	1.000000E+0	
1.182637E+5	3.000000E+2	9.905176E-2	4.013160E+0	6.851289E+1	7.310920E-3	-8.238154E-9	1.134620E-8	2.973998E-8	1.848918E-9	1.000000E+0	
1.182821E+5	3.000000E+2	2.971553E+0	4.013160E+0	6.851289E+1	7.310920E-3	-5.029689E-7	1.538242E-7	6.295300E-7	2.292113E-7	1.000000E+0	
